sample_id,predicate_name,human_value,human_evidence_text,reviewer,reviewed_at,notes
HR-001,policy_stance_eases,,,,,
HR-001,policy_stance_tightens,,,,,
HR-001,liquidity_supply_increases,,,,,
HR-001,liquidity_supply_decreases,,,,,
HR-001,funding_conditions_tighten,,,,,
HR-001,funding_conditions_ease,,,,,
HR-001,growth_outlook_strengthens,,,,,
HR-001,growth_outlook_weakens,,,,,
HR-001,inflation_pressure_rises,,,,,
HR-001,inflation_pressure_falls,,,,,
HR-001,government_bond_supply_rises,,,,,
HR-001,government_bond_supply_falls,,,,,
HR-001,risk_aversion_rises,,,,,
HR-001,risk_aversion_falls,,,,,
HR-002,policy_stance_eases,,,,,
HR-002,policy_stance_tightens,,,,,
HR-002,liquidity_supply_increases,,,,,
HR-002,liquidity_supply_decreases,,,,,
HR-002,funding_conditions_tighten,,,,,
HR-002,funding_conditions_ease,,,,,
HR-002,growth_outlook_strengthens,,,,,
HR-002,growth_outlook_weakens,,,,,
HR-002,inflation_pressure_rises,,,,,
HR-002,inflation_pressure_falls,,,,,
HR-002,government_bond_supply_rises,,,,,
HR-002,government_bond_supply_falls,,,,,
HR-002,risk_aversion_rises,,,,,
HR-002,risk_aversion_falls,,,,,
HR-003,policy_stance_eases,,,,,
HR-003,policy_stance_tightens,,,,,
HR-003,liquidity_supply_increases,,,,,
HR-003,liquidity_supply_decreases,,,,,
HR-003,funding_conditions_tighten,,,,,
HR-003,funding_conditions_ease,,,,,
HR-003,growth_outlook_strengthens,,,,,
HR-003,growth_outlook_weakens,,,,,
HR-003,inflation_pressure_rises,,,,,
HR-003,inflation_pressure_falls,,,,,
HR-003,government_bond_supply_rises,,,,,
HR-003,government_bond_supply_falls,,,,,
HR-003,risk_aversion_rises,,,,,
HR-003,risk_aversion_falls,,,,,
HR-004,policy_stance_eases,,,,,
HR-004,policy_stance_tightens,,,,,
HR-004,liquidity_supply_increases,,,,,
HR-004,liquidity_supply_decreases,,,,,
HR-004,funding_conditions_tighten,,,,,
HR-004,funding_conditions_ease,,,,,
HR-004,growth_outlook_strengthens,,,,,
HR-004,growth_outlook_weakens,,,,,
HR-004,inflation_pressure_rises,,,,,
HR-004,inflation_pressure_falls,,,,,
HR-004,government_bond_supply_rises,,,,,
HR-004,government_bond_supply_falls,,,,,
HR-004,risk_aversion_rises,,,,,
HR-004,risk_aversion_falls,,,,,
HR-005,policy_stance_eases,,,,,
HR-005,policy_stance_tightens,,,,,
HR-005,liquidity_supply_increases,,,,,
HR-005,liquidity_supply_decreases,,,,,
HR-005,funding_conditions_tighten,,,,,
HR-005,funding_conditions_ease,,,,,
HR-005,growth_outlook_strengthens,,,,,
HR-005,growth_outlook_weakens,,,,,
HR-005,inflation_pressure_rises,,,,,
HR-005,inflation_pressure_falls,,,,,
HR-005,government_bond_supply_rises,,,,,
HR-005,government_bond_supply_falls,,,,,
HR-005,risk_aversion_rises,,,,,
HR-005,risk_aversion_falls,,,,,
HR-006,policy_stance_eases,,,,,
HR-006,policy_stance_tightens,,,,,
HR-006,liquidity_supply_increases,,,,,
HR-006,liquidity_supply_decreases,,,,,
HR-006,funding_conditions_tighten,,,,,
HR-006,funding_conditions_ease,,,,,
HR-006,growth_outlook_strengthens,,,,,
HR-006,growth_outlook_weakens,,,,,
HR-006,inflation_pressure_rises,,,,,
HR-006,inflation_pressure_falls,,,,,
HR-006,government_bond_supply_rises,,,,,
HR-006,government_bond_supply_falls,,,,,
HR-006,risk_aversion_rises,,,,,
HR-006,risk_aversion_falls,,,,,
HR-007,policy_stance_eases,,,,,
HR-007,policy_stance_tightens,,,,,
HR-007,liquidity_supply_increases,,,,,
HR-007,liquidity_supply_decreases,,,,,
HR-007,funding_conditions_tighten,,,,,
HR-007,funding_conditions_ease,,,,,
HR-007,growth_outlook_strengthens,,,,,
HR-007,growth_outlook_weakens,,,,,
HR-007,inflation_pressure_rises,,,,,
HR-007,inflation_pressure_falls,,,,,
HR-007,government_bond_supply_rises,,,,,
HR-007,government_bond_supply_falls,,,,,
HR-007,risk_aversion_rises,,,,,
HR-007,risk_aversion_falls,,,,,
HR-008,policy_stance_eases,,,,,
HR-008,policy_stance_tightens,,,,,
HR-008,liquidity_supply_increases,,,,,
HR-008,liquidity_supply_decreases,,,,,
HR-008,funding_conditions_tighten,,,,,
HR-008,funding_conditions_ease,,,,,
HR-008,growth_outlook_strengthens,,,,,
HR-008,growth_outlook_weakens,,,,,
HR-008,inflation_pressure_rises,,,,,
HR-008,inflation_pressure_falls,,,,,
HR-008,government_bond_supply_rises,,,,,
HR-008,government_bond_supply_falls,,,,,
HR-008,risk_aversion_rises,,,,,
HR-008,risk_aversion_falls,,,,,
HR-009,policy_stance_eases,,,,,
HR-009,policy_stance_tightens,,,,,
HR-009,liquidity_supply_increases,,,,,
HR-009,liquidity_supply_decreases,,,,,
HR-009,funding_conditions_tighten,,,,,
HR-009,funding_conditions_ease,,,,,
HR-009,growth_outlook_strengthens,,,,,
HR-009,growth_outlook_weakens,,,,,
HR-009,inflation_pressure_rises,,,,,
HR-009,inflation_pressure_falls,,,,,
HR-009,government_bond_supply_rises,,,,,
HR-009,government_bond_supply_falls,,,,,
HR-009,risk_aversion_rises,,,,,
HR-009,risk_aversion_falls,,,,,
HR-010,policy_stance_eases,,,,,
HR-010,policy_stance_tightens,,,,,
HR-010,liquidity_supply_increases,,,,,
HR-010,liquidity_supply_decreases,,,,,
HR-010,funding_conditions_tighten,,,,,
HR-010,funding_conditions_ease,,,,,
HR-010,growth_outlook_strengthens,,,,,
HR-010,growth_outlook_weakens,,,,,
HR-010,inflation_pressure_rises,,,,,
HR-010,inflation_pressure_falls,,,,,
HR-010,government_bond_supply_rises,,,,,
HR-010,government_bond_supply_falls,,,,,
HR-010,risk_aversion_rises,,,,,
HR-010,risk_aversion_falls,,,,,
HR-011,policy_stance_eases,,,,,
HR-011,policy_stance_tightens,,,,,
HR-011,liquidity_supply_increases,,,,,
HR-011,liquidity_supply_decreases,,,,,
HR-011,funding_conditions_tighten,,,,,
HR-011,funding_conditions_ease,,,,,
HR-011,growth_outlook_strengthens,,,,,
HR-011,growth_outlook_weakens,,,,,
HR-011,inflation_pressure_rises,,,,,
HR-011,inflation_pressure_falls,,,,,
HR-011,government_bond_supply_rises,,,,,
HR-011,government_bond_supply_falls,,,,,
HR-011,risk_aversion_rises,,,,,
HR-011,risk_aversion_falls,,,,,
HR-012,policy_stance_eases,,,,,
HR-012,policy_stance_tightens,,,,,
HR-012,liquidity_supply_increases,,,,,
HR-012,liquidity_supply_decreases,,,,,
HR-012,funding_conditions_tighten,,,,,
HR-012,funding_conditions_ease,,,,,
HR-012,growth_outlook_strengthens,,,,,
HR-012,growth_outlook_weakens,,,,,
HR-012,inflation_pressure_rises,,,,,
HR-012,inflation_pressure_falls,,,,,
HR-012,government_bond_supply_rises,,,,,
HR-012,government_bond_supply_falls,,,,,
HR-012,risk_aversion_rises,,,,,
HR-012,risk_aversion_falls,,,,,
HR-013,policy_stance_eases,,,,,
HR-013,policy_stance_tightens,,,,,
HR-013,liquidity_supply_increases,,,,,
HR-013,liquidity_supply_decreases,,,,,
HR-013,funding_conditions_tighten,,,,,
HR-013,funding_conditions_ease,,,,,
HR-013,growth_outlook_strengthens,,,,,
HR-013,growth_outlook_weakens,,,,,
HR-013,inflation_pressure_rises,,,,,
HR-013,inflation_pressure_falls,,,,,
HR-013,government_bond_supply_rises,,,,,
HR-013,government_bond_supply_falls,,,,,
HR-013,risk_aversion_rises,,,,,
HR-013,risk_aversion_falls,,,,,
HR-014,policy_stance_eases,,,,,
HR-014,policy_stance_tightens,,,,,
HR-014,liquidity_supply_increases,,,,,
HR-014,liquidity_supply_decreases,,,,,
HR-014,funding_conditions_tighten,,,,,
HR-014,funding_conditions_ease,,,,,
HR-014,growth_outlook_strengthens,,,,,
HR-014,growth_outlook_weakens,,,,,
HR-014,inflation_pressure_rises,,,,,
HR-014,inflation_pressure_falls,,,,,
HR-014,government_bond_supply_rises,,,,,
HR-014,government_bond_supply_falls,,,,,
HR-014,risk_aversion_rises,,,,,
HR-014,risk_aversion_falls,,,,,
HR-015,policy_stance_eases,,,,,
HR-015,policy_stance_tightens,,,,,
HR-015,liquidity_supply_increases,,,,,
HR-015,liquidity_supply_decreases,,,,,
HR-015,funding_conditions_tighten,,,,,
HR-015,funding_conditions_ease,,,,,
HR-015,growth_outlook_strengthens,,,,,
HR-015,growth_outlook_weakens,,,,,
HR-015,inflation_pressure_rises,,,,,
HR-015,inflation_pressure_falls,,,,,
HR-015,government_bond_supply_rises,,,,,
HR-015,government_bond_supply_falls,,,,,
HR-015,risk_aversion_rises,,,,,
HR-015,risk_aversion_falls,,,,,
HR-016,policy_stance_eases,,,,,
HR-016,policy_stance_tightens,,,,,
HR-016,liquidity_supply_increases,,,,,
HR-016,liquidity_supply_decreases,,,,,
HR-016,funding_conditions_tighten,,,,,
HR-016,funding_conditions_ease,,,,,
HR-016,growth_outlook_strengthens,,,,,
HR-016,growth_outlook_weakens,,,,,
HR-016,inflation_pressure_rises,,,,,
HR-016,inflation_pressure_falls,,,,,
HR-016,government_bond_supply_rises,,,,,
HR-016,government_bond_supply_falls,,,,,
HR-016,risk_aversion_rises,,,,,
HR-016,risk_aversion_falls,,,,,
HR-017,policy_stance_eases,,,,,
HR-017,policy_stance_tightens,,,,,
HR-017,liquidity_supply_increases,,,,,
HR-017,liquidity_supply_decreases,,,,,
HR-017,funding_conditions_tighten,,,,,
HR-017,funding_conditions_ease,,,,,
HR-017,growth_outlook_strengthens,,,,,
HR-017,growth_outlook_weakens,,,,,
HR-017,inflation_pressure_rises,,,,,
HR-017,inflation_pressure_falls,,,,,
HR-017,government_bond_supply_rises,,,,,
HR-017,government_bond_supply_falls,,,,,
HR-017,risk_aversion_rises,,,,,
HR-017,risk_aversion_falls,,,,,
HR-018,policy_stance_eases,,,,,
HR-018,policy_stance_tightens,,,,,
HR-018,liquidity_supply_increases,,,,,
HR-018,liquidity_supply_decreases,,,,,
HR-018,funding_conditions_tighten,,,,,
HR-018,funding_conditions_ease,,,,,
HR-018,growth_outlook_strengthens,,,,,
HR-018,growth_outlook_weakens,,,,,
HR-018,inflation_pressure_rises,,,,,
HR-018,inflation_pressure_falls,,,,,
HR-018,government_bond_supply_rises,,,,,
HR-018,government_bond_supply_falls,,,,,
HR-018,risk_aversion_rises,,,,,
HR-018,risk_aversion_falls,,,,,
HR-019,policy_stance_eases,,,,,
HR-019,policy_stance_tightens,,,,,
HR-019,liquidity_supply_increases,,,,,
HR-019,liquidity_supply_decreases,,,,,
HR-019,funding_conditions_tighten,,,,,
HR-019,funding_conditions_ease,,,,,
HR-019,growth_outlook_strengthens,,,,,
HR-019,growth_outlook_weakens,,,,,
HR-019,inflation_pressure_rises,,,,,
HR-019,inflation_pressure_falls,,,,,
HR-019,government_bond_supply_rises,,,,,
HR-019,government_bond_supply_falls,,,,,
HR-019,risk_aversion_rises,,,,,
HR-019,risk_aversion_falls,,,,,
HR-020,policy_stance_eases,,,,,
HR-020,policy_stance_tightens,,,,,
HR-020,liquidity_supply_increases,,,,,
HR-020,liquidity_supply_decreases,,,,,
HR-020,funding_conditions_tighten,,,,,
HR-020,funding_conditions_ease,,,,,
HR-020,growth_outlook_strengthens,,,,,
HR-020,growth_outlook_weakens,,,,,
HR-020,inflation_pressure_rises,,,,,
HR-020,inflation_pressure_falls,,,,,
HR-020,government_bond_supply_rises,,,,,
HR-020,government_bond_supply_falls,,,,,
HR-020,risk_aversion_rises,,,,,
HR-020,risk_aversion_falls,,,,,
HR-021,policy_stance_eases,,,,,
HR-021,policy_stance_tightens,,,,,
HR-021,liquidity_supply_increases,,,,,
HR-021,liquidity_supply_decreases,,,,,
HR-021,funding_conditions_tighten,,,,,
HR-021,funding_conditions_ease,,,,,
HR-021,growth_outlook_strengthens,,,,,
HR-021,growth_outlook_weakens,,,,,
HR-021,inflation_pressure_rises,,,,,
HR-021,inflation_pressure_falls,,,,,
HR-021,government_bond_supply_rises,,,,,
HR-021,government_bond_supply_falls,,,,,
HR-021,risk_aversion_rises,,,,,
HR-021,risk_aversion_falls,,,,,
HR-022,policy_stance_eases,,,,,
HR-022,policy_stance_tightens,,,,,
HR-022,liquidity_supply_increases,,,,,
HR-022,liquidity_supply_decreases,,,,,
HR-022,funding_conditions_tighten,,,,,
HR-022,funding_conditions_ease,,,,,
HR-022,growth_outlook_strengthens,,,,,
HR-022,growth_outlook_weakens,,,,,
HR-022,inflation_pressure_rises,,,,,
HR-022,inflation_pressure_falls,,,,,
HR-022,government_bond_supply_rises,,,,,
HR-022,government_bond_supply_falls,,,,,
HR-022,risk_aversion_rises,,,,,
HR-022,risk_aversion_falls,,,,,
HR-023,policy_stance_eases,,,,,
HR-023,policy_stance_tightens,,,,,
HR-023,liquidity_supply_increases,,,,,
HR-023,liquidity_supply_decreases,,,,,
HR-023,funding_conditions_tighten,,,,,
HR-023,funding_conditions_ease,,,,,
HR-023,growth_outlook_strengthens,,,,,
HR-023,growth_outlook_weakens,,,,,
HR-023,inflation_pressure_rises,,,,,
HR-023,inflation_pressure_falls,,,,,
HR-023,government_bond_supply_rises,,,,,
HR-023,government_bond_supply_falls,,,,,
HR-023,risk_aversion_rises,,,,,
HR-023,risk_aversion_falls,,,,,
HR-024,policy_stance_eases,,,,,
HR-024,policy_stance_tightens,,,,,
HR-024,liquidity_supply_increases,,,,,
HR-024,liquidity_supply_decreases,,,,,
HR-024,funding_conditions_tighten,,,,,
HR-024,funding_conditions_ease,,,,,
HR-024,growth_outlook_strengthens,,,,,
HR-024,growth_outlook_weakens,,,,,
HR-024,inflation_pressure_rises,,,,,
HR-024,inflation_pressure_falls,,,,,
HR-024,government_bond_supply_rises,,,,,
HR-024,government_bond_supply_falls,,,,,
HR-024,risk_aversion_rises,,,,,
HR-024,risk_aversion_falls,,,,,
HR-025,policy_stance_eases,,,,,
HR-025,policy_stance_tightens,,,,,
HR-025,liquidity_supply_increases,,,,,
HR-025,liquidity_supply_decreases,,,,,
HR-025,funding_conditions_tighten,,,,,
HR-025,funding_conditions_ease,,,,,
HR-025,growth_outlook_strengthens,,,,,
HR-025,growth_outlook_weakens,,,,,
HR-025,inflation_pressure_rises,,,,,
HR-025,inflation_pressure_falls,,,,,
HR-025,government_bond_supply_rises,,,,,
HR-025,government_bond_supply_falls,,,,,
HR-025,risk_aversion_rises,,,,,
HR-025,risk_aversion_falls,,,,,
HR-026,policy_stance_eases,,,,,
HR-026,policy_stance_tightens,,,,,
HR-026,liquidity_supply_increases,,,,,
HR-026,liquidity_supply_decreases,,,,,
HR-026,funding_conditions_tighten,,,,,
HR-026,funding_conditions_ease,,,,,
HR-026,growth_outlook_strengthens,,,,,
HR-026,growth_outlook_weakens,,,,,
HR-026,inflation_pressure_rises,,,,,
HR-026,inflation_pressure_falls,,,,,
HR-026,government_bond_supply_rises,,,,,
HR-026,government_bond_supply_falls,,,,,
HR-026,risk_aversion_rises,,,,,
HR-026,risk_aversion_falls,,,,,
HR-027,policy_stance_eases,,,,,
HR-027,policy_stance_tightens,,,,,
HR-027,liquidity_supply_increases,,,,,
HR-027,liquidity_supply_decreases,,,,,
HR-027,funding_conditions_tighten,,,,,
HR-027,funding_conditions_ease,,,,,
HR-027,growth_outlook_strengthens,,,,,
HR-027,growth_outlook_weakens,,,,,
HR-027,inflation_pressure_rises,,,,,
HR-027,inflation_pressure_falls,,,,,
HR-027,government_bond_supply_rises,,,,,
HR-027,government_bond_supply_falls,,,,,
HR-027,risk_aversion_rises,,,,,
HR-027,risk_aversion_falls,,,,,
HR-028,policy_stance_eases,,,,,
HR-028,policy_stance_tightens,,,,,
HR-028,liquidity_supply_increases,,,,,
HR-028,liquidity_supply_decreases,,,,,
HR-028,funding_conditions_tighten,,,,,
HR-028,funding_conditions_ease,,,,,
HR-028,growth_outlook_strengthens,,,,,
HR-028,growth_outlook_weakens,,,,,
HR-028,inflation_pressure_rises,,,,,
HR-028,inflation_pressure_falls,,,,,
HR-028,government_bond_supply_rises,,,,,
HR-028,government_bond_supply_falls,,,,,
HR-028,risk_aversion_rises,,,,,
HR-028,risk_aversion_falls,,,,,
HR-029,policy_stance_eases,,,,,
HR-029,policy_stance_tightens,,,,,
HR-029,liquidity_supply_increases,,,,,
HR-029,liquidity_supply_decreases,,,,,
HR-029,funding_conditions_tighten,,,,,
HR-029,funding_conditions_ease,,,,,
HR-029,growth_outlook_strengthens,,,,,
HR-029,growth_outlook_weakens,,,,,
HR-029,inflation_pressure_rises,,,,,
HR-029,inflation_pressure_falls,,,,,
HR-029,government_bond_supply_rises,,,,,
HR-029,government_bond_supply_falls,,,,,
HR-029,risk_aversion_rises,,,,,
HR-029,risk_aversion_falls,,,,,
HR-030,policy_stance_eases,,,,,
HR-030,policy_stance_tightens,,,,,
HR-030,liquidity_supply_increases,,,,,
HR-030,liquidity_supply_decreases,,,,,
HR-030,funding_conditions_tighten,,,,,
HR-030,funding_conditions_ease,,,,,
HR-030,growth_outlook_strengthens,,,,,
HR-030,growth_outlook_weakens,,,,,
HR-030,inflation_pressure_rises,,,,,
HR-030,inflation_pressure_falls,,,,,
HR-030,government_bond_supply_rises,,,,,
HR-030,government_bond_supply_falls,,,,,
HR-030,risk_aversion_rises,,,,,
HR-030,risk_aversion_falls,,,,,
HR-031,policy_stance_eases,,,,,
HR-031,policy_stance_tightens,,,,,
HR-031,liquidity_supply_increases,,,,,
HR-031,liquidity_supply_decreases,,,,,
HR-031,funding_conditions_tighten,,,,,
HR-031,funding_conditions_ease,,,,,
HR-031,growth_outlook_strengthens,,,,,
HR-031,growth_outlook_weakens,,,,,
HR-031,inflation_pressure_rises,,,,,
HR-031,inflation_pressure_falls,,,,,
HR-031,government_bond_supply_rises,,,,,
HR-031,government_bond_supply_falls,,,,,
HR-031,risk_aversion_rises,,,,,
HR-031,risk_aversion_falls,,,,,
HR-032,policy_stance_eases,,,,,
HR-032,policy_stance_tightens,,,,,
HR-032,liquidity_supply_increases,,,,,
HR-032,liquidity_supply_decreases,,,,,
HR-032,funding_conditions_tighten,,,,,
HR-032,funding_conditions_ease,,,,,
HR-032,growth_outlook_strengthens,,,,,
HR-032,growth_outlook_weakens,,,,,
HR-032,inflation_pressure_rises,,,,,
HR-032,inflation_pressure_falls,,,,,
HR-032,government_bond_supply_rises,,,,,
HR-032,government_bond_supply_falls,,,,,
HR-032,risk_aversion_rises,,,,,
HR-032,risk_aversion_falls,,,,,
HR-033,policy_stance_eases,,,,,
HR-033,policy_stance_tightens,,,,,
HR-033,liquidity_supply_increases,,,,,
HR-033,liquidity_supply_decreases,,,,,
HR-033,funding_conditions_tighten,,,,,
HR-033,funding_conditions_ease,,,,,
HR-033,growth_outlook_strengthens,,,,,
HR-033,growth_outlook_weakens,,,,,
HR-033,inflation_pressure_rises,,,,,
HR-033,inflation_pressure_falls,,,,,
HR-033,government_bond_supply_rises,,,,,
HR-033,government_bond_supply_falls,,,,,
HR-033,risk_aversion_rises,,,,,
HR-033,risk_aversion_falls,,,,,
HR-034,policy_stance_eases,,,,,
HR-034,policy_stance_tightens,,,,,
HR-034,liquidity_supply_increases,,,,,
HR-034,liquidity_supply_decreases,,,,,
HR-034,funding_conditions_tighten,,,,,
HR-034,funding_conditions_ease,,,,,
HR-034,growth_outlook_strengthens,,,,,
HR-034,growth_outlook_weakens,,,,,
HR-034,inflation_pressure_rises,,,,,
HR-034,inflation_pressure_falls,,,,,
HR-034,government_bond_supply_rises,,,,,
HR-034,government_bond_supply_falls,,,,,
HR-034,risk_aversion_rises,,,,,
HR-034,risk_aversion_falls,,,,,
HR-035,policy_stance_eases,,,,,
HR-035,policy_stance_tightens,,,,,
HR-035,liquidity_supply_increases,,,,,
HR-035,liquidity_supply_decreases,,,,,
HR-035,funding_conditions_tighten,,,,,
HR-035,funding_conditions_ease,,,,,
HR-035,growth_outlook_strengthens,,,,,
HR-035,growth_outlook_weakens,,,,,
HR-035,inflation_pressure_rises,,,,,
HR-035,inflation_pressure_falls,,,,,
HR-035,government_bond_supply_rises,,,,,
HR-035,government_bond_supply_falls,,,,,
HR-035,risk_aversion_rises,,,,,
HR-035,risk_aversion_falls,,,,,
HR-036,policy_stance_eases,,,,,
HR-036,policy_stance_tightens,,,,,
HR-036,liquidity_supply_increases,,,,,
HR-036,liquidity_supply_decreases,,,,,
HR-036,funding_conditions_tighten,,,,,
HR-036,funding_conditions_ease,,,,,
HR-036,growth_outlook_strengthens,,,,,
HR-036,growth_outlook_weakens,,,,,
HR-036,inflation_pressure_rises,,,,,
HR-036,inflation_pressure_falls,,,,,
HR-036,government_bond_supply_rises,,,,,
HR-036,government_bond_supply_falls,,,,,
HR-036,risk_aversion_rises,,,,,
HR-036,risk_aversion_falls,,,,,
HR-037,policy_stance_eases,,,,,
HR-037,policy_stance_tightens,,,,,
HR-037,liquidity_supply_increases,,,,,
HR-037,liquidity_supply_decreases,,,,,
HR-037,funding_conditions_tighten,,,,,
HR-037,funding_conditions_ease,,,,,
HR-037,growth_outlook_strengthens,,,,,
HR-037,growth_outlook_weakens,,,,,
HR-037,inflation_pressure_rises,,,,,
HR-037,inflation_pressure_falls,,,,,
HR-037,government_bond_supply_rises,,,,,
HR-037,government_bond_supply_falls,,,,,
HR-037,risk_aversion_rises,,,,,
HR-037,risk_aversion_falls,,,,,
HR-038,policy_stance_eases,,,,,
HR-038,policy_stance_tightens,,,,,
HR-038,liquidity_supply_increases,,,,,
HR-038,liquidity_supply_decreases,,,,,
HR-038,funding_conditions_tighten,,,,,
HR-038,funding_conditions_ease,,,,,
HR-038,growth_outlook_strengthens,,,,,
HR-038,growth_outlook_weakens,,,,,
HR-038,inflation_pressure_rises,,,,,
HR-038,inflation_pressure_falls,,,,,
HR-038,government_bond_supply_rises,,,,,
HR-038,government_bond_supply_falls,,,,,
HR-038,risk_aversion_rises,,,,,
HR-038,risk_aversion_falls,,,,,
HR-039,policy_stance_eases,,,,,
HR-039,policy_stance_tightens,,,,,
HR-039,liquidity_supply_increases,,,,,
HR-039,liquidity_supply_decreases,,,,,
HR-039,funding_conditions_tighten,,,,,
HR-039,funding_conditions_ease,,,,,
HR-039,growth_outlook_strengthens,,,,,
HR-039,growth_outlook_weakens,,,,,
HR-039,inflation_pressure_rises,,,,,
HR-039,inflation_pressure_falls,,,,,
HR-039,government_bond_supply_rises,,,,,
HR-039,government_bond_supply_falls,,,,,
HR-039,risk_aversion_rises,,,,,
HR-039,risk_aversion_falls,,,,,
HR-040,policy_stance_eases,,,,,
HR-040,policy_stance_tightens,,,,,
HR-040,liquidity_supply_increases,,,,,
HR-040,liquidity_supply_decreases,,,,,
HR-040,funding_conditions_tighten,,,,,
HR-040,funding_conditions_ease,,,,,
HR-040,growth_outlook_strengthens,,,,,
HR-040,growth_outlook_weakens,,,,,
HR-040,inflation_pressure_rises,,,,,
HR-040,inflation_pressure_falls,,,,,
HR-040,government_bond_supply_rises,,,,,
HR-040,government_bond_supply_falls,,,,,
HR-040,risk_aversion_rises,,,,,
HR-040,risk_aversion_falls,,,,,
HR-041,policy_stance_eases,,,,,
HR-041,policy_stance_tightens,,,,,
HR-041,liquidity_supply_increases,,,,,
HR-041,liquidity_supply_decreases,,,,,
HR-041,funding_conditions_tighten,,,,,
HR-041,funding_conditions_ease,,,,,
HR-041,growth_outlook_strengthens,,,,,
HR-041,growth_outlook_weakens,,,,,
HR-041,inflation_pressure_rises,,,,,
HR-041,inflation_pressure_falls,,,,,
HR-041,government_bond_supply_rises,,,,,
HR-041,government_bond_supply_falls,,,,,
HR-041,risk_aversion_rises,,,,,
HR-041,risk_aversion_falls,,,,,
HR-042,policy_stance_eases,,,,,
HR-042,policy_stance_tightens,,,,,
HR-042,liquidity_supply_increases,,,,,
HR-042,liquidity_supply_decreases,,,,,
HR-042,funding_conditions_tighten,,,,,
HR-042,funding_conditions_ease,,,,,
HR-042,growth_outlook_strengthens,,,,,
HR-042,growth_outlook_weakens,,,,,
HR-042,inflation_pressure_rises,,,,,
HR-042,inflation_pressure_falls,,,,,
HR-042,government_bond_supply_rises,,,,,
HR-042,government_bond_supply_falls,,,,,
HR-042,risk_aversion_rises,,,,,
HR-042,risk_aversion_falls,,,,,
HR-043,policy_stance_eases,,,,,
HR-043,policy_stance_tightens,,,,,
HR-043,liquidity_supply_increases,,,,,
HR-043,liquidity_supply_decreases,,,,,
HR-043,funding_conditions_tighten,,,,,
HR-043,funding_conditions_ease,,,,,
HR-043,growth_outlook_strengthens,,,,,
HR-043,growth_outlook_weakens,,,,,
HR-043,inflation_pressure_rises,,,,,
HR-043,inflation_pressure_falls,,,,,
HR-043,government_bond_supply_rises,,,,,
HR-043,government_bond_supply_falls,,,,,
HR-043,risk_aversion_rises,,,,,
HR-043,risk_aversion_falls,,,,,
HR-044,policy_stance_eases,,,,,
HR-044,policy_stance_tightens,,,,,
HR-044,liquidity_supply_increases,,,,,
HR-044,liquidity_supply_decreases,,,,,
HR-044,funding_conditions_tighten,,,,,
HR-044,funding_conditions_ease,,,,,
HR-044,growth_outlook_strengthens,,,,,
HR-044,growth_outlook_weakens,,,,,
HR-044,inflation_pressure_rises,,,,,
HR-044,inflation_pressure_falls,,,,,
HR-044,government_bond_supply_rises,,,,,
HR-044,government_bond_supply_falls,,,,,
HR-044,risk_aversion_rises,,,,,
HR-044,risk_aversion_falls,,,,,
HR-045,policy_stance_eases,,,,,
HR-045,policy_stance_tightens,,,,,
HR-045,liquidity_supply_increases,,,,,
HR-045,liquidity_supply_decreases,,,,,
HR-045,funding_conditions_tighten,,,,,
HR-045,funding_conditions_ease,,,,,
HR-045,growth_outlook_strengthens,,,,,
HR-045,growth_outlook_weakens,,,,,
HR-045,inflation_pressure_rises,,,,,
HR-045,inflation_pressure_falls,,,,,
HR-045,government_bond_supply_rises,,,,,
HR-045,government_bond_supply_falls,,,,,
HR-045,risk_aversion_rises,,,,,
HR-045,risk_aversion_falls,,,,,
HR-046,policy_stance_eases,,,,,
HR-046,policy_stance_tightens,,,,,
HR-046,liquidity_supply_increases,,,,,
HR-046,liquidity_supply_decreases,,,,,
HR-046,funding_conditions_tighten,,,,,
HR-046,funding_conditions_ease,,,,,
HR-046,growth_outlook_strengthens,,,,,
HR-046,growth_outlook_weakens,,,,,
HR-046,inflation_pressure_rises,,,,,
HR-046,inflation_pressure_falls,,,,,
HR-046,government_bond_supply_rises,,,,,
HR-046,government_bond_supply_falls,,,,,
HR-046,risk_aversion_rises,,,,,
HR-046,risk_aversion_falls,,,,,
HR-047,policy_stance_eases,,,,,
HR-047,policy_stance_tightens,,,,,
HR-047,liquidity_supply_increases,,,,,
HR-047,liquidity_supply_decreases,,,,,
HR-047,funding_conditions_tighten,,,,,
HR-047,funding_conditions_ease,,,,,
HR-047,growth_outlook_strengthens,,,,,
HR-047,growth_outlook_weakens,,,,,
HR-047,inflation_pressure_rises,,,,,
HR-047,inflation_pressure_falls,,,,,
HR-047,government_bond_supply_rises,,,,,
HR-047,government_bond_supply_falls,,,,,
HR-047,risk_aversion_rises,,,,,
HR-047,risk_aversion_falls,,,,,
HR-048,policy_stance_eases,,,,,
HR-048,policy_stance_tightens,,,,,
HR-048,liquidity_supply_increases,,,,,
HR-048,liquidity_supply_decreases,,,,,
HR-048,funding_conditions_tighten,,,,,
HR-048,funding_conditions_ease,,,,,
HR-048,growth_outlook_strengthens,,,,,
HR-048,growth_outlook_weakens,,,,,
HR-048,inflation_pressure_rises,,,,,
HR-048,inflation_pressure_falls,,,,,
HR-048,government_bond_supply_rises,,,,,
HR-048,government_bond_supply_falls,,,,,
HR-048,risk_aversion_rises,,,,,
HR-048,risk_aversion_falls,,,,,
HR-049,policy_stance_eases,,,,,
HR-049,policy_stance_tightens,,,,,
HR-049,liquidity_supply_increases,,,,,
HR-049,liquidity_supply_decreases,,,,,
HR-049,funding_conditions_tighten,,,,,
HR-049,funding_conditions_ease,,,,,
HR-049,growth_outlook_strengthens,,,,,
HR-049,growth_outlook_weakens,,,,,
HR-049,inflation_pressure_rises,,,,,
HR-049,inflation_pressure_falls,,,,,
HR-049,government_bond_supply_rises,,,,,
HR-049,government_bond_supply_falls,,,,,
HR-049,risk_aversion_rises,,,,,
HR-049,risk_aversion_falls,,,,,
HR-050,policy_stance_eases,,,,,
HR-050,policy_stance_tightens,,,,,
HR-050,liquidity_supply_increases,,,,,
HR-050,liquidity_supply_decreases,,,,,
HR-050,funding_conditions_tighten,,,,,
HR-050,funding_conditions_ease,,,,,
HR-050,growth_outlook_strengthens,,,,,
HR-050,growth_outlook_weakens,,,,,
HR-050,inflation_pressure_rises,,,,,
HR-050,inflation_pressure_falls,,,,,
HR-050,government_bond_supply_rises,,,,,
HR-050,government_bond_supply_falls,,,,,
HR-050,risk_aversion_rises,,,,,
HR-050,risk_aversion_falls,,,,,
HR-051,policy_stance_eases,,,,,
HR-051,policy_stance_tightens,,,,,
HR-051,liquidity_supply_increases,,,,,
HR-051,liquidity_supply_decreases,,,,,
HR-051,funding_conditions_tighten,,,,,
HR-051,funding_conditions_ease,,,,,
HR-051,growth_outlook_strengthens,,,,,
HR-051,growth_outlook_weakens,,,,,
HR-051,inflation_pressure_rises,,,,,
HR-051,inflation_pressure_falls,,,,,
HR-051,government_bond_supply_rises,,,,,
HR-051,government_bond_supply_falls,,,,,
HR-051,risk_aversion_rises,,,,,
HR-051,risk_aversion_falls,,,,,
HR-052,policy_stance_eases,,,,,
HR-052,policy_stance_tightens,,,,,
HR-052,liquidity_supply_increases,,,,,
HR-052,liquidity_supply_decreases,,,,,
HR-052,funding_conditions_tighten,,,,,
HR-052,funding_conditions_ease,,,,,
HR-052,growth_outlook_strengthens,,,,,
HR-052,growth_outlook_weakens,,,,,
HR-052,inflation_pressure_rises,,,,,
HR-052,inflation_pressure_falls,,,,,
HR-052,government_bond_supply_rises,,,,,
HR-052,government_bond_supply_falls,,,,,
HR-052,risk_aversion_rises,,,,,
HR-052,risk_aversion_falls,,,,,
HR-053,policy_stance_eases,,,,,
HR-053,policy_stance_tightens,,,,,
HR-053,liquidity_supply_increases,,,,,
HR-053,liquidity_supply_decreases,,,,,
HR-053,funding_conditions_tighten,,,,,
HR-053,funding_conditions_ease,,,,,
HR-053,growth_outlook_strengthens,,,,,
HR-053,growth_outlook_weakens,,,,,
HR-053,inflation_pressure_rises,,,,,
HR-053,inflation_pressure_falls,,,,,
HR-053,government_bond_supply_rises,,,,,
HR-053,government_bond_supply_falls,,,,,
HR-053,risk_aversion_rises,,,,,
HR-053,risk_aversion_falls,,,,,
HR-054,policy_stance_eases,,,,,
HR-054,policy_stance_tightens,,,,,
HR-054,liquidity_supply_increases,,,,,
HR-054,liquidity_supply_decreases,,,,,
HR-054,funding_conditions_tighten,,,,,
HR-054,funding_conditions_ease,,,,,
HR-054,growth_outlook_strengthens,,,,,
HR-054,growth_outlook_weakens,,,,,
HR-054,inflation_pressure_rises,,,,,
HR-054,inflation_pressure_falls,,,,,
HR-054,government_bond_supply_rises,,,,,
HR-054,government_bond_supply_falls,,,,,
HR-054,risk_aversion_rises,,,,,
HR-054,risk_aversion_falls,,,,,
HR-055,policy_stance_eases,,,,,
HR-055,policy_stance_tightens,,,,,
HR-055,liquidity_supply_increases,,,,,
HR-055,liquidity_supply_decreases,,,,,
HR-055,funding_conditions_tighten,,,,,
HR-055,funding_conditions_ease,,,,,
HR-055,growth_outlook_strengthens,,,,,
HR-055,growth_outlook_weakens,,,,,
HR-055,inflation_pressure_rises,,,,,
HR-055,inflation_pressure_falls,,,,,
HR-055,government_bond_supply_rises,,,,,
HR-055,government_bond_supply_falls,,,,,
HR-055,risk_aversion_rises,,,,,
HR-055,risk_aversion_falls,,,,,
HR-056,policy_stance_eases,,,,,
HR-056,policy_stance_tightens,,,,,
HR-056,liquidity_supply_increases,,,,,
HR-056,liquidity_supply_decreases,,,,,
HR-056,funding_conditions_tighten,,,,,
HR-056,funding_conditions_ease,,,,,
HR-056,growth_outlook_strengthens,,,,,
HR-056,growth_outlook_weakens,,,,,
HR-056,inflation_pressure_rises,,,,,
HR-056,inflation_pressure_falls,,,,,
HR-056,government_bond_supply_rises,,,,,
HR-056,government_bond_supply_falls,,,,,
HR-056,risk_aversion_rises,,,,,
HR-056,risk_aversion_falls,,,,,
HR-057,policy_stance_eases,,,,,
HR-057,policy_stance_tightens,,,,,
HR-057,liquidity_supply_increases,,,,,
HR-057,liquidity_supply_decreases,,,,,
HR-057,funding_conditions_tighten,,,,,
HR-057,funding_conditions_ease,,,,,
HR-057,growth_outlook_strengthens,,,,,
HR-057,growth_outlook_weakens,,,,,
HR-057,inflation_pressure_rises,,,,,
HR-057,inflation_pressure_falls,,,,,
HR-057,government_bond_supply_rises,,,,,
HR-057,government_bond_supply_falls,,,,,
HR-057,risk_aversion_rises,,,,,
HR-057,risk_aversion_falls,,,,,
HR-058,policy_stance_eases,,,,,
HR-058,policy_stance_tightens,,,,,
HR-058,liquidity_supply_increases,,,,,
HR-058,liquidity_supply_decreases,,,,,
HR-058,funding_conditions_tighten,,,,,
HR-058,funding_conditions_ease,,,,,
HR-058,growth_outlook_strengthens,,,,,
HR-058,growth_outlook_weakens,,,,,
HR-058,inflation_pressure_rises,,,,,
HR-058,inflation_pressure_falls,,,,,
HR-058,government_bond_supply_rises,,,,,
HR-058,government_bond_supply_falls,,,,,
HR-058,risk_aversion_rises,,,,,
HR-058,risk_aversion_falls,,,,,
HR-059,policy_stance_eases,,,,,
HR-059,policy_stance_tightens,,,,,
HR-059,liquidity_supply_increases,,,,,
HR-059,liquidity_supply_decreases,,,,,
HR-059,funding_conditions_tighten,,,,,
HR-059,funding_conditions_ease,,,,,
HR-059,growth_outlook_strengthens,,,,,
HR-059,growth_outlook_weakens,,,,,
HR-059,inflation_pressure_rises,,,,,
HR-059,inflation_pressure_falls,,,,,
HR-059,government_bond_supply_rises,,,,,
HR-059,government_bond_supply_falls,,,,,
HR-059,risk_aversion_rises,,,,,
HR-059,risk_aversion_falls,,,,,
HR-060,policy_stance_eases,,,,,
HR-060,policy_stance_tightens,,,,,
HR-060,liquidity_supply_increases,,,,,
HR-060,liquidity_supply_decreases,,,,,
HR-060,funding_conditions_tighten,,,,,
HR-060,funding_conditions_ease,,,,,
HR-060,growth_outlook_strengthens,,,,,
HR-060,growth_outlook_weakens,,,,,
HR-060,inflation_pressure_rises,,,,,
HR-060,inflation_pressure_falls,,,,,
HR-060,government_bond_supply_rises,,,,,
HR-060,government_bond_supply_falls,,,,,
HR-060,risk_aversion_rises,,,,,
HR-060,risk_aversion_falls,,,,,
