doc_id,publish_time,status,error,annotation_input_sha256,prompt_version,annotated_at
CNINFO-002594-1222201503,2025-01-02,accepted,,9dd50ada0aa37c9d25b5b337f9a92aa8c4abe0317baef7eac456cb7a9b50960e,lithium-v3-deepseek-v4-flash-direction-v2-explicit-contract,2026-08-14T20:06:57+08:00
GFEX-WR-20250102,2025-01-02,accepted,,86481f31bf4de4b3d2f9b1ea0d17460ef48337af9904cd6b9620bdf8d24597cb,lithium-v3-deepseek-v4-flash-direction-v2-explicit-contract,2026-08-14T20:06:02+08:00
GFEX-WR-20250108,2025-01-08,accepted,,d885b816b1042741089e75160141330fac8c871232f1d57f135cb2d9685ffe07,lithium-v3-deepseek-v4-flash-direction-v2-explicit-contract,2026-08-14T20:06:58+08:00
GFEX-WR-20250110,2025-01-10,accepted,,ccd6d0eae8b00e278cc0ca38df5c7ae6104d4e2a41c08ae1201de6fe033e8a28,lithium-v3-deepseek-v4-flash-direction-v2-explicit-contract,2026-08-14T20:06:58+08:00
CNINFO-002176-1222320892,2025-01-14,accepted,,cfdcd163e6370dc8adf3ec653e65c3a6f41fcf1a4f2f4ddfb706b2ea2ef349fb,lithium-v3-deepseek-v4-flash-direction-v2-explicit-contract,2026-08-14T20:06:57+08:00
CNINFO-002176-1222320893,2025-01-14,accepted,,7fff8ca88800b2e55e211de199d6eebcfe95251d88edd518ee4367f2887991cf,lithium-v3-deepseek-v4-flash-direction-v2-explicit-contract,2026-08-14T20:06:57+08:00
LC-TEXT-0013,2025-01-14,accepted,,5b4a9554b3cefd33eb84125ebfffc527176ef8abf01c0131abdb18b141e55429,lithium-v3-deepseek-v4-flash-direction-v2-explicit-contract,2026-08-14T20:06:57+08:00
GFEX-WR-20250116,2025-01-16,accepted,,b5df577dfd649ce66f6c6a1c70687b90667695c314f482ccc3325449bb6c64a7,lithium-v3-deepseek-v4-flash-direction-v2-explicit-contract,2026-08-14T20:06:58+08:00
LC-TEXT-0014,2025-01-16,accepted,,3c58086081386b011766ecea5effa2766d342517389912689dd55112c7cb36cd,lithium-v3-deepseek-v4-flash-direction-v2-explicit-contract,2026-08-14T20:06:57+08:00
LC-TEXT-0015,2025-01-17,accepted,,79bf97697edb9f4536973d28c5f006b5fa65034db52f63a6c282b215af4cf01a,lithium-v3-deepseek-v4-flash-direction-v2-explicit-contract,2026-08-14T20:06:58+08:00
CNINFO-002756-1222365542,2025-01-18,accepted,,32babb9e5cfe65a5e84ffe1e935c3a457a7589d9803723eef157796917fe10da,lithium-v3-deepseek-v4-flash-direction-v2-explicit-contract,2026-08-14T20:06:58+08:00
CNINFO-002497-1222380040,2025-01-21,accepted,,80698a7b53540ea88cd7bca758ae59d5a188d0d0da72570130705376a195632b,lithium-v3-deepseek-v4-flash-direction-v2-explicit-contract,2026-08-14T20:06:59+08:00
GFEX-WR-20250121,2025-01-21,accepted,,3e986094cefc9c36c50062fd7291027cddb035ee58e9d04af2f76c1bcfbb28ce,lithium-v3-deepseek-v4-flash-direction-v2-explicit-contract,2026-08-14T20:07:00+08:00
CNINFO-002460-1222390209,2025-01-22,accepted,,9e7e1fc301d3ec35b9bd72b9d8e32feacd1ea1038d68eaa40dd94fc4f069bd71,lithium-v3-deepseek-v4-flash-direction-v2-explicit-contract,2026-08-14T20:06:58+08:00
GFEX-WR-20250122,2025-01-22,accepted,,9468e8b7019da69a943384bd1b4bbf90bac19e26b650f4837c8d629db4a2bc19,lithium-v3-deepseek-v4-flash-direction-v2-explicit-contract,2026-08-14T20:07:01+08:00
LC-TEXT-0016,2025-01-23,accepted,,08944afa6a9798938c2ff48deeee0a59fd6f923ef52bef81bb4a10c76798b8c3,lithium-v3-deepseek-v4-flash-direction-v2-explicit-contract,2026-08-14T20:06:59+08:00
CNINFO-002240-1222418663,2025-01-24,accepted,,878173c0d28c954cd38ec90d429f1d998a176c6d873e001ac94aa9cf274ab56d,lithium-v3-deepseek-v4-flash-direction-v2-explicit-contract,2026-08-14T20:07:00+08:00
CNINFO-002466-1222419650,2025-01-24,accepted,,9ff4594ad372349ed981ff87a071e05b6117fcd48475abbc59443b9450f74f9f,lithium-v3-deepseek-v4-flash-direction-v2-explicit-contract,2026-08-14T20:07:00+08:00
CNINFO-002466-1222419651,2025-01-24,accepted,,d4270d6b55c7e00b38282fd4c0ede2a7813f41d51f0d1025e9b8d5adf7de153d,lithium-v3-deepseek-v4-flash-direction-v2-explicit-contract,2026-08-14T20:07:00+08:00
CNINFO-002466-1222419653,2025-01-24,accepted,,ba708103ca78ee7f4d3143d1657b6e33851080327fc9e163ccef93d5e5983b50,lithium-v3-deepseek-v4-flash-direction-v2-explicit-contract,2026-08-14T20:07:00+08:00
CNINFO-002460-1222431395,2025-01-25,accepted,,2eada4f70c12405da3ef14b2fe71d02c1d8c6c886e2c7ca30c7b51054f79ac66,lithium-v3-deepseek-v4-flash-direction-v2-explicit-contract,2026-08-14T20:07:02+08:00
GFEX-WR-20250127,2025-01-27,accepted,,3bc44bf44bd92e59a096756cadda8ca952538fff3e668a1daa85ca3eb3d1ab10,lithium-v3-deepseek-v4-flash-direction-v2-explicit-contract,2026-08-14T20:07:01+08:00
LC-TEXT-0017,2025-02-04,accepted,,005391067da945df1c6529927e6142ebb8a82817e787c5fe436ca8c52521bb9f,lithium-v3-deepseek-v4-flash-direction-v2-explicit-contract,2026-08-14T20:07:02+08:00
CNINFO-002594-1222456351,2025-02-05,accepted,,1f4f69bdfc3c53cf61d7292e0d8461ac11014bc426ab00a9ec60b12590f9e303,lithium-v3-deepseek-v4-flash-direction-v2-explicit-contract,2026-08-14T20:07:01+08:00
CNINFO-300390-1222484334,2025-02-07,accepted,,5398ac3c43492e5faf19e766a4dd635132f4c13f4a2ad22ef04bf45391af008d,lithium-v3-deepseek-v4-flash-direction-v2-explicit-contract,2026-08-14T20:07:02+08:00
GFEX-WR-20250210,2025-02-10,accepted,,593b4e4f9946b359e56549b9573b4d1cfa9fa58d7b032df19ed63ae9d76945c5,lithium-v3-deepseek-v4-flash-direction-v2-explicit-contract,2026-08-14T20:07:03+08:00
GFEX-WR-20250213,2025-02-13,accepted,,007b3c893083b2357e7aa1f1adea769dc3ed3da6b0c7cabade7818153d6ab616,lithium-v3-deepseek-v4-flash-direction-v2-explicit-contract,2026-08-14T20:07:04+08:00
CNINFO-002460-1222536441,2025-02-14,accepted,,606126111e09d2f1aee3284c3842290478aabcb5244baf91cbbbca46395810e3,lithium-v3-deepseek-v4-flash-direction-v2-explicit-contract,2026-08-14T20:07:03+08:00
CNINFO-002466-1222581162,2025-02-20,accepted,,c3881708f4a40f9141c38a98a8fe128700241cc5eacefc20b808c7d2b771be04,lithium-v3-deepseek-v4-flash-direction-v2-explicit-contract,2026-08-14T20:07:04+08:00
GFEX-WR-20250227,2025-02-27,accepted,,5a4984c70aa00b7eba0398b268a297bc775f992dbd44725e3f290f5cacecba35,lithium-v3-deepseek-v4-flash-direction-v2-explicit-contract,2026-08-14T20:07:02+08:00
CNINFO-002594-1222683514,2025-03-03,accepted,,f4689ec856bcdcb3716306a2e303a2966a44cf119bd8c06c581e4bdfa6abe80f,lithium-v3-deepseek-v4-flash-direction-v2-explicit-contract,2026-08-14T20:07:03+08:00
GFEX-WR-20250306,2025-03-06,accepted,,6dab8c349438f775f7bd9d013f68efaedb293a1a38141a5b52feee207174791e,lithium-v3-deepseek-v4-flash-direction-v2-explicit-contract,2026-08-14T20:07:04+08:00
GFEX-WR-20250307,2025-03-07,accepted,,b8c6012af806b09c1d662b6952b297448d0c48c682e5274fda4ef91e1be88e3f,lithium-v3-deepseek-v4-flash-direction-v2-explicit-contract,2026-08-14T20:07:04+08:00
GFEX-WR-20250310,2025-03-10,accepted,,63c68c452e7229045bfc901238ed517e34f49c6deed032e71274c8c898b94cf1,lithium-v3-deepseek-v4-flash-direction-v2-explicit-contract,2026-08-14T20:07:05+08:00
GFEX-WR-20250313,2025-03-13,accepted,,0e580acc8f1a31e94b3952e3b961cb69007388e50871232806c57d6a63481f33,lithium-v3-deepseek-v4-flash-direction-v2-explicit-contract,2026-08-14T20:07:10+08:00
GFEX-WR-20250314,2025-03-14,accepted,,fd44c174abe2346be2c01cd39dba2450e325e464fb239767007c4d78e5120d52,lithium-v3-deepseek-v4-flash-direction-v2-explicit-contract,2026-08-14T20:07:10+08:00
GFEX-WR-20250319,2025-03-19,accepted,,e1aff1c41372f245d2877b8e0596a49e657a10895bda2f6844197e3d0a797fff,lithium-v3-deepseek-v4-flash-direction-v2-explicit-contract,2026-08-14T20:07:05+08:00
CNINFO-300390-1222857555,2025-03-20,accepted,,b4221131b526c5566097a47670ee033d008a435f5a489be040e07bf9d311552b,lithium-v3-deepseek-v4-flash-direction-v2-explicit-contract,2026-08-14T20:07:05+08:00
CNINFO-300390-1222857559,2025-03-20,accepted,,70fd7aa238508bbf156499b8447b85d358f8f712517cb125d3614bcabfa09ab4,lithium-v3-deepseek-v4-flash-direction-v2-explicit-contract,2026-08-14T20:07:10+08:00
GFEX-WR-20250320,2025-03-20,accepted,,c78b16c8aa098fa0369739a5ed79c48bfc265683a6d328c7346451d89c6825df,lithium-v3-deepseek-v4-flash-direction-v2-explicit-contract,2026-08-14T20:07:10+08:00
CNINFO-002240-1222870682,2025-03-22,accepted,,83cc5cb748e3d12d067e2dbf3ba2314a5f2cf92d46be37cfd306a38e2847e5ca,lithium-v3-deepseek-v4-flash-direction-v2-explicit-contract,2026-08-14T20:07:11+08:00
GFEX-WR-20250324,2025-03-24,accepted,,06c5daa1903d0470440ec2df71e1999e416d8af4b20210d9babc06aa4b11ada0,lithium-v3-deepseek-v4-flash-direction-v2-explicit-contract,2026-08-14T20:07:12+08:00
CNINFO-002756-1222881575,2025-03-25,accepted,,bbfd2be23079a3549402f3db8d12fc8f79103313b6c56a9c84599a571929a106,lithium-v3-deepseek-v4-flash-direction-v2-explicit-contract,2026-08-14T20:07:10+08:00
CNINFO-002466-1222913085,2025-03-27,accepted,,66650f63e86c6f76a129a7841ba5d6937f1817ff6a4d6314ba0f54edb29898f2,lithium-v3-deepseek-v4-flash-direction-v2-explicit-contract,2026-08-14T20:07:11+08:00
CNINFO-002466-1222913106,2025-03-27,accepted,,333ea47f8ab32a82e738c3e1da339a3788b852f619e508a22b7fc358fc54b035,lithium-v3-deepseek-v4-flash-direction-v2-explicit-contract,2026-08-14T20:07:12+08:00
CNINFO-000408-1222950983,2025-03-29,accepted,,3e5415271b9b0eb50b6889f082d3016420791bd03bb24b0a35c924bd1df4ad10,lithium-v3-deepseek-v4-flash-direction-v2-explicit-contract,2026-08-14T20:07:12+08:00
CNINFO-000792-1222951139,2025-03-29,accepted,,47f249dadcc78e3de45d5690fadf25a84d42c6b67218b449d8f8ba2ac990ef10,lithium-v3-deepseek-v4-flash-direction-v2-explicit-contract,2026-08-14T20:07:11+08:00
CNINFO-000792-1222951148,2025-03-29,accepted,,0d9eafbbb92fa27983111018a9060c6011d2e156eb99ae515e8a3ab0ecb930b9,lithium-v3-deepseek-v4-flash-direction-v2-explicit-contract,2026-08-14T20:07:12+08:00
CNINFO-000792-1222951150,2025-03-29,accepted,,c0ee2466e8a59e7fca6e4ef184924da440507b26a8b4b1fb6b6489b509796e4e,lithium-v3-deepseek-v4-flash-direction-v2-explicit-contract,2026-08-14T20:07:12+08:00
CNINFO-002460-1222949713,2025-03-29,accepted,,64f53c0399846ded7162eb2e1c9b3cb6ac58ea80dc9f29a713e989b296d0ce8b,lithium-v3-deepseek-v4-flash-direction-v2-explicit-contract,2026-08-14T20:07:12+08:00
GFEX-WR-20250331,2025-03-31,accepted,,839957e26cfe5df4c5c3c8bc2844b969364dcd545c22487ddfdedf14231a6a91,lithium-v3-deepseek-v4-flash-direction-v2-explicit-contract,2026-08-14T20:07:13+08:00
GFEX-WR-20250401,2025-04-01,accepted,,4b4c9a6fcdea7c016c87bffbf9dc468609c8ab0a868fc6bb875b2d2b372856ce,lithium-v3-deepseek-v4-flash-direction-v2-explicit-contract,2026-08-14T20:07:13+08:00
CNINFO-002594-1222982953,2025-04-02,accepted,,cc995db43ed45d33f960363da482de17daa914235d2ee14d6da6cb0627508881,lithium-v3-deepseek-v4-flash-direction-v2-explicit-contract,2026-08-14T20:07:13+08:00
GFEX-WR-20250402,2025-04-02,accepted,,fb99e8a5a9ecee3b9cd3bdc459ec9c2af8174f691ed818c3e40b19bc5933b207,lithium-v3-deepseek-v4-flash-direction-v2-explicit-contract,2026-08-14T20:07:13+08:00
GFEX-WR-20250403,2025-04-03,accepted,,2d2ecb416f388f2dfe0fb2a852af56916e9cf088cacae556444af42181a89ee7,lithium-v3-deepseek-v4-flash-direction-v2-explicit-contract,2026-08-14T20:07:13+08:00
GFEX-WR-20250407,2025-04-07,accepted,,5eafa94670da059ec9e755c1a5c132210ae6a1a86f832d350df3efd2bf83003d,lithium-v3-deepseek-v4-flash-direction-v2-explicit-contract,2026-08-14T20:07:13+08:00
GFEX-WR-20250408,2025-04-08,accepted,,0d8055549df0a24dca0628059cfc2dc1fb22a04a0f27b5f586449814467fe66f,lithium-v3-deepseek-v4-flash-direction-v2-explicit-contract,2026-08-14T20:07:13+08:00
LC-TEXT-0018,2025-04-12,accepted,,0334662cfba89d11bd327371161e5ca2b031dbd0473a7f7b15c9f2196ee6dbbd,lithium-v3-deepseek-v4-flash-direction-v2-explicit-contract,2026-08-14T20:07:13+08:00
GFEX-WR-20250421,2025-04-21,accepted,,f9a40070abeaa8c2523ae4473ecb36b7403c082393c253bc2f380a517a90f157,lithium-v3-deepseek-v4-flash-direction-v2-explicit-contract,2026-08-14T20:07:14+08:00
GFEX-WR-20250422,2025-04-22,accepted,,74962d87b946a65367c7f95b376b32f6856d9412f3e18ddf06a57dcadfe5394c,lithium-v3-deepseek-v4-flash-direction-v2-explicit-contract,2026-08-14T20:07:14+08:00
CNINFO-002466-1223235918,2025-04-24,accepted,unverifiable_direction_demoted,9e06e45dfdf44c1a99e4cc5cb66105f49096e8dee7173364364c8fd22314ec7e,lithium-v3-deepseek-v4-flash-direction-v2-explicit-contract,2026-08-14T20:07:14+08:00
CNINFO-002738-1223271317,2025-04-25,accepted,,b8201a67867eb997a61bc5d7cac62ae9bbb8b49b146b2207a422f3675cccff48,lithium-v3-deepseek-v4-flash-direction-v2-explicit-contract,2026-08-14T20:07:15+08:00
CNINFO-002738-1223271321,2025-04-25,accepted,,81a441c6b244b78cdb1f73ee88ae5642567ba142ea7e280a065cfb6892854b16,lithium-v3-deepseek-v4-flash-direction-v2-explicit-contract,2026-08-14T20:07:15+08:00
GFEX-WR-20250428,2025-04-28,accepted,,7f340056add9033522bdd153f5256943fca77ef3ebf491f6db3fece4a0178134,lithium-v3-deepseek-v4-flash-direction-v2-explicit-contract,2026-08-14T20:07:15+08:00
CNINFO-002497-1223380001,2025-04-29,accepted,,2b126b20c276185362a9bb65921e96cb9bf0d67d5a0027d59ef3bfb703623008,lithium-v3-deepseek-v4-flash-direction-v2-explicit-contract,2026-08-14T20:07:15+08:00
CNINFO-002594-1223470873,2025-05-06,accepted,,28aab9124e1fa381a435eb47a969d2cb224bff275da03e8c17849eb578bc8a13,lithium-v3-deepseek-v4-flash-direction-v2-explicit-contract,2026-08-14T20:07:15+08:00
GFEX-WR-20250506,2025-05-06,accepted,,6211a99c28e0432a953347fd1edb4fd47514d1322737facc47043e133daa0536,lithium-v3-deepseek-v4-flash-direction-v2-explicit-contract,2026-08-14T20:07:15+08:00
GFEX-WR-20250507,2025-05-07,accepted,,9a14176498011bbdc4d18c6776c7cc75e1fb1f48c171493b21d1349b8c4fb081,lithium-v3-deepseek-v4-flash-direction-v2-explicit-contract,2026-08-14T20:07:15+08:00
CNINFO-002497-1223536034,2025-05-14,accepted,,9f5574df9694f11fffb46db19a0839db2cb2d3c9c775475cf3f5a1a34c9139aa,lithium-v3-deepseek-v4-flash-direction-v2-explicit-contract,2026-08-14T20:07:16+08:00
CNINFO-002176-1223566764,2025-05-17,accepted,,b97d3a7a6b8ce463b41d6845c9e49a758a6d43c736c11985a6d8a4872c5b7ca6,lithium-v3-deepseek-v4-flash-direction-v2-explicit-contract,2026-08-14T20:07:16+08:00
CNINFO-000792-1223683113,2025-05-27,accepted,,4d02dceefd848221e7598db1c26e90155027f3b4770f5aa17b3d12fe19fcba09,lithium-v3-deepseek-v4-flash-direction-v2-explicit-contract,2026-08-14T20:07:17+08:00
CNINFO-000792-1223683118,2025-05-27,accepted,,cb785ec4b0bdd59341f8cb2cc71267e0328cf923e4485e790b3bb3fdb0ecce3a,lithium-v3-deepseek-v4-flash-direction-v2-explicit-contract,2026-08-14T20:07:17+08:00
CNINFO-000792-1223683123,2025-05-27,accepted,,dc7ae2a2a4bf492a8a351312899ff00b550980611a778c139964930d9bb14320,lithium-v3-deepseek-v4-flash-direction-v2-explicit-contract,2026-08-14T20:07:17+08:00
GFEX-WR-20250527,2025-05-27,accepted,,2fd919886e866ca8ebbf0bf055d74a3c5dd8fb515e2975591c03e39ffb0f4667,lithium-v3-deepseek-v4-flash-direction-v2-explicit-contract,2026-08-14T20:07:18+08:00
CNINFO-002594-1223739822,2025-06-03,accepted,,2ee148fe8557750e303c1d306df52ee83f61996960cc00f8c847541484c977fb,lithium-v3-deepseek-v4-flash-direction-v2-explicit-contract,2026-08-14T20:07:17+08:00
LC-TEXT-0019,2025-06-13,accepted,,af4fcce942d8a4cbfe05e55cdd309c0aa9b29879af836f95fa1704e2ab41b168,lithium-v3-deepseek-v4-flash-direction-v2-explicit-contract,2026-08-14T20:07:17+08:00
GFEX-WR-20250618,2025-06-18,accepted,,6dcb6048094f6c12f6c239d0d2a962d14c9702a6ef13d590e17d1011dd55d388,lithium-v3-deepseek-v4-flash-direction-v2-explicit-contract,2026-08-14T20:07:19+08:00
GFEX-WR-20250620,2025-06-20,accepted,,26a41813fdeaef3d57bd97f04b717edae5ccd2599291f47fe73a5f1a0f49209a,lithium-v3-deepseek-v4-flash-direction-v2-explicit-contract,2026-08-14T20:07:19+08:00
CNINFO-000408-1223955178,2025-06-23,accepted,,4640c0b6888006661c702f1432d82772b70e2211995a8622708cddaa72077513,lithium-v3-deepseek-v4-flash-direction-v2-explicit-contract,2026-08-14T20:07:18+08:00
GFEX-WR-20250623,2025-06-23,accepted,,044ad120153da284618a236a730ec803480ad561cebecb3cda7586513befb5f3,lithium-v3-deepseek-v4-flash-direction-v2-explicit-contract,2026-08-14T20:07:19+08:00
CNINFO-000408-1223958965,2025-06-24,accepted,unverifiable_direction_demoted,d1701f24832f1eac7b18a10d0a33ba725eb384a81e7b70e71aa8d42ae4e054cc,lithium-v3-deepseek-v4-flash-direction-v2-explicit-contract,2026-08-14T20:07:19+08:00
GFEX-WR-20250624,2025-06-24,accepted,,219cb82cb1f5549bbb718f1ecd6308f7734379c96e69402f696db25131338b64,lithium-v3-deepseek-v4-flash-direction-v2-explicit-contract,2026-08-14T20:07:20+08:00
CNINFO-002738-1224015569,2025-06-28,accepted,,0ebb1fda3b3b5a2814710833747fa9b321cfc87458a4a019445686a16dd70b0e,lithium-v3-deepseek-v4-flash-direction-v2-explicit-contract,2026-08-14T20:07:18+08:00
CNINFO-002594-1224058406,2025-07-02,accepted,,c06a634f1d26db3748faf9cc783d2c9fe753d4c83aa988fb1587e16c3ac80944,lithium-v3-deepseek-v4-flash-direction-v2-explicit-contract,2026-08-14T20:07:20+08:00
CNINFO-002460-1224068866,2025-07-03,accepted,,05cd822da22d52f72f805951cc8daaff159d8d53ebf13e32ced7f15720ce667c,lithium-v3-deepseek-v4-flash-direction-v2-explicit-contract,2026-08-14T20:07:19+08:00
GFEX-WR-20250704,2025-07-04,accepted,,12b564ef90575012fee0a56c9ec073807b59628b622f5b13afa9cbae1b582a9e,lithium-v3-deepseek-v4-flash-direction-v2-explicit-contract,2026-08-14T20:07:21+08:00
GFEX-WR-20250707,2025-07-07,accepted,,2624efcfa37dd63be8c591a43d0bd09365894a2b915a328e12728f8736a28787,lithium-v3-deepseek-v4-flash-direction-v2-explicit-contract,2026-08-14T20:07:21+08:00
GFEX-WR-20250708,2025-07-08,accepted,,89983000e26427ea1a9aa03a2f307530f90c3de6b0d8a9b6d2e9b1b69e5915c8,lithium-v3-deepseek-v4-flash-direction-v2-explicit-contract,2026-08-14T20:07:22+08:00
GFEX-WR-20250711,2025-07-11,accepted,,8acf6f6db7fa159a201868a2bf8b2eb293d1ba651ff89df8e7e2b56541ea0a53,lithium-v3-deepseek-v4-flash-direction-v2-explicit-contract,2026-08-14T20:07:22+08:00
CNINFO-000408-1224162516,2025-07-15,accepted,,65146de6ef0887e211cf2ff07bf842f58a8f60b6a573d84549363145be30ee9f,lithium-v3-deepseek-v4-flash-direction-v2-explicit-contract,2026-08-14T20:07:21+08:00
CNINFO-002176-1224163294,2025-07-15,accepted,,993b843f3581015bfd86247f2d4ab928f0ad793bb9ddb67710b5a126a9e6eebe,lithium-v3-deepseek-v4-flash-direction-v2-explicit-contract,2026-08-14T20:07:21+08:00
CNINFO-002240-1224164694,2025-07-15,accepted,unverifiable_direction_demoted,649429f8482792f33fb2a522d67f8a513cbc3a5b4ed125407727d1cae97b1211,lithium-v3-deepseek-v4-flash-direction-v2-explicit-contract,2026-08-14T20:07:21+08:00
CNINFO-002460-1224164382,2025-07-15,accepted,,705e6a1f8a3b7ce8d80e4825147d3f5ee20b5286491a78ec2604bcc8b1c9d998,lithium-v3-deepseek-v4-flash-direction-v2-explicit-contract,2026-08-14T20:07:21+08:00
CNINFO-002466-1224164259,2025-07-15,accepted,unverifiable_direction_demoted,2edb9ce9053bf296f5fc42b78af1192b381d912a87387bae66df921b71186987,lithium-v3-deepseek-v4-flash-direction-v2-explicit-contract,2026-08-14T20:07:23+08:00
CNINFO-002738-1224163658,2025-07-15,accepted,,5ef47b870eece2a044c6167394db2a74bbf44309b9e0a6e90dcf96c002f7e5fb,lithium-v3-deepseek-v4-flash-direction-v2-explicit-contract,2026-08-14T20:07:22+08:00
CNINFO-000408-1224198116,2025-07-17,accepted,unverifiable_direction_demoted,5b855c9c9966223a97613135703bd85af24475883a7ac900c0685bca8aade5a3,lithium-v3-deepseek-v4-flash-direction-v2-explicit-contract,2026-08-14T20:07:23+08:00
CNINFO-002176-1224236733,2025-07-22,accepted,unverifiable_direction_demoted,c938e3d7bfdc3b485f59d2de64a2a77a29947c5565874867fb169daff7fa2573,lithium-v3-deepseek-v4-flash-direction-v2-explicit-contract,2026-08-14T20:07:23+08:00
GFEX-WR-20250724,2025-07-24,accepted,,c49d84d8a2101c6532c2474ade0b63c9ed8db202c1b55a81a5fadc70cf93699e,lithium-v3-deepseek-v4-flash-direction-v2-explicit-contract,2026-08-14T20:07:23+08:00
GFEX-WR-20250730,2025-07-30,accepted,,cc03a4bd697e536ae538298f60043d1f7b799d5a02546b1f4db6a898865df8d8,lithium-v3-deepseek-v4-flash-direction-v2-explicit-contract,2026-08-14T20:07:22+08:00
GFEX-WR-20250731,2025-07-31,accepted,,c26314eefe5fc5f577d3d354357d56f78480ac986fec13504abe89cd05e2e045,lithium-v3-deepseek-v4-flash-direction-v2-explicit-contract,2026-08-14T20:07:24+08:00
GFEX-WR-20250801,2025-08-01,accepted,,cc353878ef85787f163bb83de055fde59a75e42f011a9be6ab4824c716dbd075,lithium-v3-deepseek-v4-flash-direction-v2-explicit-contract,2026-08-14T20:07:24+08:00
CNINFO-002594-1224368797,2025-08-02,accepted,,951710e09a5f67cecaaf2a81d32b546fb9bafbbacfee5e42e620509e4c394a3d,lithium-v3-deepseek-v4-flash-direction-v2-explicit-contract,2026-08-14T20:07:24+08:00
GFEX-WR-20250804,2025-08-04,accepted,,0ea0f3af94b0ca05e7071aa3db8512e544c30c31103e69f76844f51453db70a6,lithium-v3-deepseek-v4-flash-direction-v2-explicit-contract,2026-08-14T20:07:24+08:00
GFEX-WR-20250805,2025-08-05,accepted,,3ef73cefa1070848e4032a4e26110aacd50a923d5e5bd4d9efd7a572027ca458,lithium-v3-deepseek-v4-flash-direction-v2-explicit-contract,2026-08-14T20:07:24+08:00
GFEX-WR-20250807,2025-08-07,accepted,,a7cd961b178501919a49e09479d7c18900b362999c5356fb5e2630f2efb6b688,lithium-v3-deepseek-v4-flash-direction-v2-explicit-contract,2026-08-14T20:07:24+08:00
GFEX-WR-20250808,2025-08-08,accepted,,52aac30f3b77245fdf5278562a460d9fae2ec05c2d0360de6e7c7cc28b82d304,lithium-v3-deepseek-v4-flash-direction-v2-explicit-contract,2026-08-14T20:07:24+08:00
GFEX-WR-20250812,2025-08-12,accepted,,0402840075db4ae179a61b3035c71c117142ff85299a8a74523d889558885d20,lithium-v3-deepseek-v4-flash-direction-v2-explicit-contract,2026-08-14T20:07:24+08:00
GFEX-WR-20250813,2025-08-13,accepted,,317227bef54feb61883dc64dbbc3d0603548226b85896ba75c89a4c9e62f180d,lithium-v3-deepseek-v4-flash-direction-v2-explicit-contract,2026-08-14T20:07:27+08:00
GFEX-WR-20250815,2025-08-15,accepted,,b020206e1a4663baab67a2df63908ec7182464a98e6282f7063fccfbc8eb456b,lithium-v3-deepseek-v4-flash-direction-v2-explicit-contract,2026-08-14T20:07:27+08:00
GFEX-WR-20250826,2025-08-26,accepted,,b328cca79423c15e06163a2144d343f19a9f6e33700861b118033e6094350bea,lithium-v3-deepseek-v4-flash-direction-v2-explicit-contract,2026-08-14T20:07:27+08:00
LC-TEXT-0020,2025-08-27,accepted,,c4ae6174dbb224c25df2a8e7f8c0c6eafbf95ee876c52cefdd94a8afd8bd989a,lithium-v3-deepseek-v4-flash-direction-v2-explicit-contract,2026-08-14T20:07:27+08:00
LC-TEXT-0021,2025-08-27,accepted,,eca181ee5adac5ea03245f6a9fef0f276e86c89d76bcb66532fbf619aa311c70,lithium-v3-deepseek-v4-flash-direction-v2-explicit-contract,2026-08-14T20:07:27+08:00
GFEX-WR-20250828,2025-08-28,accepted,,baa36fabd0282c5703aa48730a4b0b02baa1a4c06f1cd307d7a30537abce9b84,lithium-v3-deepseek-v4-flash-direction-v2-explicit-contract,2026-08-14T20:07:27+08:00
GFEX-WR-20250829,2025-08-29,accepted,,356f946f25d069f065ba7263e755eef6256e60370e34f562748f60af46bae80b,lithium-v3-deepseek-v4-flash-direction-v2-explicit-contract,2026-08-14T20:07:27+08:00
GFEX-WR-20250901,2025-09-01,accepted,,574647ee4d645a605e109c6be44318604c93b1d2bc12ef2efb3b27903a005f56,lithium-v3-deepseek-v4-flash-direction-v2-explicit-contract,2026-08-14T20:07:27+08:00
CNINFO-002594-1224632702,2025-09-02,accepted,,caa39607559ae5725b356b5750a421a2c49f92c713dabc4556a3c33fe8c482b8,lithium-v3-deepseek-v4-flash-direction-v2-explicit-contract,2026-08-14T20:07:28+08:00
GFEX-WR-20250903,2025-09-03,accepted,,24898c6672d7e6f2b40d475df6dd0bf0cb2f7cfb3df4183dd4b19cdba8699e14,lithium-v3-deepseek-v4-flash-direction-v2-explicit-contract,2026-08-14T20:07:28+08:00
GFEX-WR-20250904,2025-09-04,accepted,,a3c339af2df081d9db6d39b16093e1512a553f6376751c949097adb19934b776,lithium-v3-deepseek-v4-flash-direction-v2-explicit-contract,2026-08-14T20:07:28+08:00
GFEX-WR-20250905,2025-09-05,accepted,,d5b28b0cfbabef67d0ec17f84d81640debcbf89e29ef34afe4b37c1d1bf7796d,lithium-v3-deepseek-v4-flash-direction-v2-explicit-contract,2026-08-14T20:07:28+08:00
GFEX-WR-20250908,2025-09-08,accepted,,013def702999eeaab7250259d56586ac823b73b8e29ee4af96b44b0f9d49dfae,lithium-v3-deepseek-v4-flash-direction-v2-explicit-contract,2026-08-14T20:07:28+08:00
CNINFO-300390-1224658106,2025-09-13,accepted,,4272725f4944c7becd300721bfde03b1990289b1ac17a146f6d8aa19de70a732,lithium-v3-deepseek-v4-flash-direction-v2-explicit-contract,2026-08-14T20:07:28+08:00
LC-TEXT-0022,2025-09-22,accepted,,26517a74d69e4215741ec2710e7e830571f20c74f3907b46109c4633086c683c,lithium-v3-deepseek-v4-flash-direction-v2-explicit-contract,2026-08-14T20:07:28+08:00
CNINFO-002240-1224674863,2025-09-23,accepted,,a12ff860c473cc29553cda121461af87db18ae4253a0e59a2a8bf6efa9673bbe,lithium-v3-deepseek-v4-flash-direction-v2-explicit-contract,2026-08-14T20:07:28+08:00
CNINFO-000762-1224680350,2025-09-26,accepted,,3f3924faaec32e9db347a357318533246767822eb5738caff46e048db1b03cb3,lithium-v3-deepseek-v4-flash-direction-v2-explicit-contract,2026-08-14T20:07:30+08:00
CNINFO-000792-1224684751,2025-09-29,accepted,,8501080b3a18a542efce67710e2cebb25d9ca1923e0193cd2baee8471d683ac5,lithium-v3-deepseek-v4-flash-direction-v2-explicit-contract,2026-08-14T20:07:29+08:00
CNINFO-002594-1224697528,2025-10-09,accepted,,3f46049295da4d6df43c5278ca003fb4b76ef6c200bb1c88fb5f839ce126fb09,lithium-v3-deepseek-v4-flash-direction-v2-explicit-contract,2026-08-14T20:07:30+08:00
LC-TEXT-0023,2025-10-09,accepted,,10ab5d4a63ff2576a12f4f74709046b21bb15cc763e72c6b1cddc14025c602cd,lithium-v3-deepseek-v4-flash-direction-v2-explicit-contract,2026-08-14T20:07:30+08:00
CNINFO-000408-1224705558,2025-10-10,accepted,,b579076b767282dae19ab8e763e491988b01fbedf48baedd5e851f979e9fe021,lithium-v3-deepseek-v4-flash-direction-v2-explicit-contract,2026-08-14T20:07:30+08:00
GFEX-WR-20251013,2025-10-13,accepted,,7f1c2294d0337bbd0c82ae963a0955a1fdb46681a55eecee47b989c15cac169d,lithium-v3-deepseek-v4-flash-direction-v2-explicit-contract,2026-08-14T20:07:31+08:00
CNINFO-000408-1224709769,2025-10-14,accepted,,f3aca3deb97b4d1edb967ccf33390a98cfc28ee7b06a9e35b31977559e6c7b81,lithium-v3-deepseek-v4-flash-direction-v2-explicit-contract,2026-08-14T20:07:30+08:00
CNINFO-000792-1224708917,2025-10-14,accepted,,0a4f567d470bb13a348851164e87d9d8cc4a71fcbe4c11a0c03aff9a11e18cc8,lithium-v3-deepseek-v4-flash-direction-v2-explicit-contract,2026-08-14T20:07:30+08:00
GFEX-WR-20251014,2025-10-14,accepted,,3bf21b39588f57c57cfc322384c1634e34e178a9d42604bfaf1cb2a44ced48f4,lithium-v3-deepseek-v4-flash-direction-v2-explicit-contract,2026-08-14T20:07:32+08:00
GFEX-WR-20251015,2025-10-15,accepted,,b528ba80ae3ab6b5a44b1c59eead6c8a396f186d12a88211aefa38b563acd387,lithium-v3-deepseek-v4-flash-direction-v2-explicit-contract,2026-08-14T20:07:32+08:00
GFEX-WR-20251016,2025-10-16,accepted,,1f0801ae364e7cdf8e0b478ecd2a2aaad62c525c82998c90fe52b0273c79144c,lithium-v3-deepseek-v4-flash-direction-v2-explicit-contract,2026-08-14T20:07:33+08:00
CNINFO-002466-1224717739,2025-10-18,accepted,unverifiable_direction_demoted,5e652708c2026eb7babccfe9f1dd3c3813f387c28b67f221b73e8582bdc899dd,lithium-v3-deepseek-v4-flash-direction-v2-explicit-contract,2026-08-14T20:07:32+08:00
GFEX-WR-20251022,2025-10-22,accepted,,a3fc00b996b933ad952a5d9edfb488514f49272ec4afdd99c5aa1870fc54f428,lithium-v3-deepseek-v4-flash-direction-v2-explicit-contract,2026-08-14T20:07:33+08:00
CNINFO-300390-1224736852,2025-10-25,accepted,unverifiable_direction_demoted,53ca6a19b04537ae74efcb06b33e39beeb4b488653ddddd2158312fb3d558247,lithium-v3-deepseek-v4-flash-direction-v2-explicit-contract,2026-08-14T20:07:31+08:00
GFEX-WR-20251027,2025-10-27,accepted,,d72ed962973edf3d88a75223346244b19b2600505061847e1ce9a0a599942a08,lithium-v3-deepseek-v4-flash-direction-v2-explicit-contract,2026-08-14T20:07:32+08:00
CNINFO-002460-1224755096,2025-10-29,accepted,,1c4561cafcc383930edf6c6605af292759f4dc3172a3504bb4d9b512cb27d659,lithium-v3-deepseek-v4-flash-direction-v2-explicit-contract,2026-08-14T20:07:32+08:00
CNINFO-002240-1224781544,2025-11-01,accepted,,cbd29de5824a4d41d8c90dd3b30fd1e48c61c6d890f8e45cea47d3dd8c5c2e50,lithium-v3-deepseek-v4-flash-direction-v2-explicit-contract,2026-08-14T20:07:33+08:00
CNINFO-002594-1224781922,2025-11-03,accepted,,d00699832f103adafef694c1e5221f46c38151ec61bd8ca6ba758a29e1d225f0,lithium-v3-deepseek-v4-flash-direction-v2-explicit-contract,2026-08-14T20:07:34+08:00
GFEX-WR-20251107,2025-11-07,accepted,,c09daa0d5d32a6e6b31c508c20fbcc049908ae3b8f3a328cb416f9938ba2592e,lithium-v3-deepseek-v4-flash-direction-v2-explicit-contract,2026-08-14T20:07:33+08:00
CNINFO-002460-1224795440,2025-11-11,accepted,,5880f940cabbf5ff99d6a98ce499da72ff89ec15c1cc7ab08b82e9e60126eb2a,lithium-v3-deepseek-v4-flash-direction-v2-explicit-contract,2026-08-14T20:07:34+08:00
CNINFO-002176-1224806565,2025-11-15,accepted,,5e56e6b499b34deaed3ebbae0940b40dd0d9ebd9f941a6820b2c2af057c6f232,lithium-v3-deepseek-v4-flash-direction-v2-explicit-contract,2026-08-14T20:07:34+08:00
CNINFO-002240-1224812521,2025-11-19,accepted,,86134079aeb2f208e0076bd10b03f2eae2cef1943691e2cb2cf5c39d0e8230eb,lithium-v3-deepseek-v4-flash-direction-v2-explicit-contract,2026-08-14T20:07:34+08:00
GFEX-WR-20251128,2025-11-28,accepted,,8f6301b0d16a9ef2fa788ac57d2d699aec0dfce46e89919b0689a63d85797045,lithium-v3-deepseek-v4-flash-direction-v2-explicit-contract,2026-08-14T20:07:35+08:00
GFEX-WR-20251201,2025-12-01,accepted,,c31b99db6a05497d94861a68fa53f662d43429c3e72e257de20fbe6544a00c70,lithium-v3-deepseek-v4-flash-direction-v2-explicit-contract,2026-08-14T20:07:34+08:00
CNINFO-002594-1224841562,2025-12-02,accepted,,7be0aa6412d6f12dcff997cb05a385528e19b7665e18f076fb385c77d1cc2fe1,lithium-v3-deepseek-v4-flash-direction-v2-explicit-contract,2026-08-14T20:07:34+08:00
LC-TEXT-0024,2025-12-02,accepted,,4bb334d41255dfa26d6ca82eea27c74440614e2d5a3e1de44e69b5615b76485f,lithium-v3-deepseek-v4-flash-direction-v2-explicit-contract,2026-08-14T20:07:35+08:00
GFEX-WR-20251208,2025-12-08,accepted,,eea3bd21c1ce2ab3721112cb88969ca94c79841ef101db196729b04fed861f5a,lithium-v3-deepseek-v4-flash-direction-v2-explicit-contract,2026-08-14T20:07:35+08:00
CNINFO-002466-1224858142,2025-12-09,accepted,,dccac815acce571d5c3a58ed8523bf322a9da28cae1a20e04c8ba826875b1f59,lithium-v3-deepseek-v4-flash-direction-v2-explicit-contract,2026-08-14T20:07:35+08:00
CNINFO-300390-1224862955,2025-12-10,accepted,unverifiable_direction_demoted,c6fe0a33033f5ff74c69a6a33b8c89d516fd9b91d5c1815ee61d993fe554d7a0,lithium-v3-deepseek-v4-flash-direction-v2-explicit-contract,2026-08-14T20:07:35+08:00
GFEX-WR-20251211,2025-12-11,accepted,,ebe792ed841fe6b03e9307729d2f6a5088bc86c390bfc43bf5132190219121c3,lithium-v3-deepseek-v4-flash-direction-v2-explicit-contract,2026-08-14T20:07:35+08:00
LC-TEXT-0025,2025-12-11,accepted,,d609bdb024e06ea6bfa522084c0f0019207d5aaabe902e1e99d31d614a876cc9,lithium-v3-deepseek-v4-flash-direction-v2-explicit-contract,2026-08-14T20:07:40+08:00
LC-TEXT-0026,2025-12-16,accepted,,9d2bd4ad62e15f880733c34b6a34bfd57a9b360542a07dde756f2fcad91c8ada,lithium-v3-deepseek-v4-flash-direction-v2-explicit-contract,2026-08-14T20:07:40+08:00
CNINFO-000408-1224882118,2025-12-17,accepted,,0fc25ebfca35fea01f7c58013d3d585d40a82514c1db1627517d435d16ecbaa6,lithium-v3-deepseek-v4-flash-direction-v2-explicit-contract,2026-08-14T20:07:40+08:00
CNINFO-002176-1224880823,2025-12-17,accepted,,b87c430546ded3bfd801af865a413051347043a1f9b3f209167fd391c0e1c960,lithium-v3-deepseek-v4-flash-direction-v2-explicit-contract,2026-08-14T20:07:40+08:00
CNINFO-002240-1224888567,2025-12-20,accepted,,139d52b3fc058a7f2f17d5f8867639aad9fd7bf69ffcf4c7f607a4fcdb6b5198,lithium-v3-deepseek-v4-flash-direction-v2-explicit-contract,2026-08-14T20:07:40+08:00
CNINFO-002466-1224887213,2025-12-20,accepted,,1d95a0f2c887719d09098b028553a1d3da4d7bd888f87d18c35deeca7d86bf53,lithium-v3-deepseek-v4-flash-direction-v2-explicit-contract,2026-08-14T20:07:40+08:00
GFEX-WR-20251222,2025-12-22,accepted,,5d2aacd017c1081b0eb3385bd16c687c2c90203ba8a864245795c819c80b7681,lithium-v3-deepseek-v4-flash-direction-v2-explicit-contract,2026-08-14T20:07:40+08:00
CNINFO-300390-1224893767,2025-12-23,accepted,,2952047ab1a1f51c89ebef1dae95cd171bcb9c5a6da43bee93121003baf00f6b,lithium-v3-deepseek-v4-flash-direction-v2-explicit-contract,2026-08-14T20:07:40+08:00
CNINFO-002738-1224893161,2025-12-24,accepted,,be4c167183dff09453e2a9dc93c3736097211a00a4544e20e682a2b9e41da06b,lithium-v3-deepseek-v4-flash-direction-v2-explicit-contract,2026-08-14T20:07:41+08:00
CNINFO-002176-1224896476,2025-12-25,accepted,,dff313d1a757c326e9adb689f548f449b1fbd435446655352e80fc5f7a84488e,lithium-v3-deepseek-v4-flash-direction-v2-explicit-contract,2026-08-14T20:07:41+08:00
CNINFO-002466-1224904358,2025-12-30,accepted,,71b0ef3a8dbfbaa6f579af120847fc978734fe380ff32ca41dfa2c21470a4ac8,lithium-v3-deepseek-v4-flash-direction-v2-explicit-contract,2026-08-14T20:07:41+08:00
GFEX-WR-20251230,2025-12-30,accepted,,15ecdf70d547cbfb56510658fdfd74eda8faea65441d3729dfdbb2b616ba5d52,lithium-v3-deepseek-v4-flash-direction-v2-explicit-contract,2026-08-14T20:07:41+08:00
CNINFO-000792-1224910262,2025-12-31,accepted,,7b9a5ead45fa9dcaa74207e5fcbf577bbfdc458fb932bf574a249335edf29fe8,lithium-v3-deepseek-v4-flash-direction-v2-explicit-contract,2026-08-14T20:07:42+08:00
CNINFO-000792-1224913914,2025-12-31,accepted,,d8fc2bf99a214a2fdace59d511b91a196fca58f7de24c75047252784a2c06713,lithium-v3-deepseek-v4-flash-direction-v2-explicit-contract,2026-08-14T20:07:41+08:00
CNINFO-002240-1224910270,2025-12-31,accepted,,17bf4a9e186d85639a109a1e2f44e629c1fbb13cf73b727afcf2bebea0ae3934,lithium-v3-deepseek-v4-flash-direction-v2-explicit-contract,2026-08-14T20:07:42+08:00
CNINFO-300390-1224913939,2025-12-31,accepted,,2f3f1e553a21659779066dd748af326e47feece546e8626d9716b664829095b8,lithium-v3-deepseek-v4-flash-direction-v2-explicit-contract,2026-08-14T20:07:42+08:00
GFEX-WR-20260106,2026-01-06,accepted,,4308380bedde92a2ec65233417fcdb1543724ea93a2900ad6e349b7e0b231cec,lithium-v3-deepseek-v4-flash-direction-v2-explicit-contract,2026-08-14T20:07:43+08:00
GFEX-WR-20260107,2026-01-07,accepted,,97777717a1bc0efdebc63866ccc83f8c5ea682039edc6682d49935b51788e558,lithium-v3-deepseek-v4-flash-direction-v2-explicit-contract,2026-08-14T20:07:42+08:00
LC-TEXT-0027,2026-01-08,accepted,,cae56ea8b2471de8a69ac32c7587010c76b9ddc2992202ec1b6b57d31fe82745,lithium-v3-deepseek-v4-flash-direction-v2-explicit-contract,2026-08-14T20:07:43+08:00
LC-TEXT-0028,2026-01-12,accepted,,791b288715bc33346e9d9ada8f07e00b5105536a5a7f3d921dfe6d748b65064a,lithium-v3-deepseek-v4-flash-direction-v2-explicit-contract,2026-08-14T20:07:43+08:00
GFEX-WR-20260113,2026-01-13,accepted,,a0c1f5b97292d449a694e0dc122b0628519c45f4e7b545e86db02900580ae588,lithium-v3-deepseek-v4-flash-direction-v2-explicit-contract,2026-08-14T20:07:43+08:00
LC-TEXT-0029,2026-01-16,accepted,,47afb42cbe0cd2c552ce682f4912431924fa4a418eabf71db984bd23b47a6fdb,lithium-v3-deepseek-v4-flash-direction-v2-explicit-contract,2026-08-14T20:07:43+08:00
GFEX-WR-20260121,2026-01-21,accepted,,df44a6ebed0500b49f336f46a777cc4e3db4b81834f90839898a8e9a02df8031,lithium-v3-deepseek-v4-flash-direction-v2-explicit-contract,2026-08-14T20:07:43+08:00
LC-TEXT-0030,2026-01-22,accepted,,1be5f1d83dc3399362be9ce8c36d27068d4f7d784b1a0f6a55d0decb251226dc,lithium-v3-deepseek-v4-flash-direction-v2-explicit-contract,2026-08-14T20:07:44+08:00
LC-TEXT-0031,2026-01-30,accepted,,315631fd57e61223e3a65f735a7f48ddc94ff4da6d761a37f7caae4deaf3c168,lithium-v3-deepseek-v4-flash-direction-v2-explicit-contract,2026-08-14T20:07:44+08:00
LC-TEXT-0032,2026-01-30,accepted,,c5b1c302a4addb572318a7921768213fa53a9be5fbc1ac5504ff9f92ae15e774,lithium-v3-deepseek-v4-flash-direction-v2-explicit-contract,2026-08-14T20:07:44+08:00
LC-TEXT-0033,2026-01-30,accepted,,d7cc6d5d7ad0b55660c494c96236b4f1baffc2879584313831a67efc125eba90,lithium-v3-deepseek-v4-flash-direction-v2-explicit-contract,2026-08-14T20:07:44+08:00
GFEX-WR-20260202,2026-02-02,accepted,,6613e693e9604ee7c6ae5f2e0719c94aaf98ff9dc3b3e3397db736af501e1aa6,lithium-v3-deepseek-v4-flash-direction-v2-explicit-contract,2026-08-14T20:07:44+08:00
GFEX-WR-20260203,2026-02-03,accepted,,a80ec5178045a9bea539b98b332b56208987ef858926f6a042fc9c00df1cea7f,lithium-v3-deepseek-v4-flash-direction-v2-explicit-contract,2026-08-14T20:07:44+08:00
GFEX-WR-20260204,2026-02-04,accepted,,5d7314d59649274fb5b701698b64522fb4a404e16fd0ec8366ad8aa19ac8c3f0,lithium-v3-deepseek-v4-flash-direction-v2-explicit-contract,2026-08-14T20:07:45+08:00
LC-TEXT-0034,2026-02-04,accepted,,fcb05ccd2cdb4c48cce3d4fd7253dbf971585cac3dc4b440616078fe8570a770,lithium-v3-deepseek-v4-flash-direction-v2-explicit-contract,2026-08-14T20:07:45+08:00
GFEX-WR-20260209,2026-02-09,accepted,,178ee892ce3006a9279920d24b210acf92a7619a59864e23ea249428f8c800de,lithium-v3-deepseek-v4-flash-direction-v2-explicit-contract,2026-08-14T20:07:46+08:00
GFEX-WR-20260210,2026-02-10,accepted,,b8662724042de0a21eb13e6fbe99b752c1c03ace399473ace57479738df200a0,lithium-v3-deepseek-v4-flash-direction-v2-explicit-contract,2026-08-14T20:07:46+08:00
GFEX-WR-20260212,2026-02-12,accepted,,8d4e03062729b7a4be30d628e0516e6a7f4b19b47d08bf81f1ca344c79092bcc,lithium-v3-deepseek-v4-flash-direction-v2-explicit-contract,2026-08-14T20:07:45+08:00
GFEX-WR-20260213,2026-02-13,accepted,,e090a12c6247114a935912c9348c84c25d069d62f11e75a37406e0e7cfde279a,lithium-v3-deepseek-v4-flash-direction-v2-explicit-contract,2026-08-14T20:07:45+08:00
LC-TEXT-0035,2026-03-03,accepted,,fc2e1a15b4887345f4279bbbd4b7bc5b5f4fe6b506a852df1f6e116967b2e743,lithium-v3-deepseek-v4-flash-direction-v2-explicit-contract,2026-08-14T20:07:45+08:00
LC-TEXT-0036,2026-03-03,accepted,,bed2bacd4f45ec554a99efeb75f4d0ae4725649c54e626cce9dec3245fbc2b89,lithium-v3-deepseek-v4-flash-direction-v2-explicit-contract,2026-08-14T20:07:46+08:00
LC-TEXT-0037,2026-03-06,accepted,,0af97ee1cf1b08753ba756e7862913f54de042fae089324ab57bc18d59e9881c,lithium-v3-deepseek-v4-flash-direction-v2-explicit-contract,2026-08-14T20:07:46+08:00
LC-TEXT-0038,2026-03-12,accepted,,2d194fd7fe2e7921c7e0b85974e95a2b770dc9b5b80229e293564293b66b1be5,lithium-v3-deepseek-v4-flash-direction-v2-explicit-contract,2026-08-14T20:07:47+08:00
LC-TEXT-0039,2026-03-13,accepted,,4ed0e6e7fa613b70ba9f717ac555e9a88b9113e55a0ae190694ce43b4f0b4e21,lithium-v3-deepseek-v4-flash-direction-v2-explicit-contract,2026-08-14T20:07:46+08:00
GFEX-WR-20260319,2026-03-19,accepted,,959a85e075de9df0565919d56a450c1eb37f6ac49a7bef79470ae4d42c40ab61,lithium-v3-deepseek-v4-flash-direction-v2-explicit-contract,2026-08-14T20:07:47+08:00
LC-TEXT-0040,2026-03-23,accepted,,e45da69780befb1adf699fdf5f95396d04e7381abe21f242c0c9fec5efaee3bc,lithium-v3-deepseek-v4-flash-direction-v2-explicit-contract,2026-08-14T20:07:47+08:00
GFEX-WR-20260324,2026-03-24,accepted,,c46a03747f506969a88ab06672de85b1af3d97a64cd963970f3fa9c7eae5c448,lithium-v3-deepseek-v4-flash-direction-v2-explicit-contract,2026-08-14T20:07:48+08:00
LC-TEXT-0041,2026-03-27,accepted,,331707ce48de5cf4c0223730e4d1d0b75bdc170d79104cd59330ad78a1430360,lithium-v3-deepseek-v4-flash-direction-v2-explicit-contract,2026-08-14T20:07:47+08:00
GFEX-WR-20260330,2026-03-30,accepted,,0c7a06a99c066a9b3a2bbcb6931e63cfde6404d9b0a64df6c1753e9e20338cd8,lithium-v3-deepseek-v4-flash-direction-v2-explicit-contract,2026-08-14T20:07:47+08:00
GFEX-WR-20260331,2026-03-31,accepted,,680aacf255eac1743b754265096a04047863e89c39b398951df4ba74d55ba5fb,lithium-v3-deepseek-v4-flash-direction-v2-explicit-contract,2026-08-14T20:07:49+08:00
GFEX-WR-20260401,2026-04-01,accepted,,cb729032fc4f30245be5a6fd14427b889614bbb8034ec553e458b62bff1af5a3,lithium-v3-deepseek-v4-flash-direction-v2-explicit-contract,2026-08-14T20:07:48+08:00
LC-TEXT-0042,2026-04-01,accepted,,09a9831f7058e6d0e8dce31155e740c118ba95d763da5781f5c9dc926ae11b51,lithium-v3-deepseek-v4-flash-direction-v2-explicit-contract,2026-08-14T20:07:48+08:00
GFEX-WR-20260402,2026-04-02,accepted,,7ef99558817fd03f8721d2c5cb554a98f32ffe3c691978f7f58d132dffdf050b,lithium-v3-deepseek-v4-flash-direction-v2-explicit-contract,2026-08-14T20:07:48+08:00
GFEX-WR-20260403,2026-04-03,accepted,,532ff6b8131afde6e1edbb019a0979419b6ef5522ed60dcf5c0159ad4e7915c1,lithium-v3-deepseek-v4-flash-direction-v2-explicit-contract,2026-08-14T20:07:48+08:00
GFEX-WR-20260408,2026-04-08,accepted,,a8f3493779ad8ee68ce855ccc1b716e75b6fc844b0c62188e3bc3cea82702ac8,lithium-v3-deepseek-v4-flash-direction-v2-explicit-contract,2026-08-14T20:07:48+08:00
LC-TEXT-0043,2026-04-08,accepted,,95e813625d909d84deb7b25eec72cd0ce644debc7c14fd14d77641fff52ffe4c,lithium-v3-deepseek-v4-flash-direction-v2-explicit-contract,2026-08-14T20:07:49+08:00
GFEX-WR-20260409,2026-04-09,accepted,,4b5fefc60a814324bf94662f1f4ff4e5a4f1db4e94ce6ca1db43006491d16b62,lithium-v3-deepseek-v4-flash-direction-v2-explicit-contract,2026-08-14T20:07:49+08:00
LC-TEXT-0044,2026-04-13,accepted,,351e6497b37740e3b79bb0ca7973a0151d212b4c79a5b6a46640a72ef55d3bad,lithium-v3-deepseek-v4-flash-direction-v2-explicit-contract,2026-08-14T20:07:49+08:00
LC-TEXT-0045,2026-04-13,accepted,,e883b1485eaf233b07ccc741b87de3310fb48b519df6be4141424703bc53604b,lithium-v3-deepseek-v4-flash-direction-v2-explicit-contract,2026-08-14T20:07:50+08:00
GFEX-WR-20260414,2026-04-14,accepted,,f3b66095635f73abe5de848e6440095b5dd8332f01afd2728117be6be7928d52,lithium-v3-deepseek-v4-flash-direction-v2-explicit-contract,2026-08-14T20:07:49+08:00
GFEX-WR-20260415,2026-04-15,accepted,,77e516bdc65c4c8420624f4f663e0eca99512c95606ab9cdb49de7cd69d943d7,lithium-v3-deepseek-v4-flash-direction-v2-explicit-contract,2026-08-14T20:07:50+08:00
GFEX-WR-20260416,2026-04-16,accepted,,29c60ef8faa644a18e13a5a21dddbfd9958ef8c38627ac6b83e217c4bd1b5e92,lithium-v3-deepseek-v4-flash-direction-v2-explicit-contract,2026-08-14T20:07:49+08:00
LC-TEXT-0046,2026-04-17,accepted,,a40c62c5c072970edf552a1c06ea7a812e930ddd57e09c52b3e049ebcf596baf,lithium-v3-deepseek-v4-flash-direction-v2-explicit-contract,2026-08-14T20:07:50+08:00
GFEX-WR-20260421,2026-04-21,accepted,,53f5f2076119c5a2bbf46b615bd83e84f83736b467015936045c44ab8f34f37a,lithium-v3-deepseek-v4-flash-direction-v2-explicit-contract,2026-08-14T20:07:51+08:00
LC-TEXT-0047,2026-04-21,accepted,,f1ed955aa92f7e3d17f878e3d67fc60bff1507fd472fb0cd9c33292530a4b085,lithium-v3-deepseek-v4-flash-direction-v2-explicit-contract,2026-08-14T20:07:50+08:00
GFEX-WR-20260424,2026-04-24,accepted,,0d50120f814b998bfad8852813ca808c85c2f41afe178a4210fd783fd5e84f3f,lithium-v3-deepseek-v4-flash-direction-v2-explicit-contract,2026-08-14T20:07:50+08:00
GFEX-WR-20260427,2026-04-27,accepted,,ded37f19aa2ee04a552f9761b0b149b9d076a7a8906a148eebdd3c76f9e0eeec,lithium-v3-deepseek-v4-flash-direction-v2-explicit-contract,2026-08-14T20:07:51+08:00
LC-TEXT-0048,2026-04-27,accepted,,c3aa0693b9e93d82be7a080d2277e2653ba810e66405d17a89d2a67a901231d6,lithium-v3-deepseek-v4-flash-direction-v2-explicit-contract,2026-08-14T20:07:51+08:00
LC-TEXT-0049,2026-04-27,accepted,,e76a85e1b0ad5d84eb6dc7369f7edee7162da50e82443c2686d0192206289069,lithium-v3-deepseek-v4-flash-direction-v2-explicit-contract,2026-08-14T20:07:51+08:00
GFEX-WR-20260428,2026-04-28,accepted,,482eff6e77002d5bb0ea18778598593057018f27b8545710502256c5dd616e8b,lithium-v3-deepseek-v4-flash-direction-v2-explicit-contract,2026-08-14T20:07:51+08:00
LC-TEXT-0050,2026-04-28,accepted,unverifiable_direction_demoted,86d914d740c1604a4396d650d2a30291f1207689a9b8d241a4070920710e0207,lithium-v3-deepseek-v4-flash-direction-v2-explicit-contract,2026-08-14T20:07:52+08:00
GFEX-WR-20260430,2026-04-30,accepted,,a60d1ac61c21f2a2e5feaf93a64a8c80a63ba5a6948dcbccf5ef523859c93ee7,lithium-v3-deepseek-v4-flash-direction-v2-explicit-contract,2026-08-14T20:07:52+08:00
GFEX-WR-20260506,2026-05-06,accepted,,662f38a476b58b690ddb54c6bcf0273cefdc095919ec67d8cd39df75960cdaf9,lithium-v3-deepseek-v4-flash-direction-v2-explicit-contract,2026-08-14T20:07:52+08:00
GFEX-WR-20260507,2026-05-07,accepted,,4e24f5ac83c4bc0ab521edb092c47f2b7fd9e668c64e0630606a2f9cfbdbf4ef,lithium-v3-deepseek-v4-flash-direction-v2-explicit-contract,2026-08-14T20:07:52+08:00
GFEX-WR-20260508,2026-05-08,accepted,,8f1432ecdc736645e66449b6946f035189cbb5866beef324d723fbcca3cbe808,lithium-v3-deepseek-v4-flash-direction-v2-explicit-contract,2026-08-14T20:07:52+08:00
LC-TEXT-0051,2026-05-09,accepted,,a8448701f281243f1a5849bf1c855bb1c90adaf35b520ab19ddac182d74f443e,lithium-v3-deepseek-v4-flash-direction-v2-explicit-contract,2026-08-14T20:07:53+08:00
GFEX-WR-20260512,2026-05-12,accepted,,845e9bd8ffc79cfbe15c5fa19013b51b6617904b7770e6bcee653ad62843812c,lithium-v3-deepseek-v4-flash-direction-v2-explicit-contract,2026-08-14T20:07:52+08:00
GFEX-WR-20260513,2026-05-13,accepted,,1ad6b8d83581fa43786db175c8645e9573bf3b1cf57a670e45c832e86e3ad1c0,lithium-v3-deepseek-v4-flash-direction-v2-explicit-contract,2026-08-14T20:07:52+08:00
GFEX-WR-20260514,2026-05-14,accepted,,e2cf5df0aa703d7514fdcdfa3f797621bef59a0c8a3b10382d5f10b047e0235f,lithium-v3-deepseek-v4-flash-direction-v2-explicit-contract,2026-08-14T20:07:53+08:00
GFEX-WR-20260515,2026-05-15,accepted,,b074d9f55b7e1c7465545b8218a4fdf9ceeb5de8444bfa8dec853c5336a3af48,lithium-v3-deepseek-v4-flash-direction-v2-explicit-contract,2026-08-14T20:07:53+08:00
GFEX-WR-20260518,2026-05-18,accepted,,2a4aeae3b52f5f79fe7efd3c10d798b5c9ffbabe23b1d1a20a7d1564362f2859,lithium-v3-deepseek-v4-flash-direction-v2-explicit-contract,2026-08-14T20:07:53+08:00
LC-TEXT-0052,2026-05-18,accepted,,051973973c6d267b40519bd6681cd53b974f9d5db152254177ff45ae667ff59c,lithium-v3-deepseek-v4-flash-direction-v2-explicit-contract,2026-08-14T20:07:54+08:00
GFEX-WR-20260525,2026-05-25,accepted,,01c0b28d2dbb871cb466b8fee784a6d5e9b7f57a511d978bcbd44ba5c20d6fd6,lithium-v3-deepseek-v4-flash-direction-v2-explicit-contract,2026-08-14T20:07:55+08:00
GFEX-WR-20260526,2026-05-26,accepted,,3a504ce507ed28799cc8afab374cb8b18c788ba0c9de63b5ef84c579d5f7c6a3,lithium-v3-deepseek-v4-flash-direction-v2-explicit-contract,2026-08-14T20:07:54+08:00
LC-TEXT-0053,2026-05-27,accepted,,c790dffe6f741d580537e8a57614a2d6c49c7c256a0bcbd610658f698b908163,lithium-v3-deepseek-v4-flash-direction-v2-explicit-contract,2026-08-14T20:07:54+08:00
GFEX-WR-20260601,2026-06-01,accepted,,294340f9e8a14b3d1d24eaa91f3e4b032ae48c7595862c8d6b9d9f7771d86d0e,lithium-v3-deepseek-v4-flash-direction-v2-explicit-contract,2026-08-14T20:07:54+08:00
LC-TEXT-0054,2026-06-01,accepted,,c44702da6e0b8cdfa438172471cb77dd051160e9fd31794caac553f20a8f875f,lithium-v3-deepseek-v4-flash-direction-v2-explicit-contract,2026-08-14T20:07:54+08:00
GFEX-WR-20260605,2026-06-05,accepted,,3ac5f44f1497440c8b6261634f2fe740ea3e17e777e594eee11f37e121ac8a2a,lithium-v3-deepseek-v4-flash-direction-v2-explicit-contract,2026-08-14T20:07:56+08:00
LC-TEXT-0055,2026-06-05,accepted,,0305ab5c83cb6133f0e9b44c1ba7d7c49eaa8df13624f524e32264a236de4c01,lithium-v3-deepseek-v4-flash-direction-v2-explicit-contract,2026-08-14T20:07:55+08:00
LC-TEXT-0056,2026-06-08,accepted,,644086254c8d2b7ba25435711ef3a5ed42adcc0ca03b10b55a371fce9f3db4e0,lithium-v3-deepseek-v4-flash-direction-v2-explicit-contract,2026-08-14T20:07:55+08:00
LC-TEXT-0057,2026-06-09,accepted,,b825096924befd0e5d8eee6370677fdeb4eedb5c4c2948ea48809ea708958634,lithium-v3-deepseek-v4-flash-direction-v2-explicit-contract,2026-08-14T20:07:55+08:00
LC-TEXT-0058,2026-06-09,accepted,,ed50f9c5d974cb32c3542bef89efd7f4fc76600050b50e1272ae4a556538f22b,lithium-v3-deepseek-v4-flash-direction-v2-explicit-contract,2026-08-14T20:07:56+08:00
GFEX-WR-20260611,2026-06-11,accepted,,1647aade123acb77aa49865728aacfe18a4477401387803623fbd6463c13748a,lithium-v3-deepseek-v4-flash-direction-v2-explicit-contract,2026-08-14T20:07:57+08:00
GFEX-WR-20260612,2026-06-12,accepted,,fb848b74460957e3077c8c489d4f06314cb2b4c1fd57d803918c775dc6458ee4,lithium-v3-deepseek-v4-flash-direction-v2-explicit-contract,2026-08-14T20:07:57+08:00
LC-TEXT-0059,2026-06-15,accepted,,4428f715f4d4c65de6c57f613299cafea740da39eaaa363f978a0ed5c4858da3,lithium-v3-deepseek-v4-flash-direction-v2-explicit-contract,2026-08-14T20:07:57+08:00
LC-TEXT-0060,2026-06-18,accepted,unverifiable_direction_demoted,bb6085054f0d6c9e6382a156c70a0db567e05db837015a8ab7458dfda99ad199,lithium-v3-deepseek-v4-flash-direction-v2-explicit-contract,2026-08-14T20:07:57+08:00
GFEX-WR-20260622,2026-06-22,accepted,,10d4d41e8f7d4cbe034e8f89cf6d454a961d6befa44dc28619799d1d44ef347d,lithium-v3-deepseek-v4-flash-direction-v2-explicit-contract,2026-08-14T20:07:58+08:00
GFEX-WR-20260624,2026-06-24,accepted,,38b66a93a4009dee938feb0491ad43d3c36016eef3ecd1ea9e7ea859ae942048,lithium-v3-deepseek-v4-flash-direction-v2-explicit-contract,2026-08-14T20:07:58+08:00
LC-TEXT-0061,2026-06-24,accepted,,42c9f40a87f33138d6bde9ca22f94e43396629dec9cf5ea6c748ca0adbd4c65c,lithium-v3-deepseek-v4-flash-direction-v2-explicit-contract,2026-08-14T20:07:58+08:00
GFEX-WR-20260706,2026-07-06,accepted,,21ec8619e24cdda880a354d4b3562734f81e47da140bde95cdfeab87819c38f9,lithium-v3-deepseek-v4-flash-direction-v2-explicit-contract,2026-08-14T20:07:59+08:00
GFEX-WR-20260708,2026-07-08,accepted,,8c13a3fe4d6bc13c828b9a917658741cf4d023bf942d74727a4cdee92bf47580,lithium-v3-deepseek-v4-flash-direction-v2-explicit-contract,2026-08-14T20:07:59+08:00
GFEX-WR-20260710,2026-07-10,accepted,,556953d12342dcf9e88c0c3fb3e0750a529cc80b642090f3ab617e21a788a112,lithium-v3-deepseek-v4-flash-direction-v2-explicit-contract,2026-08-14T20:07:59+08:00
GFEX-WR-20260716,2026-07-16,accepted,,0cbd409b6ab982e66cdc316e725e7db081ac31d827e5613a24eb436094053547,lithium-v3-deepseek-v4-flash-direction-v2-explicit-contract,2026-08-14T20:10:20+08:00
GFEX-WR-20260717,2026-07-17,accepted,,f3615d84413a1895283c6a959fa410fa946487a73e341d9dac375fcf4ca90c62,lithium-v3-deepseek-v4-flash-direction-v2-explicit-contract,2026-08-14T20:08:00+08:00
GFEX-WR-20260720,2026-07-20,accepted,,f2b5ad6ca941cfea9a274d5c72a49e335aad05937008172e407a31423860d2e3,lithium-v3-deepseek-v4-flash-direction-v2-explicit-contract,2026-08-14T20:07:59+08:00
GFEX-WR-20260727,2026-07-27,accepted,,0446da8ca41a953189b5a854d8ba4b47c1a5fbd2fa6198aea6f0ef3e9cda1a80,lithium-v3-deepseek-v4-flash-direction-v2-explicit-contract,2026-08-14T20:08:01+08:00
GFEX-WR-20260729,2026-07-29,accepted,,e9c22f36d924b2a54389b6b8a1ef837bcac4d315466ec1bf0bf4e3a5201caea3,lithium-v3-deepseek-v4-flash-direction-v2-explicit-contract,2026-08-14T20:07:59+08:00
GFEX-WR-20260731,2026-07-31,accepted,,7a6d60364fb240bdb1848575adf7c122a4cce856fac4321f372791b6854ab7f0,lithium-v3-deepseek-v4-flash-direction-v2-explicit-contract,2026-08-14T20:08:02+08:00
GFEX-WR-20260803,2026-08-03,accepted,,204cdd4ecf276c265d260d63d0a68ec06fd60311c3d38498ce9d781539b7aec5,lithium-v3-deepseek-v4-flash-direction-v2-explicit-contract,2026-08-14T20:08:00+08:00
GFEX-WR-20260804,2026-08-04,accepted,,4f1492f5dc88699b29703fbb63ce54cdd2712e2e1797666a76ac365082f310f2,lithium-v3-deepseek-v4-flash-direction-v2-explicit-contract,2026-08-14T20:08:01+08:00
