doc_id,stock_code,issuer_name,publish_time,announcement_id,url,pdf_sha256,content_sha256,pdf_bytes,pdf_pages,selected_chars,queried_at,selection_policy
CNINFO-002738-1217358968,002738,中矿资源,2023-07-22,1217358968,https://static.cninfo.com.cn/finalpage/2023-07-22/1217358968.PDF,c4ca3d5dee9f18468e357371e1ba4f82420e48290e175b0093fe188151f154ff,d0cdd79fd2dccbccf8aaf6e2f59ca7a45726091589dcc78fdbc4ffe7b00b89f0,308362,2,1020,2026-08-14T18:42:43+08:00,issuer_title_and_document_relevance_without_market_returns
CNINFO-000408-1217375668,000408,藏格矿业,2023-07-25,1217375668,https://static.cninfo.com.cn/finalpage/2023-07-25/1217375668.PDF,af4fa1fc999453e58cb726762c46682d7ae011da70363f47398e1720e51c51d0,5d55d398a687bc6ae837315aa3edacf6c33412ab08dc07e8437dae15b002307e,281175,4,2599,2026-08-14T18:42:33+08:00,issuer_title_and_document_relevance_without_market_returns
CNINFO-000762-1217374402,000762,西藏矿业,2023-07-25,1217374402,https://static.cninfo.com.cn/finalpage/2023-07-25/1217374402.PDF,7d8833bf6caf230e1d4f88bc1510906d6754956e8eba3518a073ea00cfe70dbe,5924a5c47ea79af874ad2453757e0e12e5759f172242aeb4d124f9a0e9e7c540,359610,5,2287,2026-08-14T18:42:48+08:00,issuer_title_and_document_relevance_without_market_returns
CNINFO-002460-1217404026,002460,赣锋锂业,2023-07-28,1217404026,https://static.cninfo.com.cn/finalpage/2023-07-28/1217404026.PDF,900dac996173eb70124f1d047b6511c6e9fde57f41ec90e67951b9d391f4039f,ee424cde0b462b1e7c2e9f34a987913100883d84a38a653c526e3e456f5f62f1,242761,9,5314,2026-08-14T18:42:06+08:00,issuer_title_and_document_relevance_without_market_returns
CNINFO-002497-1217444659,002497,雅化集团,2023-08-02,1217444659,https://static.cninfo.com.cn/finalpage/2023-08-02/1217444659.PDF,f062cd87a085d073da764aaf0a40f08f19550cfddc09165db2c5b6468a456f47,999cbdb9581ab0bd996558aedea14b6c009ab8cd03bad2e613984cfea30f9834,168099,3,1699,2026-08-14T18:42:23+08:00,issuer_title_and_document_relevance_without_market_returns
CNINFO-002594-1217445214,002594,比亚迪,2023-08-02,1217445214,https://static.cninfo.com.cn/finalpage/2023-08-02/1217445214.PDF,1f5d091765fecc9a8c59f29cd4f616d7965f0032d8ad7f668aee1e71b5d47dd7,5383b2e451eebb4d371bbd189bcab4d5690c815dc6792940c7b530756a8888ae,86716,2,1195,2026-08-14T18:42:56+08:00,issuer_title_and_document_relevance_without_market_returns
CNINFO-002497-1217452811,002497,雅化集团,2023-08-03,1217452811,https://static.cninfo.com.cn/finalpage/2023-08-03/1217452811.PDF,d4d8caa2bd6659539528f09613acd98fb8221cb653269ca7d5ea1d7b007ab1ba,3462d6ab634b7b79940854658c0546b8c1a68c8646927d013721919cfb839ff0,184141,3,1982,2026-08-14T18:42:23+08:00,issuer_title_and_document_relevance_without_market_returns
CNINFO-300390-1217501930,300390,天华新能,2023-08-09,1217501930,https://static.cninfo.com.cn/finalpage/2023-08-09/1217501930.PDF,6fcea2260041a5add996642e590c99c6a93e678837182c5016ae55a4313b3d0b,fc579edd8e64102fc4ff9130cab7cc87224ae5861fa0452985bd8a33033f4870,294786,5,3665,2026-08-14T18:42:39+08:00,issuer_title_and_document_relevance_without_market_returns
CNINFO-002738-1217599122,002738,中矿资源,2023-08-22,1217599122,https://static.cninfo.com.cn/finalpage/2023-08-22/1217599122.PDF,c03d5e835da9aaf197b47c9ff3773a21bd08ae7a072bd2ce6403cb3ed50d6947,de0564d8cdaf6ea397c7ca1eb0045d2065cfb63ce6c663933a8b3b785bef1e8a,587794,5,3361,2026-08-14T18:42:43+08:00,issuer_title_and_document_relevance_without_market_returns
CNINFO-002738-1217599123,002738,中矿资源,2023-08-22,1217599123,https://static.cninfo.com.cn/finalpage/2023-08-22/1217599123.PDF,3f8aaba0db109f3a3e75f92ee04d11bad8bde103211651f5c51619bf7578557c,17ca62d229863fc9848217d118342b585fec5c5bb959473c0381874d0959e289,506725,1,534,2026-08-14T18:42:43+08:00,issuer_title_and_document_relevance_without_market_returns
CNINFO-002466-1217718807,002466,天齐锂业,2023-08-31,1217718807,https://static.cninfo.com.cn/finalpage/2023-08-31/1217718807.PDF,5ce8db65de1211f1c977cc2fc3181cb5f5e91e63857d6cbb8790bfb0b183c722,70a862e4394dce8cd62e9027f49815368024f8c6fd9798cc9686a8cdd26cd90c,224525,1,515,2026-08-14T18:42:12+08:00,issuer_title_and_document_relevance_without_market_returns
CNINFO-002594-1217758661,002594,比亚迪,2023-09-02,1217758661,https://static.cninfo.com.cn/finalpage/2023-09-02/1217758661.PDF,91589bc6b27f4f195e6683af0d7465d2080b1c623a7414ac6beb8bef6a925893,5df5932798ed833da5a83d04bb0f0f12f9044b6417252d0c44f50072d83ec7a0,85675,2,1187,2026-08-14T18:42:56+08:00,issuer_title_and_document_relevance_without_market_returns
CNINFO-000792-1217886002,000792,盐湖股份,2023-09-19,1217886002,https://static.cninfo.com.cn/finalpage/2023-09-19/1217886002.PDF,df1c465ef8e229a9de5f41336cfc3d053a2b8f243cf728dcf6d569a6f126bae8,dc8c8ba87487d952beda20bdcd06533f1dd8406200681ad61f8951cee5c98b6b,250873,3,2347,2026-08-14T18:42:28+08:00,issuer_title_and_document_relevance_without_market_returns
CNINFO-000792-1217888488,000792,盐湖股份,2023-09-19,1217888488,https://static.cninfo.com.cn/finalpage/2023-09-19/1217888488.PDF,130d6bc8697cbef0cccc86895914653ea21618fa6e2c25b5442fff08d956263a,72b3a84f6f17ccd856f7a48f56cb1c0e7159dd155de40f835c5ab60b7f8ef373,250996,3,2349,2026-08-14T18:42:29+08:00,issuer_title_and_document_relevance_without_market_returns
CNINFO-002460-1217971863,002460,赣锋锂业,2023-09-28,1217971863,https://static.cninfo.com.cn/finalpage/2023-09-28/1217971863.PDF,7e85c45fa4044a7125ce587eaadd091d49ac7eaa4e7338a8c065bb288efb4d63,4c9b98bf7238815b1c4a88a3aa618cd924d88209786ad9dac2fcf7da36fd3456,190417,1,465,2026-08-14T18:42:06+08:00,issuer_title_and_document_relevance_without_market_returns
CNINFO-002594-1217994677,002594,比亚迪,2023-10-09,1217994677,https://static.cninfo.com.cn/finalpage/2023-10-09/1217994677.PDF,dc034fdabac7cc11b9d75e51acedc09741722b255c19ecd0ccbccfd2d3e00eb8,02bd9322f4056a185fd3d3f9895c007a53b05efe172ab88e9653543687c11305,86748,2,1204,2026-08-14T18:42:56+08:00,issuer_title_and_document_relevance_without_market_returns
CNINFO-000762-1218020027,000762,西藏矿业,2023-10-13,1218020027,https://static.cninfo.com.cn/finalpage/2023-10-13/1218020027.PDF,7a7f44d307884ff02f6d22e808dd9f37da4d19a6cf223d63b130d65bb372fbe0,b961b7d5e5445fb73c4bef86ee96cbbe8452bbd85cef533099bb2ea258a9118d,290869,2,1121,2026-08-14T18:42:48+08:00,issuer_title_and_document_relevance_without_market_returns
CNINFO-000792-1218031533,000792,盐湖股份,2023-10-14,1218031533,https://static.cninfo.com.cn/finalpage/2023-10-14/1218031533.PDF,36afa740b9c4890beebd950832b94291af8f1d7b9b4347a98f1076831929c9af,929abdc386f7b2b583d65cf7bf831f2b7128bd32dd4bf0eb3add3e10c2f9db88,222390,2,1016,2026-08-14T18:42:29+08:00,issuer_title_and_document_relevance_without_market_returns
CNINFO-002460-1218047768,002460,赣锋锂业,2023-10-17,1218047768,https://static.cninfo.com.cn/finalpage/2023-10-17/1218047768.PDF,70e6ba2855ae05d71dba7994397aa93abf79ffe5ec80248b456312e89622938c,e554c35ed94ee6e9f44410f32ec883eaa2468ed1fdca089e37aab7670f5704cc,244670,4,1716,2026-08-14T18:42:06+08:00,issuer_title_and_document_relevance_without_market_returns
CNINFO-002594-1218232006,002594,比亚迪,2023-11-02,1218232006,https://static.cninfo.com.cn/finalpage/2023-11-02/1218232006.PDF,caf9e98d8d8afd8b132e964fd7d2fa8db44d1f707f03f15dee4f7dd5f3a3c528,228c68fd420d05168192d7e9bea36cd0582f8408cbec7ca46babb1057ae7d6b0,86841,2,1219,2026-08-14T18:42:56+08:00,issuer_title_and_document_relevance_without_market_returns
CNINFO-000408-1218269063,000408,藏格矿业,2023-11-07,1218269063,https://static.cninfo.com.cn/finalpage/2023-11-07/1218269063.PDF,5859a4853b767279453c9648407a0a446fba23227ab6e9665572a2ef090eac10,7e3f715504e535d8cf2ed2a6203787a120fccd8e4a70028c92642bffdfea3b39,288691,6,4351,2026-08-14T18:42:33+08:00,issuer_title_and_document_relevance_without_market_returns
CNINFO-000408-1218292119,000408,藏格矿业,2023-11-10,1218292119,https://static.cninfo.com.cn/finalpage/2023-11-10/1218292119.PDF,0a56e8c6e7ccc2a74176c01a7905a077c7fdd54a836b7cf58988a5d73e6f9871,48867a07e46e01d4da429e8281bde7c3993d2f950ce9a29db16aa3eae6d035e9,337850,8,5878,2026-08-14T18:42:33+08:00,issuer_title_and_document_relevance_without_market_returns
CNINFO-002738-1218293311,002738,中矿资源,2023-11-10,1218293311,https://static.cninfo.com.cn/finalpage/2023-11-10/1218293311.PDF,d595470bf62cfed8b048a861b789caa7928dfccf082f0e1b44ae9107fc300092,abf498238c66e00e7cac53dff3f7d2dcd2296ec36b77d7716f4cdd20da0acd51,432847,3,2134,2026-08-14T18:42:43+08:00,issuer_title_and_document_relevance_without_market_returns
CNINFO-002738-1218362142,002738,中矿资源,2023-11-17,1218362142,https://static.cninfo.com.cn/finalpage/2023-11-17/1218362142.PDF,029c14c911d4cba86f5cd7ad34b0846aa0605cf82b1c303a01df67fac60411df,a2a850b468e369bc7c28b36c1e81301db7c0f61e018495499844e133afbdab6a,290670,2,1099,2026-08-14T18:42:43+08:00,issuer_title_and_document_relevance_without_market_returns
CNINFO-002738-1218369754,002738,中矿资源,2023-11-18,1218369754,https://static.cninfo.com.cn/finalpage/2023-11-18/1218369754.PDF,7b1201c79b7b7682e059e98c3e36554d84f72aa2fba5225e248b0040378ec17b,77e7f692f966a2c79400e6c4558ec278ae658a65affdc7f8d6a1c4210770ef2d,328676,2,1225,2026-08-14T18:42:43+08:00,issuer_title_and_document_relevance_without_market_returns
CNINFO-000762-1218378825,000762,西藏矿业,2023-11-21,1218378825,https://static.cninfo.com.cn/finalpage/2023-11-21/1218378825.PDF,42ec8a070dfcb531fa268f7c381bf7ac1cf3a6070973ad9726649ff61368bde6,14d83709f6b4d0603c74e789f160378f827d59933802303e62c37a1fcc4be11b,206808,1,550,2026-08-14T18:42:48+08:00,issuer_title_and_document_relevance_without_market_returns
CNINFO-000762-1218382501,000762,西藏矿业,2023-11-21,1218382501,https://static.cninfo.com.cn/finalpage/2023-11-21/1218382501.PDF,e3e5d2926c625bc085807739d14bd15f6facce7ffeae227db984b4dc383f52b3,d349e466cc75d1d22fd34269442dbbeb5eed2ab5e02247fcae83eb55e2161cef,274363,3,1710,2026-08-14T18:42:48+08:00,issuer_title_and_document_relevance_without_market_returns
CNINFO-002466-1218455746,002466,天齐锂业,2023-11-28,1218455746,https://static.cninfo.com.cn/finalpage/2023-11-28/1218455746.PDF,afddb92f57d98caefdd031a279101e687b86ca2156acbadeed8721055d3eed98,782e1001dc339ab56310a69964bbb3fff6a7b2ecbbe7a4b407db9ae3d1507b4b,187794,1,473,2026-08-14T18:42:12+08:00,issuer_title_and_document_relevance_without_market_returns
CNINFO-002497-1218483826,002497,雅化集团,2023-12-01,1218483826,https://static.cninfo.com.cn/finalpage/2023-12-01/1218483826.PDF,059f6918a44b3b34b2a21ba5924b1452811cf4791d5638cedf35f6aeaa2777c1,19786f6eec15390cf4115c77a041fdf848de76d0573c8c3381eb683195d6175e,220565,4,3089,2026-08-14T18:42:23+08:00,issuer_title_and_document_relevance_without_market_returns
CNINFO-002594-1218498293,002594,比亚迪,2023-12-02,1218498293,https://static.cninfo.com.cn/finalpage/2023-12-02/1218498293.PDF,20bc9d1d9a58a10a92f576c847ac00ab5d8e47e70bd3cc9110d7537819d023b5,7a1e2d894f0c84b550d2955e3c2765ea83096e78140d499156c95f17f1983c16,85736,2,1221,2026-08-14T18:42:56+08:00,issuer_title_and_document_relevance_without_market_returns
CNINFO-300390-1218562450,300390,天华新能,2023-12-08,1218562450,https://static.cninfo.com.cn/finalpage/2023-12-08/1218562450.PDF,28202224291341fdf9a2f337bafef5fc12690ff6708e223ed3f966c7e82bc586,040cc20e004f274f75af7a4278891241102d83c2367b12cb789b1ef5e2bbd4c5,399294,2,1710,2026-08-14T18:42:39+08:00,issuer_title_and_document_relevance_without_market_returns
CNINFO-002240-1218593292,002240,盛新锂能,2023-12-13,1218593292,https://static.cninfo.com.cn/finalpage/2023-12-13/1218593292.PDF,0cae48917850c32db16e73b0c44faaa353317e3ac5d3de5033092ef1c183f026,d90ceda8708f3f73f82bcb39332d05b2d0bce616a82b17a7d531d60a82bdf0e4,243332,4,2848,2026-08-14T18:42:19+08:00,issuer_title_and_document_relevance_without_market_returns
CNINFO-002240-1218645646,002240,盛新锂能,2023-12-18,1218645646,https://static.cninfo.com.cn/finalpage/2023-12-18/1218645646.PDF,f5a648e3ec20dd1b340b9035b99be817d508d2cb648c6e0133e717541a50be65,07d69632bb51c78a6956c8e96c7e99b6a937c509c62c9a0de1e94709756a5800,242125,6,4622,2026-08-14T18:42:19+08:00,issuer_title_and_document_relevance_without_market_returns
CNINFO-000762-1218653636,000762,西藏矿业,2023-12-19,1218653636,https://static.cninfo.com.cn/finalpage/2023-12-19/1218653636.PDF,11341355099229292d358e1daba2335beeb265864cbb9c1da0f66b5d7394bf0d,b4b57c0d253b0d4def42db63f47a5198989bd827ce13f42957c6e1ad4ae40da3,216558,2,813,2026-08-14T18:42:48+08:00,issuer_title_and_document_relevance_without_market_returns
CNINFO-002466-1218706313,002466,天齐锂业,2023-12-23,1218706313,https://static.cninfo.com.cn/finalpage/2023-12-23/1218706313.PDF,a4b53de64aaaa2e659e0a1468b3c04c361ad3591ebaba8445cb21dcd86f3e470,20224a74d77281e52a42642e2ad6438e29643345cdd42472b8a50658f8da06b0,231155,2,1557,2026-08-14T18:42:12+08:00,issuer_title_and_document_relevance_without_market_returns
CNINFO-002594-1218785061,002594,比亚迪,2024-01-02,1218785061,https://static.cninfo.com.cn/finalpage/2024-01-02/1218785061.PDF,4cc50ce95cf5b70db454730d7730cb4c041679729ee2d5303ff719f1e189e8f3,a7ef0e21d2b6f57135aaad63db790bd92c6f15540db4b13cb901920f001dc88a,76630,2,1219,2026-08-14T18:42:56+08:00,issuer_title_and_document_relevance_without_market_returns
CNINFO-002497-1218858098,002497,雅化集团,2024-01-12,1218858098,https://static.cninfo.com.cn/finalpage/2024-01-12/1218858098.PDF,cf14950df5472d866d2dca86130094c4b9a6196772643b297153f6cb8b7bcdbb,42a4aeaafbbb64ad124658f68458d4890d096c1b4ce6035aa7e68ac186dd31a2,211614,1,507,2026-08-14T18:42:23+08:00,issuer_title_and_document_relevance_without_market_returns
CNINFO-002460-1218933296,002460,赣锋锂业,2024-01-18,1218933296,https://static.cninfo.com.cn/finalpage/2024-01-18/1218933296.PDF,67f7bb18b61abae9c63efed8e85835410777c216552b773d28e8cd2659de8fcb,b6f3ec8193200d765121d4c8e4c75688a507c2bfac288f3ff13d6ce7b29a59eb,284275,8,4342,2026-08-14T18:42:06+08:00,issuer_title_and_document_relevance_without_market_returns
CNINFO-002460-1218944991,002460,赣锋锂业,2024-01-19,1218944991,https://static.cninfo.com.cn/finalpage/2024-01-19/1218944991.PDF,d852cd21a2e974cff29db0ced5bfb6d1511b62b2d46c8a6a0ee558d57ab3cbc6,222e04113742db47e5ebaf22d207c35b134495ec5674760d29282fa00d5634e0,318565,3,1378,2026-08-14T18:42:06+08:00,issuer_title_and_document_relevance_without_market_returns
CNINFO-000762-1219011817,000762,西藏矿业,2024-01-27,1219011817,https://static.cninfo.com.cn/finalpage/2024-01-27/1219011817.PDF,483e028594a59a9a0e37551da3931c56a644b2c02421df18cffdeae0100ce68e,4b67ccbe872134c13dc3608bb635d0a5fd4e1739c2dad5d1bd06e252982fd9ea,270164,2,865,2026-08-14T18:42:48+08:00,issuer_title_and_document_relevance_without_market_returns
CNINFO-000792-1219011301,000792,盐湖股份,2024-01-27,1219011301,https://static.cninfo.com.cn/finalpage/2024-01-27/1219011301.PDF,7b9ce698664297e3742887bfdc5b8198a7dd86de58746a2411d74532bce80437,a229d450414090f4bb6eee455fdf1c65e781217aedca6b323fe634dfca5a8fe4,186911,2,1000,2026-08-14T18:42:29+08:00,issuer_title_and_document_relevance_without_market_returns
CNINFO-002176-1219042708,002176,江特电机,2024-01-31,1219042708,https://static.cninfo.com.cn/finalpage/2024-01-31/1219042708.PDF,8c181979652a1007b94599000ec2dd953d636d0a55bc415243af4486c62d617f,4c6e938d879f743b8b5857dca617a73bff50cd1e73cc6bfacc6d1bfbb86eefe7,207959,2,1009,2026-08-14T18:42:36+08:00,issuer_title_and_document_relevance_without_market_returns
CNINFO-002240-1219042589,002240,盛新锂能,2024-01-31,1219042589,https://static.cninfo.com.cn/finalpage/2024-01-31/1219042589.PDF,e03a6f79ed7da72a04e596c998f547396291e7c87ae26bd3f66dc03f319cfb42,369bbe2762c882c13bf98c7d23423e62bbd415c984f09ee062f5a57321acb34a,240812,2,726,2026-08-14T18:42:19+08:00,issuer_title_and_document_relevance_without_market_returns
CNINFO-002460-1219044219,002460,赣锋锂业,2024-01-31,1219044219,https://static.cninfo.com.cn/finalpage/2024-01-31/1219044219.PDF,6009f62e0bb24638bc038872d841144752429fc92a416332467f6661449b564b,bcbc8b858eec3b922075031faf302b7b017a0c844f91754438049cef0400a64d,299894,2,814,2026-08-14T18:42:06+08:00,issuer_title_and_document_relevance_without_market_returns
CNINFO-002497-1219043653,002497,雅化集团,2024-01-31,1219043653,https://static.cninfo.com.cn/finalpage/2024-01-31/1219043653.PDF,17b9bcd586458d24ff379ca920120de24cf9113ae53933da6aee8b5eb6c1c942,076bb7ca24a5f4a4ea2df0ec3aa05869ade35f6617f2d8a55ca3f400e8df01c1,219759,2,735,2026-08-14T18:42:23+08:00,issuer_title_and_document_relevance_without_market_returns
CNINFO-300390-1219053089,300390,天华新能,2024-01-31,1219053089,https://static.cninfo.com.cn/finalpage/2024-01-31/1219053089.PDF,7d059eb7d982fd46f0a4cedabc317e71807cf303082f79e2abe35f043c41696a,7e61fa910da31432125f71a0e01914ec6a0e484b0e18503afcfb298bb30e817f,262163,2,848,2026-08-14T18:42:39+08:00,issuer_title_and_document_relevance_without_market_returns
CNINFO-002594-1219066887,002594,比亚迪,2024-02-02,1219066887,https://static.cninfo.com.cn/finalpage/2024-02-02/1219066887.PDF,5b22efb37cf28176a05b04af3ce714344e254d4ff7b75d23f5c846e5fdd1ed9d,728ec89e1ed13ad5ca59356323ff1f05b9ff55497112e04849cc62c05d973d69,76129,2,994,2026-08-14T18:42:56+08:00,issuer_title_and_document_relevance_without_market_returns
CNINFO-002460-1219099255,002460,赣锋锂业,2024-02-06,1219099255,https://static.cninfo.com.cn/finalpage/2024-02-06/1219099255.PDF,60deb591d341fd3ad5bd4ba3406976e2bf569a7e502793ea9b47a39150a439ca,81f75501f691eff656653ae345ea52a47edad70f4a20a75eb2e17a8957376254,220940,6,3332,2026-08-14T18:42:06+08:00,issuer_title_and_document_relevance_without_market_returns
CNINFO-002240-1219122892,002240,盛新锂能,2024-02-08,1219122892,https://static.cninfo.com.cn/finalpage/2024-02-08/1219122892.PDF,572e146a18bc6f9e1e6c2482d4aef06a4598db9c8aa2b58c18396fd94c324775,95579b1f1c74af61b05480f245374714a3d9c86f919410f40c5194aee3b9789e,143639,3,1645,2026-08-14T18:42:19+08:00,issuer_title_and_document_relevance_without_market_returns
CNINFO-002466-1219143415,002466,天齐锂业,2024-02-21,1219143415,https://static.cninfo.com.cn/finalpage/2024-02-21/1219143415.PDF,4970b9dba9db9251ea6d544e46d817f40b9d1a35baf94b0e89923a38ff3e5214,385e0cdba92c88457f4b7bfe379134709544149cf211c3ea50717c3b560631e1,313680,2,1400,2026-08-14T18:42:12+08:00,issuer_title_and_document_relevance_without_market_returns
CNINFO-002594-1219219983,002594,比亚迪,2024-03-02,1219219983,https://static.cninfo.com.cn/finalpage/2024-03-02/1219219983.PDF,8c1e8a5350ddd366adda1d1491a03386db04c021fc74f9f422167b0b21862ad9,e5385c81914289a552d661e9b2f75df4166d2f0cb8525ce9120e9c9527b106fb,75784,2,999,2026-08-14T18:42:56+08:00,issuer_title_and_document_relevance_without_market_returns
CNINFO-002176-1219230277,002176,江特电机,2024-03-05,1219230277,https://static.cninfo.com.cn/finalpage/2024-03-05/1219230277.PDF,33978aa47afb90dc92e2d673d4046dc00f2ec8e4ebb45b0820feb7fbb5a5afa4,3abef6d879fa7d73f1baba97b2b2068545af83873787e700ca28348230f935c9,209338,4,2376,2026-08-14T18:42:37+08:00,issuer_title_and_document_relevance_without_market_returns
CNINFO-002460-1219242382,002460,赣锋锂业,2024-03-06,1219242382,https://static.cninfo.com.cn/finalpage/2024-03-06/1219242382.PDF,702bd94bf577e336933b40e22bf366db7d2b9a9fa8e86d1b5ee08656972c7161,629e5f0b81e50b6db36aa47bba6b8a709375f3aa5ea7a72fe18b30d0dafca681,426719,11,5642,2026-08-14T18:42:06+08:00,issuer_title_and_document_relevance_without_market_returns
CNINFO-002497-1219296584,002497,雅化集团,2024-03-13,1219296584,https://static.cninfo.com.cn/finalpage/2024-03-13/1219296584.PDF,c88ed695186fbbe64a711f9c2f7d6fbf4aa2e504c0a2d6e51ef98b68a58db63c,657fdc13f12f55884f643a889edf3c1a43b74bc912d64818dac8d8e4d439994c,269674,3,2003,2026-08-14T18:42:23+08:00,issuer_title_and_document_relevance_without_market_returns
CNINFO-002497-1219301007,002497,雅化集团,2024-03-14,1219301007,https://static.cninfo.com.cn/finalpage/2024-03-14/1219301007.PDF,ef1ad39621a7f385b5b47e425d879bd5d9087a7951a6c33128e35ae2980b4ad0,138f086f52fdfdbab719a98fb89245dc7a013d2f4239030866ea8a73b17bc8c0,270483,3,2068,2026-08-14T18:42:23+08:00,issuer_title_and_document_relevance_without_market_returns
CNINFO-300390-1219330639,300390,天华新能,2024-03-18,1219330639,https://static.cninfo.com.cn/finalpage/2024-03-18/1219330639.PDF,1a2456b332518b9a6761aca49e1f793a1f1bed288dc6c6a1814815ab460ed778,9c84e874ee91607404e364e575556ea6e4036ac0e79a06df5aab2ba61a6d9f80,358688,5,3260,2026-08-14T18:42:39+08:00,issuer_title_and_document_relevance_without_market_returns
CNINFO-002466-1219347936,002466,天齐锂业,2024-03-20,1219347936,https://static.cninfo.com.cn/finalpage/2024-03-20/1219347936.PDF,0b8e5bed71265d0d40aa4ab4fa2365c6fd5d8bae49ae3ae323d1be195ae623ab,5052bd52e8b19336b1a441b2724e92f4e040ff739f3587354771e16542dfda53,449163,7,5510,2026-08-14T18:42:12+08:00,issuer_title_and_document_relevance_without_market_returns
CNINFO-002460-1219401841,002460,赣锋锂业,2024-03-26,1219401841,https://static.cninfo.com.cn/finalpage/2024-03-26/1219401841.PDF,b5aa52ceacce95eb5bd9ced9eb4739b16d1e1ee4c33ed2536317e2f2fcb230c4,eec47ff9d645fa96352598d55e7d1548b3384880078611779b007348ac777f86,326638,3,1679,2026-08-14T18:42:06+08:00,issuer_title_and_document_relevance_without_market_returns
CNINFO-002240-1219425393,002240,盛新锂能,2024-03-28,1219425393,https://static.cninfo.com.cn/finalpage/2024-03-28/1219425393.PDF,ce4b2106ba7c8e4d631fcb78ba0cc14583eb77bd95b036812064ba7e71b0ad62,af59c8b2010c4d3602fe2931171538efca83d3abd7fd001272875f36947ba7db,234063,4,2234,2026-08-14T18:42:19+08:00,issuer_title_and_document_relevance_without_market_returns
CNINFO-002466-1219430718,002466,天齐锂业,2024-03-28,1219430718,https://static.cninfo.com.cn/finalpage/2024-03-28/1219430718.PDF,175840f7c658bca06489d7375e3261e5d2bcc2c7c94842ce4689f5e16eceeebc,03391478d1659179d5e1a172a0881bf3486c0ada43e9c4b7ac648f9e03b0f439,220096,4,3362,2026-08-14T18:42:12+08:00,issuer_title_and_document_relevance_without_market_returns
CNINFO-002594-1219491915,002594,比亚迪,2024-04-02,1219491915,https://static.cninfo.com.cn/finalpage/2024-04-02/1219491915.PDF,6078a3dd2f6eaceccded6c113cc3f8a47facd78435107385ad12df12117fb6d8,1b9783145ce0f6d7453550b1fc2a737c50f728c2ad8f48410677d24553c7d71b,69710,2,999,2026-08-14T18:42:56+08:00,issuer_title_and_document_relevance_without_market_returns
CNINFO-002738-1219491527,002738,中矿资源,2024-04-02,1219491527,https://static.cninfo.com.cn/finalpage/2024-04-02/1219491527.PDF,078042fefebcbf4f95121d95e0b8e1ccb1642f5077962229eed6a8f944454201,3c44933d4edddfe91dc23c42b0b002d33d35bb6ecdcb3619fecb1f4d2742fba6,271088,2,1758,2026-08-14T18:42:43+08:00,issuer_title_and_document_relevance_without_market_returns
CNINFO-002466-1219771342,002466,天齐锂业,2024-04-24,1219771342,https://static.cninfo.com.cn/finalpage/2024-04-24/1219771342.PDF,92b891fab04ca76c6e40e6bbdf3cbf07c3ac2affad611ca519b61859077af7a5,5a6b6eb55a8977d3e975f0079597c849ef7a065d3540bf90407d3fdb6e1e557a,322667,2,1584,2026-08-14T18:42:13+08:00,issuer_title_and_document_relevance_without_market_returns
CNINFO-300390-1219770187,300390,天华新能,2024-04-24,1219770187,https://static.cninfo.com.cn/finalpage/2024-04-24/1219770187.PDF,bdeee3b13cef9b170f249c3b5187730fcaa6ab5b6c2d7f44bee568936a671cc5,746ced135c8c0a6f6d126c4467be5afde421b478a854ac8a016ca43b6b2e8b0e,497062,2,945,2026-08-14T18:42:40+08:00,issuer_title_and_document_relevance_without_market_returns
CNINFO-002497-1219832476,002497,雅化集团,2024-04-26,1219832476,https://static.cninfo.com.cn/finalpage/2024-04-26/1219832476.PDF,525899d6caf1ee8ad3e48e715d24f726252ea2b84e710457de6ec8e799950256,a22c684419d0795832da140bba16e5d994e9a692bf58f881c543ad7b2c400626,218241,4,2632,2026-08-14T18:42:23+08:00,issuer_title_and_document_relevance_without_market_returns
CNINFO-002738-1219841869,002738,中矿资源,2024-04-26,1219841869,https://static.cninfo.com.cn/finalpage/2024-04-26/1219841869.PDF,432309cce03417a685f2b672044d107d001e8fc239d2ea3e75d4800c498f5087,25ed7039c29a2c82addb32ed8a9a602b0faa72d1fd5ed9614e3b9b79078db01d,583714,7,5547,2026-08-14T18:42:43+08:00,issuer_title_and_document_relevance_without_market_returns
CNINFO-002738-1219841871,002738,中矿资源,2024-04-26,1219841871,https://static.cninfo.com.cn/finalpage/2024-04-26/1219841871.PDF,69a3999c891f60147ad1ff52560acbbee0860ef2a947453da4c8d1413636737c,91800af6012fa6194fe64c4202418f14353d0a670d1084b0559f28b1659ea0e2,593869,4,3877,2026-08-14T18:42:43+08:00,issuer_title_and_document_relevance_without_market_returns
CNINFO-002176-1219864608,002176,江特电机,2024-04-29,1219864608,https://static.cninfo.com.cn/finalpage/2024-04-29/1219864608.PDF,b9e257dba5a5ced80388953a04dba035b2658739d3e247875bd5d82fe516a9b2,f89c6357e68145a7a25f9ea2b248df9f9a6db1e06e0f562b5d012396c90e4d03,334870,3,2508,2026-08-14T18:42:37+08:00,issuer_title_and_document_relevance_without_market_returns
CNINFO-002756-1219908495,002756,永兴材料,2024-04-30,1219908495,https://static.cninfo.com.cn/finalpage/2024-04-30/1219908495.PDF,2f5713ba2446e06e474316bbb74eea03dedc8c93576f4ba044e4a6619b24233a,13320f03adac0f09a1fae4a338ee08885dba126e76affbc03b5ff152f7605f15,218810,4,2595,2026-08-14T18:42:26+08:00,issuer_title_and_document_relevance_without_market_returns
CNINFO-002594-1219973138,002594,比亚迪,2024-05-06,1219973138,https://static.cninfo.com.cn/finalpage/2024-05-06/1219973138.PDF,0f316e39fa6c02f2bda67eb1ea2f7f382488360e2c53770a0c4b76ac00195b08,7f6e48cb2bc5fbfd0d3c03a294e56cdc970adb07f9bb873c237bad9ec33c3918,52386,2,1016,2026-08-14T18:42:56+08:00,issuer_title_and_document_relevance_without_market_returns
CNINFO-002460-1219998128,002460,赣锋锂业,2024-05-08,1219998128,https://static.cninfo.com.cn/finalpage/2024-05-08/1219998128.PDF,20f6040631f89cbd9f161f2fae1a092613922d4951beba4f0013c96b7fa6d065,02329807c605c53a67f20ba0a7fe232325e5c59b6e1e9231f9cf15f7929a0330,342290,10,5705,2026-08-14T18:42:06+08:00,issuer_title_and_document_relevance_without_market_returns
CNINFO-002176-1220039679,002176,江特电机,2024-05-14,1220039679,https://static.cninfo.com.cn/finalpage/2024-05-14/1220039679.PDF,b455ee33b329eb7eb0ecf58e6f7246960bbc17c5236577070b242c41138e484b,fb601ba6f7cb790463a48b650040bfd60fb150be3b13b85b924ea3606edc531f,204803,2,997,2026-08-14T18:42:37+08:00,issuer_title_and_document_relevance_without_market_returns
CNINFO-002497-1220173618,002497,雅化集团,2024-05-28,1220173618,https://static.cninfo.com.cn/finalpage/2024-05-28/1220173618.PDF,4a1eac868339f1bf4058cc98eafbe4e529fd6a0a22d6dcb20cc003c08551dd88,fd13530962cd5e396c9c44070c335f379c94c12a4af71a9590de9bfa12109cbf,330522,2,1216,2026-08-14T18:42:23+08:00,issuer_title_and_document_relevance_without_market_returns
CNINFO-002466-1220237440,002466,天齐锂业,2024-06-03,1220237440,https://static.cninfo.com.cn/finalpage/2024-06-03/1220237440.PDF,7bc16699d506fb9a9812cc039b4e87d50613fbc95e233459ba3fcac3dff7dce3,a43bea7072b8be47990c538ce924b1e225a763901b41ff81b778e61b36cf3ec1,262155,15,8738,2026-08-14T18:42:13+08:00,issuer_title_and_document_relevance_without_market_returns
CNINFO-002594-1220237186,002594,比亚迪,2024-06-03,1220237186,https://static.cninfo.com.cn/finalpage/2024-06-03/1220237186.PDF,e2bf5aecc92081da5febaf4c97cc212c5cc7a322b4a3a38612e23f2a5b2c8e8b,e3dbbc701cfa20e5e4aded080794240da0847fb4813d7dc072e8c29b77821caf,52446,2,1045,2026-08-14T18:42:56+08:00,issuer_title_and_document_relevance_without_market_returns
CNINFO-002466-1220402634,002466,天齐锂业,2024-06-20,1220402634,https://static.cninfo.com.cn/finalpage/2024-06-20/1220402634.PDF,538d6b5e6fa2bfe32b5d0e2bcbacebc203894824ad5240664cb136d5fa6c7b3b,d0df6496b6d40a36965e17d98a7bf01efe2e8316fac1cf2c76a29c795451bbb2,365264,4,4020,2026-08-14T18:42:13+08:00,issuer_title_and_document_relevance_without_market_returns
CNINFO-002497-1220401652,002497,雅化集团,2024-06-20,1220401652,https://static.cninfo.com.cn/finalpage/2024-06-20/1220401652.PDF,23c891a73a15865d117079630b3c57b0287d776a42f2502b1d6ed71f29ba4ab6,12c7731413b7b2be7cbd66479212fa027559806fe22a01e844f2f3653d48a5af,324042,2,1412,2026-08-14T18:42:23+08:00,issuer_title_and_document_relevance_without_market_returns
CNINFO-002756-1220425354,002756,永兴材料,2024-06-22,1220425354,https://static.cninfo.com.cn/finalpage/2024-06-22/1220425354.PDF,e48ab61c0217346ea610375e0f2506cfb050c2716bc7c7e87b4dfea19cdf4b40,b6a1e24dfc9d54160b6fcfdf3f9725c53ce650548e606d1dc78316f2f698ab73,253061,4,2119,2026-08-14T18:42:26+08:00,issuer_title_and_document_relevance_without_market_returns
CNINFO-000762-1220505656,000762,西藏矿业,2024-07-01,1220505656,https://static.cninfo.com.cn/finalpage/2024-07-01/1220505656.PDF,e58e0558d9260607f2b3818104011eddc4752dddf656c41e232868dc9d063aa6,422aaabf5bc3b7637c420709dd5c247a26fb1d256c326950a72cd37e539486e2,226079,1,549,2026-08-14T18:42:48+08:00,issuer_title_and_document_relevance_without_market_returns
CNINFO-002594-1220512819,002594,比亚迪,2024-07-02,1220512819,https://static.cninfo.com.cn/finalpage/2024-07-02/1220512819.PDF,cd41d53259db10947381b5dda4dd894d8f047006f3ccd5f0d9873849c67fb168,aea5c72ce46c857d5a0ffbfe822a1433469367f6df22728934ec583fd1669108,100807,2,1052,2026-08-14T18:42:56+08:00,issuer_title_and_document_relevance_without_market_returns
CNINFO-002460-1220542580,002460,赣锋锂业,2024-07-06,1220542580,https://static.cninfo.com.cn/finalpage/2024-07-06/1220542580.PDF,a9c3496cb98b8a88a98bf7c5d8206ad4251e3994dad6cb5b2b003ccda2c8526f,9ea72b68d61213bc56565b0a061329cf15302d2ee04477232d47e1cca1b391ab,262499,8,4716,2026-08-14T18:42:06+08:00,issuer_title_and_document_relevance_without_market_returns
CNINFO-000762-1220589658,000762,西藏矿业,2024-07-10,1220589658,https://static.cninfo.com.cn/finalpage/2024-07-10/1220589658.PDF,7152aff75729f4faf91519bcf8bf65e8a08b9de247a116d5b81f56e337477ca5,3c2682b4b8435309603a3357c5e1909f7b950d1a27aa910a604d83097d0ffae0,367958,2,797,2026-08-14T18:42:48+08:00,issuer_title_and_document_relevance_without_market_returns
CNINFO-000792-1220588490,000792,盐湖股份,2024-07-10,1220588490,https://static.cninfo.com.cn/finalpage/2024-07-10/1220588490.PDF,eeeadfc92087b396a4e36f05a0f479567b51ebb267b8ca61d573e3ce4cc8bb7e,3f52b73635ebefb40a5c201fcf68be87f57e4905797f9d24178c43380cfe9ab7,209113,2,938,2026-08-14T18:42:30+08:00,issuer_title_and_document_relevance_without_market_returns
CNINFO-002176-1220587120,002176,江特电机,2024-07-10,1220587120,https://static.cninfo.com.cn/finalpage/2024-07-10/1220587120.PDF,682e3deb811ad490183e60e43e3f5655793ab9274defacea0fb51ed0903e49e3,0673b0b81c285b1513a86331d3a396bb06a3366a5b6e7b1ab27fca46ed8c3306,205451,2,891,2026-08-14T18:42:37+08:00,issuer_title_and_document_relevance_without_market_returns
CNINFO-002460-1220590149,002460,赣锋锂业,2024-07-10,1220590149,https://static.cninfo.com.cn/finalpage/2024-07-10/1220590149.PDF,6eb7f35c95eb85ce2157c14a8e66cbfbea20310f95694ffae7fc9318956918bc,81bfdd5c7e0114c2ba98c6a67319004cd56e35ae1b922449100b70cc7ce0ade4,304321,2,750,2026-08-14T18:42:06+08:00,issuer_title_and_document_relevance_without_market_returns
CNINFO-002466-1220590042,002466,天齐锂业,2024-07-10,1220590042,https://static.cninfo.com.cn/finalpage/2024-07-10/1220590042.PDF,223a4516b38ff0a1f21f55d6265f8d45f75eeb64ba3463d3b4ff8a30f5b8c54b,e6efd1c77f79d989d495ff6e391da6402a481e6be274ed8cf082fe97c820da71,473198,3,1807,2026-08-14T18:42:13+08:00,issuer_title_and_document_relevance_without_market_returns
CNINFO-002756-1220589339,002756,永兴材料,2024-07-10,1220589339,https://static.cninfo.com.cn/finalpage/2024-07-10/1220589339.PDF,bb8b73835eea677f6e38a89138cfc71b6a68327780bf26aa948a7a479f928553,44734e759dbf5afca8b70450c470f5ffc63e16a6b12244e7241444b61a01bb6c,195866,2,765,2026-08-14T18:42:26+08:00,issuer_title_and_document_relevance_without_market_returns
CNINFO-002240-1220602374,002240,盛新锂能,2024-07-11,1220602374,https://static.cninfo.com.cn/finalpage/2024-07-11/1220602374.PDF,0182582513fd2648b99c5d8ff27f1c7000802eb430c9520c6031a34dba2b3523,26f502d48aa8d24de82068460fde093e6031ac17341ac9cecdffb54a80d5a9d7,237995,2,654,2026-08-14T18:42:19+08:00,issuer_title_and_document_relevance_without_market_returns
CNINFO-002497-1220603707,002497,雅化集团,2024-07-11,1220603707,https://static.cninfo.com.cn/finalpage/2024-07-11/1220603707.PDF,a588bc7547cdbae14f547806be2a5d19d5a41c764e76dbfe7c9e7f3c9c8f95c2,9b039abe2413c9293074998076f30883a54a96601e863cbcd8c9868827b75305,235928,2,1102,2026-08-14T18:42:23+08:00,issuer_title_and_document_relevance_without_market_returns
CNINFO-002594-1220779562,002594,比亚迪,2024-08-02,1220779562,https://static.cninfo.com.cn/finalpage/2024-08-02/1220779562.PDF,8c1b511b9dfcaeaa8a2dbf8ea597dce7167f5fa4b555ba6631fc81b5ead15646,ff1ea8c6003e1dad3bb230684ffb84763e5c32321def183511e3f79fcac48004,100789,2,1054,2026-08-14T18:42:56+08:00,issuer_title_and_document_relevance_without_market_returns
CNINFO-002460-1220895995,002460,赣锋锂业,2024-08-17,1220895995,https://static.cninfo.com.cn/finalpage/2024-08-17/1220895995.PDF,02c951364d9ba8fb554a72e89711eef3feb102a5c55781736a24ce367b3bfff9,6927643ec82f988f0c95d29cb62dd424d0e01536dd4cafac2bbee319d67592b2,320186,6,3263,2026-08-14T18:42:07+08:00,issuer_title_and_document_relevance_without_market_returns
CNINFO-002497-1221049752,002497,雅化集团,2024-08-30,1221049752,https://static.cninfo.com.cn/finalpage/2024-08-30/1221049752.PDF,302cbbe78527a270f586f38f5f3e736fad6200ceaa783ff13dcc0d41c5a5041f,4818af25c9750bd805fae1a06a039367f6086e1aac0d66f8890313c6bc155fd7,246803,4,2427,2026-08-14T18:42:23+08:00,issuer_title_and_document_relevance_without_market_returns
CNINFO-002594-1221107186,002594,比亚迪,2024-09-02,1221107186,https://static.cninfo.com.cn/finalpage/2024-09-02/1221107186.PDF,60ba2f132556b9b47892012cacbf551ee889d1829125c8ed48aca88deea66de5,ad30095cd24e0c0cea77d44d72ddadd3a896ee018438f5de73a4aab33a420448,52683,2,1061,2026-08-14T18:42:56+08:00,issuer_title_and_document_relevance_without_market_returns
CNINFO-002497-1221137985,002497,雅化集团,2024-09-05,1221137985,https://static.cninfo.com.cn/finalpage/2024-09-05/1221137985.PDF,b86a2af838a5ce06c6298426487a87b9ba0e770ce54310f73b289af0d154570f,6cfea7f683010cadeee8755af72e5beaba97dae07894071e1a42f77965b4047b,392532,3,1936,2026-08-14T18:42:23+08:00,issuer_title_and_document_relevance_without_market_returns
CNINFO-002594-1221336622,002594,比亚迪,2024-10-08,1221336622,https://static.cninfo.com.cn/finalpage/2024-10-08/1221336622.PDF,1d068ee11961c23aabca7172d6b4b72a7aaa8f88a9193b3ef45716669defbbb7,8a6e3440bc6908038768d91dc487a7750768dd01826740a31835312ce7e08e81,52717,2,1074,2026-08-14T18:42:57+08:00,issuer_title_and_document_relevance_without_market_returns
CNINFO-002460-1221360099,002460,赣锋锂业,2024-10-11,1221360099,https://static.cninfo.com.cn/finalpage/2024-10-11/1221360099.PDF,ba90e69e973c29916c035248d8fc2addc8c230b4d32b53afc8b3adc8a9afc159,6cc65720cd415b31891f13eec463c2dda2a8fa622c3a64c535745a4a89b13ecc,261824,6,3345,2026-08-14T18:42:07+08:00,issuer_title_and_document_relevance_without_market_returns
CNINFO-002240-1221418596,002240,盛新锂能,2024-10-18,1221418596,https://static.cninfo.com.cn/finalpage/2024-10-18/1221418596.PDF,656ec254c6984a35ac4f574426aa6ded89af2f1cd7f3ca8644cded2f0266dc65,a4bf62a6390049c37fc2a882f09869f8fd17d6dc84d7ca6a2ec73c858c7614fc,164745,2,1000,2026-08-14T18:42:20+08:00,issuer_title_and_document_relevance_without_market_returns
CNINFO-002240-1221452426,002240,盛新锂能,2024-10-22,1221452426,https://static.cninfo.com.cn/finalpage/2024-10-22/1221452426.PDF,207d425bbf284c8f4c328bc5e4d7f476fed7d3e5896d4f082bdd84e83c4b73e5,dd017065ea270c9f887e6343d34ff4a8f247c0429978a7f800f2a730cb15cbc6,203100,5,3168,2026-08-14T18:42:20+08:00,issuer_title_and_document_relevance_without_market_returns
CNINFO-002466-1221508432,002466,天齐锂业,2024-10-25,1221508432,https://static.cninfo.com.cn/finalpage/2024-10-25/1221508432.PDF,c31c5195ad62cef5312cc840a2c9e292046eae7263c35f5309cd7a9c2d8aa9a1,4e6e055cd41f12a53c928e35fd1ca23e87dab4634f45c5955df7f2282632c4bb,449107,3,2093,2026-08-14T18:42:13+08:00,issuer_title_and_document_relevance_without_market_returns
CNINFO-002466-1221575510,002466,天齐锂业,2024-10-31,1221575510,https://static.cninfo.com.cn/finalpage/2024-10-31/1221575510.PDF,84ace16ceb336729e69d9347ebbdda2e07884a1de118ce6276db1d63d241feeb,3dac30ebd65f896721269424c9e486d473f4fd2ab96e2162b683bf3f5fa0dd3c,458412,4,2949,2026-08-14T18:42:13+08:00,issuer_title_and_document_relevance_without_market_returns
CNINFO-002594-1221604106,002594,比亚迪,2024-11-02,1221604106,https://static.cninfo.com.cn/finalpage/2024-11-02/1221604106.PDF,3b738b327357a3f97c151aa998a316facda44d462b01317f5e0c79c643f0c6a4,3d553092368745a363add68a7eff032052d94068736c022c0e97630a65529ac0,75925,2,1070,2026-08-14T18:42:57+08:00,issuer_title_and_document_relevance_without_market_returns
CNINFO-300390-1221777100,300390,天华新能,2024-11-19,1221777100,https://static.cninfo.com.cn/finalpage/2024-11-19/1221777100.PDF,ab718a73916b8dee1106b8c3fababd975431a78752604d184f46fdad5924592e,0c42c290bf6c603ce0e66757ebd00063146e95cd49a419166c3d160f2e7350e3,484451,1,493,2026-08-14T18:42:40+08:00,issuer_title_and_document_relevance_without_market_returns
CNINFO-300390-1221777102,300390,天华新能,2024-11-19,1221777102,https://static.cninfo.com.cn/finalpage/2024-11-19/1221777102.PDF,d66e135029ad18927965bd78f1490368b4e0457e9270ccd02957ff766f0a2e81,725cad1e8e2240f5b87b688b283e3dcca58efd03746a97a2089171907afed245,423087,5,3507,2026-08-14T18:42:40+08:00,issuer_title_and_document_relevance_without_market_returns
CNINFO-300390-1221854244,300390,天华新能,2024-11-26,1221854244,https://static.cninfo.com.cn/finalpage/2024-11-26/1221854244.PDF,2379f5cffe1a6b07c76001d5c6db2d15ec6c39c99e4412f2e1c6bec0fd1aeb3a,6d8eda2020ffac08e74ed643596943463f966d041985fdd0ada4a815307e19f6,305323,6,3920,2026-08-14T18:42:40+08:00,issuer_title_and_document_relevance_without_market_returns
CNINFO-000408-1221866723,000408,藏格矿业,2024-11-28,1221866723,https://static.cninfo.com.cn/finalpage/2024-11-28/1221866723.PDF,b4ce1b6a5d194de157d0596bff6d70479527e4b2806dc1a4f10377fa9a648c5e,fb6629b0c9a8d6fd75f63e4965b732799f343c35d155d97b510aa7481a1b2e67,295243,1,462,2026-08-14T18:42:34+08:00,issuer_title_and_document_relevance_without_market_returns
CNINFO-002176-1221866003,002176,江特电机,2024-11-28,1221866003,https://static.cninfo.com.cn/finalpage/2024-11-28/1221866003.PDF,f74137e74651e3207b7a0c6474743389790cab687fbbd64b2e993996f64f9996,9cbd1181e589ab609a936ad9c310ae84637898f7deec681a8154a94b31f40d73,222074,4,2176,2026-08-14T18:42:37+08:00,issuer_title_and_document_relevance_without_market_returns
CNINFO-002497-1221866074,002497,雅化集团,2024-11-28,1221866074,https://static.cninfo.com.cn/finalpage/2024-11-28/1221866074.PDF,febe626da444f5aa1a77708f4e41dba7d8986dc0f7e8886baf7623e66e05ef57,f21d4282ebdfcc4b4368b7053ce3c6206c22e2a689922955719bc8ca934d6ece,211925,1,522,2026-08-14T18:42:23+08:00,issuer_title_and_document_relevance_without_market_returns
CNINFO-002594-1221902564,002594,比亚迪,2024-12-02,1221902564,https://static.cninfo.com.cn/finalpage/2024-12-02/1221902564.PDF,7d87ef937407a95d3aa715382d856acae96c10119b89c6e0edf7b126ad1681a4,4ad356050191c6286c18d492c1004ec6b3f302a9c9fd1c0f7935b4615172f311,52539,2,1082,2026-08-14T18:42:57+08:00,issuer_title_and_document_relevance_without_market_returns
CNINFO-300390-1221902856,300390,天华新能,2024-12-02,1221902856,https://static.cninfo.com.cn/finalpage/2024-12-02/1221902856.PDF,bdddf411c336bbf547520b2105841384862fc1e5ec155d943c7bf26b0a5e0ce5,5bd1a18f25ab4117d9ac4b6decbf04e90ffa5d2bcf10ac74db6abbd3038123f8,262866,5,3377,2026-08-14T18:42:40+08:00,issuer_title_and_document_relevance_without_market_returns
CNINFO-002460-1221941167,002460,赣锋锂业,2024-12-06,1221941167,https://static.cninfo.com.cn/finalpage/2024-12-06/1221941167.PDF,5bc03fe00d1b233f10e3be2d883d2ccb08242096360dba02f9452a25f7d86aae,da08157c2578a380f1774caa88f649bd1e1801de401535595f795356e0eb79e2,288932,5,2410,2026-08-14T18:42:07+08:00,issuer_title_and_document_relevance_without_market_returns
CNINFO-002460-1222028365,002460,赣锋锂业,2024-12-16,1222028365,https://static.cninfo.com.cn/finalpage/2024-12-16/1222028365.PDF,2624fd01a9d602c79bbddfb725689488d60fd8f9230474ffef8175f8587af85f,4da358107a794b78e0292133ac46b0b492e0ce3f355bddc0a8cc403ec2c75e32,124905,2,758,2026-08-14T18:42:07+08:00,issuer_title_and_document_relevance_without_market_returns
CNINFO-002594-1222201503,002594,比亚迪,2025-01-02,1222201503,https://static.cninfo.com.cn/finalpage/2025-01-02/1222201503.pdf,c1e05750ac0e6a375399ad196b9103e498a7936696f7c9e7c457c4947128270b,ef883ee60198bc434695087a73a56dc25c0ec1d97efb4600079348e08cdfccee,52411,2,1075,2026-08-14T18:42:57+08:00,issuer_title_and_document_relevance_without_market_returns
CNINFO-002176-1222320892,002176,江特电机,2025-01-14,1222320892,https://static.cninfo.com.cn/finalpage/2025-01-14/1222320892.PDF,c6c9da184e8e6fe01cbfd94f861507bb2620f1e7a0da12431a90efbeda102822,db56cfd606b3959d1b721a7ca90f706b646f87745c69a1549a3bf66350f30660,304614,2,961,2026-08-14T18:42:37+08:00,issuer_title_and_document_relevance_without_market_returns
CNINFO-002176-1222320893,002176,江特电机,2025-01-14,1222320893,https://static.cninfo.com.cn/finalpage/2025-01-14/1222320893.PDF,e1bd68e8cd2a72a25a1d73ae030666cae71b32ee48134a1b261e796bf67f0cde,68752eb56ef736d6de9434eea537752c6d404a644b128d4c9e3c8e4a79fb87bd,340818,4,2771,2026-08-14T18:42:37+08:00,issuer_title_and_document_relevance_without_market_returns
CNINFO-002756-1222365542,002756,永兴材料,2025-01-18,1222365542,https://static.cninfo.com.cn/finalpage/2025-01-18/1222365542.PDF,1eb441b034e0f7347a53c5c350983e0c69c513c66579b846b353b048cf547f3a,7478f19380b7a78d3928ffbf827ffaee17e689fb1130cc05eb2383525671eb68,177813,2,863,2026-08-14T18:42:26+08:00,issuer_title_and_document_relevance_without_market_returns
CNINFO-002497-1222380040,002497,雅化集团,2025-01-21,1222380040,https://static.cninfo.com.cn/finalpage/2025-01-21/1222380040.PDF,b4e523396014863f614c55ff608a277dc1b7549039d71aec537bc2e99e5aca86,0828c17ac01ee034de5e8d614bfafe9f684b89c26ec0a414de714cf20844643b,222503,2,764,2026-08-14T18:42:23+08:00,issuer_title_and_document_relevance_without_market_returns
CNINFO-002460-1222390209,002460,赣锋锂业,2025-01-22,1222390209,https://static.cninfo.com.cn/finalpage/2025-01-22/1222390209.PDF,6ab3cf9471a96a9adf0369bdc23bd0f2f14b4b6618287d7973d7061e30a62a7f,2f2cc986014ab1ef835492f0707c1d395ae31e31d4ed612c36eba4bf397e6698,249510,6,3327,2026-08-14T18:42:07+08:00,issuer_title_and_document_relevance_without_market_returns
CNINFO-002240-1222418663,002240,盛新锂能,2025-01-24,1222418663,https://static.cninfo.com.cn/finalpage/2025-01-24/1222418663.PDF,2af7ede85f3765164c4af6f5d1665a54c511a531a57192be941137001d82800b,6cdae97e78b44201761f7ec809a09dfce79289fe2a232d64bdf7328c64437ad9,278257,2,710,2026-08-14T18:42:20+08:00,issuer_title_and_document_relevance_without_market_returns
CNINFO-002466-1222419650,002466,天齐锂业,2025-01-24,1222419650,https://static.cninfo.com.cn/finalpage/2025-01-24/1222419650.PDF,1cf5df33560a3d6151d95123fba3fd4589cff8b3fea35c2703dcc4c311d5415e,89474e20703f2673e7a1f70fd3b972eea4c0c199f5db7aff4d692a6c4bfd0a6c,292578,3,2060,2026-08-14T18:42:13+08:00,issuer_title_and_document_relevance_without_market_returns
CNINFO-002466-1222419651,002466,天齐锂业,2025-01-24,1222419651,https://static.cninfo.com.cn/finalpage/2025-01-24/1222419651.PDF,f78a67de583175899c2ec4ab27ce07183a8193898dc4e59bf5b9888cb1c95329,f1a7f9cbf80d0474373f9a8574e175b339b1e65ff13d9976f72ab503f4403e8b,319174,3,2614,2026-08-14T18:42:13+08:00,issuer_title_and_document_relevance_without_market_returns
CNINFO-002466-1222419653,002466,天齐锂业,2025-01-24,1222419653,https://static.cninfo.com.cn/finalpage/2025-01-24/1222419653.PDF,49c649af7f7d79b7b220ddf826b052729875a9d67a23893e7b479de0eef964d7,c0372abcc9fff558682833714b8b0d032757af93cb41309a142e1b8a6733c48f,331886,3,2603,2026-08-14T18:42:13+08:00,issuer_title_and_document_relevance_without_market_returns
CNINFO-002460-1222431395,002460,赣锋锂业,2025-01-25,1222431395,https://static.cninfo.com.cn/finalpage/2025-01-25/1222431395.PDF,b61b05321d567654eba0d6bafa092433e2f7f5bbf3919d0c59d3844a87509156,1675951ef66ebad66ea64173be69d1e6ef7c8d9f596ebf7c4378ace735959e9e,439244,2,1017,2026-08-14T18:42:07+08:00,issuer_title_and_document_relevance_without_market_returns
CNINFO-002594-1222456351,002594,比亚迪,2025-02-05,1222456351,https://static.cninfo.com.cn/finalpage/2025-02-05/1222456351.pdf,9df5d76714ddcefd4f3d5ded4b1b545415d6b3fc5d99c89a45f41c0bf56e7efa,6be4ee7560c2ac6146c5d9209514d8768415a4c085b6ab4294e6e038484a3965,52176,2,1007,2026-08-14T18:42:57+08:00,issuer_title_and_document_relevance_without_market_returns
CNINFO-300390-1222484334,300390,天华新能,2025-02-07,1222484334,https://static.cninfo.com.cn/finalpage/2025-02-07/1222484334.PDF,70aac1c689cd0594bfff1bdefa320887f9cda1adb11d70b496517d539397e7bd,99b89245eca54ecfd8262b2d4980067eb3b495709c86b5562728c84c7c296ed0,580765,4,2565,2026-08-14T18:42:40+08:00,issuer_title_and_document_relevance_without_market_returns
CNINFO-002460-1222536441,002460,赣锋锂业,2025-02-14,1222536441,https://static.cninfo.com.cn/finalpage/2025-02-14/1222536441.PDF,6c356f074bd4c5738b55c40f7ee0b8b5b81217655e3539b3847bd64f83fcc9b0,4dd6dc072ad7855cfd2bbc56b0e3dc67ccf471a55847c6717268066d6fc83569,202672,1,505,2026-08-14T18:42:07+08:00,issuer_title_and_document_relevance_without_market_returns
CNINFO-002466-1222581162,002466,天齐锂业,2025-02-20,1222581162,https://static.cninfo.com.cn/finalpage/2025-02-20/1222581162.PDF,42223cf51362f07b531d5825e78970aac2f775d4dbd4c716338818b9ca741283,2aea7565395ca9a220e614862026104b149a8eb26c6fd168f33c8a22ae8b70ab,300648,2,1464,2026-08-14T18:42:13+08:00,issuer_title_and_document_relevance_without_market_returns
CNINFO-002594-1222683514,002594,比亚迪,2025-03-03,1222683514,https://static.cninfo.com.cn/finalpage/2025-03-03/1222683514.pdf,0bfb0032ebd62d9245fb130bfafe500911c0090595b02e9c8eb1047117e17197,b062dfa5912e26f5a6a69573c649d3ba2d9c8c34b6ee8a2e2115793e334e312a,52335,2,1013,2026-08-14T18:42:57+08:00,issuer_title_and_document_relevance_without_market_returns
CNINFO-300390-1222857555,300390,天华新能,2025-03-20,1222857555,https://static.cninfo.com.cn/finalpage/2025-03-20/1222857555.PDF,8f073dfb716b31f7d8ab403fc9403e38c75f9e00053f94756538bde3ba873944,7d9374f3135b9d3ed00d85550fea8c5280e70ae6d35c3c2b7773715adc5528a3,513827,2,1089,2026-08-14T18:42:40+08:00,issuer_title_and_document_relevance_without_market_returns
CNINFO-300390-1222857559,300390,天华新能,2025-03-20,1222857559,https://static.cninfo.com.cn/finalpage/2025-03-20/1222857559.PDF,5fe3acc107b4921091fb11b31c700488c919e7973e6aeb531573f6067b3d76f3,ef908823a1b023bd02e75bd54d40332174c20122793dce36b9ac0c60489a8ea4,403523,5,3075,2026-08-14T18:42:40+08:00,issuer_title_and_document_relevance_without_market_returns
CNINFO-002240-1222870682,002240,盛新锂能,2025-03-22,1222870682,https://static.cninfo.com.cn/finalpage/2025-03-22/1222870682.PDF,898bc66c8968ce92568c1fb44d469f1da07643f0b1e13f05323e62aad64a313d,dcbe474ddb961028896533b5490b51dc71bcafca30e21a9c34fc49023556cd6b,326278,4,2236,2026-08-14T18:42:20+08:00,issuer_title_and_document_relevance_without_market_returns
CNINFO-002756-1222881575,002756,永兴材料,2025-03-25,1222881575,https://static.cninfo.com.cn/finalpage/2025-03-25/1222881575.PDF,471d4b06df4f66bfab363ac78b8f0572002556e916073646780cfac91254b504,0712efb4e6b21ca9417e12a2877b2194dfe958d8568595d684ba60fa9e2c3d08,212772,4,2384,2026-08-14T18:42:26+08:00,issuer_title_and_document_relevance_without_market_returns
CNINFO-002466-1222913085,002466,天齐锂业,2025-03-27,1222913085,https://static.cninfo.com.cn/finalpage/2025-03-27/1222913085.PDF,c38a9a06576565186c24d5b32c0dfde42a0876aa1b257be884b52ecc05900cf1,e65c527429fa9e68ccf0d5a808cc6b3d721e9e42bd5173dbf0494da8b847b943,322429,5,4283,2026-08-14T18:42:13+08:00,issuer_title_and_document_relevance_without_market_returns
CNINFO-002466-1222913106,002466,天齐锂业,2025-03-27,1222913106,https://static.cninfo.com.cn/finalpage/2025-03-27/1222913106.PDF,05b468ecd1d7e30328d6b34108e901e079d8e21ede8dac124e880ba4125731b3,6b244f40383e1e208db550f8e7cff1a76308a4a8ad4fffa4542681863b64e552,219977,5,3627,2026-08-14T18:42:13+08:00,issuer_title_and_document_relevance_without_market_returns
CNINFO-000408-1222950983,000408,藏格矿业,2025-03-29,1222950983,https://static.cninfo.com.cn/finalpage/2025-03-29/1222950983.PDF,b8adfff1529302ca4107210d97f5e6a3cbf13a012e38e97f5dee45f7b03b8b81,e19fae4a79b191104cc76d95b809a740890ce24c8224c331e63091b6c8a8f459,206073,3,2195,2026-08-14T18:42:34+08:00,issuer_title_and_document_relevance_without_market_returns
CNINFO-000792-1222951139,000792,盐湖股份,2025-03-29,1222951139,https://static.cninfo.com.cn/finalpage/2025-03-29/1222951139.PDF,3dc6d3747cd497e5fc24a4c924caf24cef6482c346cf0303e67495aa869b6dee,1cb1c9413077b7c0b787f7bbe5a46c18d17fb854612fd9e26b3672cdad234b30,223598,2,719,2026-08-14T18:42:30+08:00,issuer_title_and_document_relevance_without_market_returns
CNINFO-000792-1222951148,000792,盐湖股份,2025-03-29,1222951148,https://static.cninfo.com.cn/finalpage/2025-03-29/1222951148.PDF,7e9398bda04dda2228eae57e17d0dbcba12033b2da2bc7dc2d7244ecbb7772cd,9244e9f2d68216247f2d4518b3c78acd74491d69b4e4c960818d1066b846b842,433076,11,7515,2026-08-14T18:42:30+08:00,issuer_title_and_document_relevance_without_market_returns
CNINFO-000792-1222951150,000792,盐湖股份,2025-03-29,1222951150,https://static.cninfo.com.cn/finalpage/2025-03-29/1222951150.PDF,ee916a891002f181a0b83168e0c3882364cf4199b19de4ff6f460d8ca33932c1,65fbcb90d5ba510f8fe1eb75754fea6d7a37a04ec4bc59fe778d8c8a8c5de2c4,377390,12,5042,2026-08-14T18:42:30+08:00,issuer_title_and_document_relevance_without_market_returns
CNINFO-002460-1222949713,002460,赣锋锂业,2025-03-29,1222949713,https://static.cninfo.com.cn/finalpage/2025-03-29/1222949713.PDF,8ae0a280b77d333df9cccba156b13ad4435d199ce4cff6f74d13d897bfd0eb92,172580d30b11acd92d1c0636a95fa4c3cffdb13def91232447965fec01d85d03,351442,4,2916,2026-08-14T18:42:08+08:00,issuer_title_and_document_relevance_without_market_returns
CNINFO-002594-1222982953,002594,比亚迪,2025-04-02,1222982953,https://static.cninfo.com.cn/finalpage/2025-04-02/1222982953.PDF,0835b0b176a9bf5b3464b315e8aafb078906a1f083c0d73f7c228a5a4e5023f7,0bc2e71f00e3bc20b63fe68414baebcc6c6bbe40dbd6054d44f999f008529dad,100041,2,1035,2026-08-14T18:42:57+08:00,issuer_title_and_document_relevance_without_market_returns
CNINFO-002466-1223235918,002466,天齐锂业,2025-04-24,1223235918,https://static.cninfo.com.cn/finalpage/2025-04-24/1223235918.PDF,9d0c2b5748eda31bef8b7b0e85e319c5b245a511049f02882c57800f420c8b17,2f5db82626a0d9707f1774502ef3c596b51c11adca2536cdfd30dbdabfc06b7c,321667,2,1822,2026-08-14T18:42:13+08:00,issuer_title_and_document_relevance_without_market_returns
CNINFO-002738-1223271317,002738,中矿资源,2025-04-25,1223271317,https://static.cninfo.com.cn/finalpage/2025-04-25/1223271317.PDF,32e1fe2593b944cb747156e51d3998c68183648f5bfba4ed5c9bbc43175ef687,48a3e9de0a43c4f20a454a44b18e6b4f11eaaaca7a6c5f8983324ae8b1eb36f3,327973,1,533,2026-08-14T18:42:44+08:00,issuer_title_and_document_relevance_without_market_returns
CNINFO-002738-1223271321,002738,中矿资源,2025-04-25,1223271321,https://static.cninfo.com.cn/finalpage/2025-04-25/1223271321.PDF,8b8f7c39fccc2aa84292dd7855eeb941f69759c168fda18c10568736c5803fdf,b3d674332ea1780c93ee9d12be75a26c2584373388025a2f713a0c65d5e6191c,400267,7,5251,2026-08-14T18:42:44+08:00,issuer_title_and_document_relevance_without_market_returns
CNINFO-002497-1223380001,002497,雅化集团,2025-04-29,1223380001,https://static.cninfo.com.cn/finalpage/2025-04-29/1223380001.PDF,45dc810a0d6e9caef45e1dadb7cea41939d1e1f86224d3e9ef8f0607d65f8d36,2d7ce88c26bc7d50a87bb849bba867f0dc35261428eb446a709bfb54af98e7bb,379516,7,4570,2026-08-14T18:42:23+08:00,issuer_title_and_document_relevance_without_market_returns
CNINFO-002594-1223470873,002594,比亚迪,2025-05-06,1223470873,https://static.cninfo.com.cn/finalpage/2025-05-06/1223470873.pdf,387bce27a2c7a8102f666f7df68c860e6aafdc3ce7d5999054431beead7b7f56,766a02c459cccbb7470b4496aec296eca7540c0580c9d68ae30b85ed7b5928de,52454,2,1043,2026-08-14T18:42:57+08:00,issuer_title_and_document_relevance_without_market_returns
CNINFO-002497-1223536034,002497,雅化集团,2025-05-14,1223536034,https://static.cninfo.com.cn/finalpage/2025-05-14/1223536034.PDF,716f1148e2b2d696bf0556c6c44e8b0f6fd7a3fbb761a98475de642fe03e05e3,0282388971731913ffc5bf67c3b89397a1f799626d9490af99eeb422d8cc0fe9,254084,2,1365,2026-08-14T18:42:23+08:00,issuer_title_and_document_relevance_without_market_returns
CNINFO-002176-1223566764,002176,江特电机,2025-05-17,1223566764,https://static.cninfo.com.cn/finalpage/2025-05-17/1223566764.PDF,9eb63611e8e17777444ae0eea8826f6c03ea00a8bb9ddbc6690021bb22734f1a,488fc793148850810ab4d9b828f049e561fa2b167bd72f36588172aca160cc96,379680,4,3029,2026-08-14T18:42:37+08:00,issuer_title_and_document_relevance_without_market_returns
CNINFO-000792-1223683113,000792,盐湖股份,2025-05-27,1223683113,https://static.cninfo.com.cn/finalpage/2025-05-27/1223683113.PDF,ef8c90c8d584c7aeb535f082bece5fe3d3baa977703e6be3fee343bd9cbc67c7,0d2c709f8a4980588c11bbfda435d5f6b4f96867c7fa943d6cb0ab12ee127c29,404445,4,2488,2026-08-14T18:42:30+08:00,issuer_title_and_document_relevance_without_market_returns
CNINFO-000792-1223683118,000792,盐湖股份,2025-05-27,1223683118,https://static.cninfo.com.cn/finalpage/2025-05-27/1223683118.PDF,b668d7cea30a396ed33d123cde488918c775f290339ca84687560aa4ab354f3e,637fdcbf6629074687dfc8263c571c95090201d17ddb06440e6f9c1acbd1fb36,321204,5,3606,2026-08-14T18:42:30+08:00,issuer_title_and_document_relevance_without_market_returns
CNINFO-000792-1223683123,000792,盐湖股份,2025-05-27,1223683123,https://static.cninfo.com.cn/finalpage/2025-05-27/1223683123.PDF,643c5744b482fc7852f3ced01ff1d9337763af82108b3c9338aa1cfbb5022118,5a49fe2b8cbfbcffdb2b69a42c625c14e48a415b20a74dc71bfe1422e4bcb5e1,882400,27,4368,2026-08-14T18:42:30+08:00,issuer_title_and_document_relevance_without_market_returns
CNINFO-002594-1223739822,002594,比亚迪,2025-06-03,1223739822,https://static.cninfo.com.cn/finalpage/2025-06-03/1223739822.pdf,847bd7fe66296cf34d59da5d1c7b94db334eb9eb373dd01cebe93104f306c540,fa60272ae7e373c007bf5026c42b42a65470e44306c0c86c75c8e0f110b4a2ec,52372,2,1058,2026-08-14T18:42:57+08:00,issuer_title_and_document_relevance_without_market_returns
CNINFO-000408-1223955178,000408,藏格矿业,2025-06-23,1223955178,https://static.cninfo.com.cn/finalpage/2025-06-23/1223955178.PDF,260b797cebe03caff196e91dfcbe72a21fb3a949e462faaeab16c593f71e42bb,dc3dd9ddb2d212fa0449ae25d80e195393e9ff40a0e29d94a50c8acbeeeeeba5,458823,6,3527,2026-08-14T18:42:34+08:00,issuer_title_and_document_relevance_without_market_returns
CNINFO-000408-1223958965,000408,藏格矿业,2025-06-24,1223958965,https://static.cninfo.com.cn/finalpage/2025-06-24/1223958965.PDF,fa6bbefc503455d23dd89d672af2f1e7490abc6f2d1040436f01557b61004ddd,6490abf676e17b2bde2d9df69ec0a5ff7f9aa89effc862038a13a319853f8ab4,332821,2,1042,2026-08-14T18:42:34+08:00,issuer_title_and_document_relevance_without_market_returns
CNINFO-002738-1224015569,002738,中矿资源,2025-06-28,1224015569,https://static.cninfo.com.cn/finalpage/2025-06-28/1224015569.PDF,29e748fd91964def1421620082fb7aede49a3b747d8f9b91618c035f07ed4838,f26c7d984fd204e656725745a7d20e83fc4050c0b95970213b01d165925ee809,558361,3,2058,2026-08-14T18:42:44+08:00,issuer_title_and_document_relevance_without_market_returns
CNINFO-002594-1224058406,002594,比亚迪,2025-07-02,1224058406,https://static.cninfo.com.cn/finalpage/2025-07-02/1224058406.PDF,900cfa21d46ce1fbf6dd6c6c4dd280bd0d4d7a8806ef76c2478ac8262a2145fc,90fbc451fd394bb8eb0451f6f7591a7a662988146e18a3238e8a750da5580c94,93990,2,1066,2026-08-14T18:42:57+08:00,issuer_title_and_document_relevance_without_market_returns
CNINFO-002460-1224068866,002460,赣锋锂业,2025-07-03,1224068866,https://static.cninfo.com.cn/finalpage/2025-07-03/1224068866.PDF,b11c66733c454af3df875949c099a5066997edf222aafad4bfbf03b55f53e8f2,e542aee059862e5d9f8fc1e5fd8ed5fd9abb804f691c521e0f89d4a85941bcac,277170,2,754,2026-08-14T18:42:08+08:00,issuer_title_and_document_relevance_without_market_returns
CNINFO-000408-1224162516,000408,藏格矿业,2025-07-15,1224162516,https://static.cninfo.com.cn/finalpage/2025-07-15/1224162516.PDF,d6ce2ab9b8abe1bc4050f617cf493a36ccebcdfa12ddcb0578eab710e136bcf6,3cd32613b9e74f83f69d9b04e7da195076687ae99a5cd6edcddcacb0dcb8eaac,322567,2,830,2026-08-14T18:42:34+08:00,issuer_title_and_document_relevance_without_market_returns
CNINFO-002176-1224163294,002176,江特电机,2025-07-15,1224163294,https://static.cninfo.com.cn/finalpage/2025-07-15/1224163294.PDF,2d608004c43d796ed28a93d0b5e6e07e8059006b7fb835e897ca4b6e2a271b9e,1c1496ffe5bd4c88cf6851b0f571c480ad799e20a6efefcfd69bf3169289d32b,283560,2,588,2026-08-14T18:42:37+08:00,issuer_title_and_document_relevance_without_market_returns
CNINFO-002240-1224164694,002240,盛新锂能,2025-07-15,1224164694,https://static.cninfo.com.cn/finalpage/2025-07-15/1224164694.PDF,b372a990484af4f7c7fe5b3bbcbbdcfc94d34becdca8758149ed785a79f3b448,671236e97893afac7554395d02fd8123460aab97245d7ef6617e43f80e63a924,356567,2,718,2026-08-14T18:42:20+08:00,issuer_title_and_document_relevance_without_market_returns
CNINFO-002460-1224164382,002460,赣锋锂业,2025-07-15,1224164382,https://static.cninfo.com.cn/finalpage/2025-07-15/1224164382.PDF,571c7172fec6cb1d24badbeb828b628265c6b8554b545cb663af9415153598eb,ec93ecc37e2b6ddc1a32bf5008d05fc52677f2ee8143272c0ae1e1cc6731120b,441044,2,971,2026-08-14T18:42:08+08:00,issuer_title_and_document_relevance_without_market_returns
CNINFO-002466-1224164259,002466,天齐锂业,2025-07-15,1224164259,https://static.cninfo.com.cn/finalpage/2025-07-15/1224164259.PDF,b5b1afe883e2a33aa0364c3aeac25567868ce2db0cc7f49103a9496081c36fd7,c65edcee1b613bcc5bc170f461194f5a3d5a12fade0748c221f20f149790fe95,479510,3,1809,2026-08-14T18:42:13+08:00,issuer_title_and_document_relevance_without_market_returns
CNINFO-002738-1224163658,002738,中矿资源,2025-07-15,1224163658,https://static.cninfo.com.cn/finalpage/2025-07-15/1224163658.PDF,cf1da750374972d1e2bc1b30e77b04733cf545cbeeca4e3b384ad8314b4345f8,8f8c7a98bf09608d5e595c2413656ad2b2429db1d1d50ff821c1f14b8ac5773d,582117,2,1100,2026-08-14T18:42:44+08:00,issuer_title_and_document_relevance_without_market_returns
CNINFO-000408-1224198116,000408,藏格矿业,2025-07-17,1224198116,https://static.cninfo.com.cn/finalpage/2025-07-17/1224198116.PDF,d14003b0a85b47cedc93cc0c0c2ddcc67e1d7b91e397bbed2c4aff0ca0f2fcef,4311a0d7414ead368854488ed09fd6dbae475af1c8f09535ec895ba7a9f70ac4,318549,2,889,2026-08-14T18:42:34+08:00,issuer_title_and_document_relevance_without_market_returns
CNINFO-002176-1224236733,002176,江特电机,2025-07-22,1224236733,https://static.cninfo.com.cn/finalpage/2025-07-22/1224236733.PDF,312014fe46feeb82cc9df614bae535d4cbc772da4d0012cee2ecebf47b49525e,27e744ef579831d25c10d725947109e6f33e69f5a4bc7383bc972db7383b7617,284027,1,673,2026-08-14T18:42:37+08:00,issuer_title_and_document_relevance_without_market_returns
CNINFO-002594-1224368797,002594,比亚迪,2025-08-02,1224368797,https://static.cninfo.com.cn/finalpage/2025-08-02/1224368797.PDF,27c7158b6b944ff1fe672be6358debbd1d5e0bba545312906b8f62a3d32aac98,c2696048819f37fe37b1394cedccbff1ea087526864763b0cdb723e0c04df197,93728,2,1068,2026-08-14T18:42:58+08:00,issuer_title_and_document_relevance_without_market_returns
CNINFO-002594-1224632702,002594,比亚迪,2025-09-02,1224632702,https://static.cninfo.com.cn/finalpage/2025-09-02/1224632702.PDF,40ae28e3d7f5c6e33c9acf4ffb10a300942d70100d897810bf0e835681dd2897,bc38adcdd73ce213b3feeca279f84dc11e974690d44dc71443bd4b38e292052b,53404,2,1072,2026-08-14T18:42:58+08:00,issuer_title_and_document_relevance_without_market_returns
CNINFO-300390-1224658106,300390,天华新能,2025-09-13,1224658106,https://static.cninfo.com.cn/finalpage/2025-09-13/1224658106.PDF,ed6e4d7e98e7eef41d5b9da3361e2d28084f7a864ce6e6cc840eed3f3976c726,75d2a99b4e0cf0a14bed16987561bbe9c395037026c0cc5517ab25b5905232fa,176078,7,4568,2026-08-14T18:42:40+08:00,issuer_title_and_document_relevance_without_market_returns
CNINFO-002240-1224674863,002240,盛新锂能,2025-09-23,1224674863,https://static.cninfo.com.cn/finalpage/2025-09-23/1224674863.PDF,c9a2e1d881be63972af9a4237bc7a6c8e7cda79b868a62a86bbba01d31533be0,e8f429b78db325532030b19ad8b746ac33298a78007de5e29c0e366228477f43,432024,22,6221,2026-08-14T18:42:20+08:00,issuer_title_and_document_relevance_without_market_returns
CNINFO-000762-1224680350,000762,西藏矿业,2025-09-26,1224680350,https://static.cninfo.com.cn/finalpage/2025-09-26/1224680350.PDF,428e6c5f788cd24653b4c12239c9480188ff449cac04877846faec94a66f7081,e174a03df4c66ee0c373cf17f4dc0e37b9c735b7b77d5c387a4965741cc5e36f,143042,1,589,2026-08-14T18:42:48+08:00,issuer_title_and_document_relevance_without_market_returns
CNINFO-000792-1224684751,000792,盐湖股份,2025-09-29,1224684751,https://static.cninfo.com.cn/finalpage/2025-09-29/1224684751.PDF,cfef63149c5facf2bc4f1f73ad6e6b0bfc803ab6f48cee213258721f93bf1c7d,aace2da3e80bcc5844bc8750751b806c7bc6c89a9e1664bc592ad2b0d1663d71,81748,1,483,2026-08-14T18:42:31+08:00,issuer_title_and_document_relevance_without_market_returns
CNINFO-002594-1224697528,002594,比亚迪,2025-10-09,1224697528,https://static.cninfo.com.cn/finalpage/2025-10-09/1224697528.PDF,b9ddfb04903283ad2901a7c4511b6d89034725d438da5a30a935326926f891f5,0d6547de1296e5e2d86cd1ecb9342df7759e67212ff875d12e4eb311fef014ec,53402,2,1075,2026-08-14T18:42:58+08:00,issuer_title_and_document_relevance_without_market_returns
CNINFO-000408-1224705558,000408,藏格矿业,2025-10-10,1224705558,https://static.cninfo.com.cn/finalpage/2025-10-10/1224705558.pdf,69e556a529bc2098777caa554d9a39879e90f4e3b8c405a8d86b78946406e1a6,c24c93f00bc12b7457e46d3660d1610c5ff9bca69fb31c80872e2f8cfd7f5535,203976,2,1070,2026-08-14T18:42:34+08:00,issuer_title_and_document_relevance_without_market_returns
CNINFO-000408-1224709769,000408,藏格矿业,2025-10-14,1224709769,https://static.cninfo.com.cn/finalpage/2025-10-14/1224709769.PDF,c9b79dad275929231a50289fd01add5484bafe39ec6d92d3adffae5057c8566a,6ca8e336be25412f55fb7c18d24af58afb0e637a88fb9bd94c638abad74b401f,101386,2,1208,2026-08-14T18:42:34+08:00,issuer_title_and_document_relevance_without_market_returns
CNINFO-000792-1224708917,000792,盐湖股份,2025-10-14,1224708917,https://static.cninfo.com.cn/finalpage/2025-10-14/1224708917.PDF,75628362bab2894916ed60d6fc915c090e6b5a958a8d4ef1dde0c44a6e6bad58,20dbc0cc9eb339011000771fdf7ad7ce718baf5ea943ed7eea5b8359fa38d905,93729,2,1236,2026-08-14T18:42:31+08:00,issuer_title_and_document_relevance_without_market_returns
CNINFO-002466-1224717739,002466,天齐锂业,2025-10-18,1224717739,https://static.cninfo.com.cn/finalpage/2025-10-18/1224717739.PDF,17c5362905c1222a3038a7446cc9c4bb7c2fd648ed95bdea59c3ac3c14e66fce,ccf9e7045ca5631bf33bf7ac8200e463df3ed39ad7ac3ede14e1e97eba32f0cb,114183,2,1534,2026-08-14T18:42:14+08:00,issuer_title_and_document_relevance_without_market_returns
CNINFO-300390-1224736852,300390,天华新能,2025-10-25,1224736852,https://static.cninfo.com.cn/finalpage/2025-10-25/1224736852.PDF,b7df8b42da874f7006efa38ca86b16e678152d5adaeda659cba41c732e6179db,db3365d5bcbe63f70e2dcd248f1ee0204472e1fdff487530405b7d253c5617a8,89059,1,485,2026-08-14T18:42:40+08:00,issuer_title_and_document_relevance_without_market_returns
CNINFO-002460-1224755096,002460,赣锋锂业,2025-10-29,1224755096,https://static.cninfo.com.cn/finalpage/2025-10-29/1224755096.PDF,934b626ace59b3b2eb8a735464018d5bc7f72383466af3aad16dc274f4afbbc4,9364bfb523c2ce0c5537b38cecf1120d66b40e1c1788679c061aac808319df84,172832,7,4181,2026-08-14T18:42:09+08:00,issuer_title_and_document_relevance_without_market_returns
CNINFO-002240-1224781544,002240,盛新锂能,2025-11-01,1224781544,https://static.cninfo.com.cn/finalpage/2025-11-01/1224781544.PDF,86502318e844760657afa87fd4c52ba33119d159fff0cb29c572b796eab698b0,f0db61a5c8bf8f0f45354f8b0aaa2692b5f166f517be23565e6ffc4f85b9609d,425491,28,5989,2026-08-14T18:42:20+08:00,issuer_title_and_document_relevance_without_market_returns
CNINFO-002594-1224781922,002594,比亚迪,2025-11-03,1224781922,https://static.cninfo.com.cn/finalpage/2025-11-03/1224781922.PDF,d935305954615fd6638fdb5795cdaa417608d8cbd297d6e2d311637e1b58e434,04fdbcfc37c9e90bd1833ca76a24f68f28d2f9a8ee50d9ced05aa11dad3c8af9,53476,2,1078,2026-08-14T18:42:58+08:00,issuer_title_and_document_relevance_without_market_returns
CNINFO-002460-1224795440,002460,赣锋锂业,2025-11-11,1224795440,https://static.cninfo.com.cn/finalpage/2025-11-11/1224795440.PDF,59ee73c1996db0ec9904f98616c7a333b40676e68ad81cccc974ccd6f50d18b9,1f47dbd4a977e687985c7c59f3f8a6bca034889bb4d8aab07139eaf573d53057,155946,3,1693,2026-08-14T18:42:09+08:00,issuer_title_and_document_relevance_without_market_returns
CNINFO-002176-1224806565,002176,江特电机,2025-11-15,1224806565,https://static.cninfo.com.cn/finalpage/2025-11-15/1224806565.PDF,72d4eb10ba99611b1ef68314907fc9bc8a62229702b0d0b5c3111bdc0adbea36,b7c646b2d5a387616bb47efbc9a92264ca8f579049906c10db31e14724628f4a,147965,4,2237,2026-08-14T18:42:37+08:00,issuer_title_and_document_relevance_without_market_returns
CNINFO-002240-1224812521,002240,盛新锂能,2025-11-19,1224812521,https://static.cninfo.com.cn/finalpage/2025-11-19/1224812521.PDF,16ff86b89b25a511ad1ba44a5755ace42402ccf018178f5afd8b5ed1e775521f,19d05528a02a7ce332494dfa3a1c3794db2c6fef6c7d869522dd135a812af74c,162621,5,3716,2026-08-14T18:42:20+08:00,issuer_title_and_document_relevance_without_market_returns
CNINFO-002594-1224841562,002594,比亚迪,2025-12-02,1224841562,https://static.cninfo.com.cn/finalpage/2025-12-02/1224841562.PDF,217a3c9b4c8e26818cc656890f63fbe46112cfe53d274e2b6e76a4e70b99381a,7179b607edc708a2de4d1500dcd8af102443d58962b2bda2c02a2d6b2a1312c3,53454,2,1079,2026-08-14T18:42:58+08:00,issuer_title_and_document_relevance_without_market_returns
CNINFO-002466-1224858142,002466,天齐锂业,2025-12-09,1224858142,https://static.cninfo.com.cn/finalpage/2025-12-09/1224858142.PDF,cde6f7f22edeeeb36fda5f819293f37fcc54590995c3277da4d0e94f49c33d9a,b807f414deb09877af789419c497b3e6033c93b7ed2ff0fd626e51edf02535ee,88243,1,512,2026-08-14T18:42:14+08:00,issuer_title_and_document_relevance_without_market_returns
CNINFO-300390-1224862955,300390,天华新能,2025-12-10,1224862955,https://static.cninfo.com.cn/finalpage/2025-12-10/1224862955.PDF,1e2490f6f9fdd6259ef24e143404aee897f966e5b1595333d71632387f7c2136,90ed9d99dd155a89f4f603cfb5f8d3a95e75d7de3a8e4c25ac81f1abce4c0fbc,136127,5,3254,2026-08-14T18:42:40+08:00,issuer_title_and_document_relevance_without_market_returns
CNINFO-000408-1224882118,000408,藏格矿业,2025-12-17,1224882118,https://static.cninfo.com.cn/finalpage/2025-12-17/1224882118.PDF,5940dabc0d63e1cd7590157a4cb89751661d96e85719d58692951ff11bab99d4,1d4689a69d891056d1130d092f48e2b6c9d1778619f1f5a019c6173b7a18586c,168424,9,6007,2026-08-14T18:42:34+08:00,issuer_title_and_document_relevance_without_market_returns
CNINFO-002176-1224880823,002176,江特电机,2025-12-17,1224880823,https://static.cninfo.com.cn/finalpage/2025-12-17/1224880823.PDF,d8a87521fe337c076aaf24034630cb6485eafd1f850821abcff6396e29614830,bbedee88333b453e9dc1feff8eceeea8d6b9dac1563badd0e1caa6835162eed0,129394,2,1025,2026-08-14T18:42:37+08:00,issuer_title_and_document_relevance_without_market_returns
CNINFO-002240-1224888567,002240,盛新锂能,2025-12-20,1224888567,https://static.cninfo.com.cn/finalpage/2025-12-20/1224888567.PDF,69487e559ad58c812737d8b8dd67c1732c96877d1d9923c9123342a46cb157c9,e3ccec7d930211db98fd51f97a3c28fb7230535e58df4fe80fc8ba73472dc843,241666,6,3914,2026-08-14T18:42:20+08:00,issuer_title_and_document_relevance_without_market_returns
CNINFO-002466-1224887213,002466,天齐锂业,2025-12-20,1224887213,https://static.cninfo.com.cn/finalpage/2025-12-20/1224887213.PDF,b3fa23be075abed97bfd9d296571bb541884fb1859953bcbdf9dd3e1ab6d8e2f,04749b0931ed5f399526570ae86b407dd5df2226c6e76f687deaf93783f61002,108107,2,1093,2026-08-14T18:42:15+08:00,issuer_title_and_document_relevance_without_market_returns
CNINFO-300390-1224893767,300390,天华新能,2025-12-23,1224893767,https://static.cninfo.com.cn/finalpage/2025-12-23/1224893767.PDF,4cc43a829c07ce7ac98db6df71932710daf97f6f529a9cac8850e9cccd79a217,49b832d2cf7b559d7571742646ce2720b98d9930b387a8adf765ba8fcba857f8,89024,1,596,2026-08-14T18:42:40+08:00,issuer_title_and_document_relevance_without_market_returns
CNINFO-002738-1224893161,002738,中矿资源,2025-12-24,1224893161,https://static.cninfo.com.cn/finalpage/2025-12-24/1224893161.PDF,e9b0ec7deada082c1c06ae6e959729b40d0e95b0439c24fe3b8b6df3c602279d,faf0a08cfa18f2fb1b64e08a93ce1e6cc1f55eb4d41744e10646b259036ccab4,105213,1,653,2026-08-14T18:42:44+08:00,issuer_title_and_document_relevance_without_market_returns
CNINFO-002176-1224896476,002176,江特电机,2025-12-25,1224896476,https://static.cninfo.com.cn/finalpage/2025-12-25/1224896476.PDF,1bde368ef4b785961960f147163ce61873d021cef43093223a3525998be0255c,4e6a36afe2e9095ca943f8e609386ee5586ba28cd10d0783b0660d1aee72967e,102769,2,836,2026-08-14T18:42:37+08:00,issuer_title_and_document_relevance_without_market_returns
CNINFO-002466-1224904358,002466,天齐锂业,2025-12-30,1224904358,https://static.cninfo.com.cn/finalpage/2025-12-30/1224904358.PDF,66bd569e9fa317dd3e9de6b58c0464848301a9134bbfac42edc17df6618faa0e,92d96a65d5c1de3366fbcdb9c93243bec1df4d08bc6ffbf6206bb3b150add0ee,177078,5,4713,2026-08-14T18:42:15+08:00,issuer_title_and_document_relevance_without_market_returns
CNINFO-000792-1224910262,000792,盐湖股份,2025-12-31,1224910262,https://static.cninfo.com.cn/finalpage/2025-12-31/1224910262.PDF,a8cecb4c820fc668a46c30b2ff4afd62a1a03bbfaa4e7cbece8638c70396243a,6f80b81515bb70ff72c6ac90818598ff52e9c405705bf202e00eba2bc7d8b954,199173,13,6275,2026-08-14T18:42:31+08:00,issuer_title_and_document_relevance_without_market_returns
CNINFO-000792-1224913914,000792,盐湖股份,2025-12-31,1224913914,https://static.cninfo.com.cn/finalpage/2025-12-31/1224913914.PDF,54dc6904746033aad1bff6662cf680faec8c12a5c273834d653b0f36fe2c9023,3fb136e64dd68ce3b6f0415bd6b62e0fa157afd3a157f43fac85645714e24696,123420,2,976,2026-08-14T18:42:31+08:00,issuer_title_and_document_relevance_without_market_returns
CNINFO-002240-1224910270,002240,盛新锂能,2025-12-31,1224910270,https://static.cninfo.com.cn/finalpage/2025-12-31/1224910270.PDF,eb86fc8ae4ee98dd03990cfb9f62a7259a18829db2b6952027d46fa44c542151,bbf7829d73530bd6f1d3a6d4b0c688516d06cdd08893760eb7767d7f3f2b317e,376566,17,6233,2026-08-14T18:42:21+08:00,issuer_title_and_document_relevance_without_market_returns
CNINFO-300390-1224913939,300390,天华新能,2025-12-31,1224913939,https://static.cninfo.com.cn/finalpage/2025-12-31/1224913939.PDF,4d4c4af1abf50ab363ed97e58f459241f55e62e81979a96fb3c54430bb616fac,7f8240e1c01c9f4c5cd8874b39c7ab0e41519f00f1d557e1ef004a07d81e6eae,101262,2,884,2026-08-14T18:42:40+08:00,issuer_title_and_document_relevance_without_market_returns
