doc_id,publish_time,zero_shot_score,rule_enhanced_score,zero_shot_confidence,rule_enhanced_confidence,zero_shot_evidence_text,rule_enhanced_evidence_text,activated_rule_ids,model,request_id,rulebook_sha256,annotation_input_sha256,prompt_version
CNINFO-002594-1222201503,2025-01-02,0.3,0.0,0.4,0.4,本公司 2024 年 12 月新能源汽车动力电池及储能电池装机总量约为 23.495 GWh，2024 年累计装机总量约为 194.705 GWh。,,[],deepseek-v4-flash,095bda91-6739-4af7-8454-96094d6ebac9,64bdfd1749c3768b2a971305d7c1eb63a5e9d103071da13d4fc7b4a040e2dc3a,9dd50ada0aa37c9d25b5b337f9a92aa8c4abe0317baef7eac456cb7a9b50960e,lithium-v3-deepseek-v4-flash-direction-v2-explicit-contract
GFEX-WR-20250102,2025-01-02,-0.1,0.0,0.2,0.2,仓单增加930手,,[],deepseek-v4-flash,d122a531-558d-4f1a-b3d1-1a5f71343156,64bdfd1749c3768b2a971305d7c1eb63a5e9d103071da13d4fc7b4a040e2dc3a,86481f31bf4de4b3d2f9b1ea0d17460ef48337af9904cd6b9620bdf8d24597cb,lithium-v3-deepseek-v4-flash-direction-v2-explicit-contract
GFEX-WR-20250108,2025-01-08,-0.2,0.06254147312541472,0.3,0.11363636363636363,仓单减少1021手,仓单减少1021手,"[""LC-BULL-01""]",deepseek-v4-flash,deaf622b-3e4d-47bf-8ffd-9f3dc8a89254|c4c00f0e-3b97-4e20-8bfa-599d7d29d2b9,64bdfd1749c3768b2a971305d7c1eb63a5e9d103071da13d4fc7b4a040e2dc3a,d885b816b1042741089e75160141330fac8c871232f1d57f135cb2d9685ffe07,lithium-v3-deepseek-v4-flash-direction-v2-explicit-contract
GFEX-WR-20250110,2025-01-10,-0.2,0.0625,0.3,0.1136,仓单减少1210手,仓单减少1210手,"[""LC-BULL-01""]",deepseek-v4-flash,08b7f7db-b398-421b-8ca8-923dfb6ad3c1|2df85700-9d3d-40ce-a497-4b5605ebe02b,64bdfd1749c3768b2a971305d7c1eb63a5e9d103071da13d4fc7b4a040e2dc3a,ccd6d0eae8b00e278cc0ca38df5c7ae6104d4e2a41c08ae1201de6fe033e8a28,lithium-v3-deepseek-v4-flash-direction-v2-explicit-contract
CNINFO-002176-1222320892,2025-01-14,-0.2,0.0,0.6,0.6,报告期内公司适时开展了碳酸锂期货套期保值业务，减少了碳酸锂价格 持续下跌带来的不利影响。,,[],deepseek-v4-flash,7fb80333-8b8e-4e3f-ae21-e20fc849dc13,64bdfd1749c3768b2a971305d7c1eb63a5e9d103071da13d4fc7b4a040e2dc3a,cfdcd163e6370dc8adf3ec653e65c3a6f41fcf1a4f2f4ddfb706b2ea2ef349fb,lithium-v3-deepseek-v4-flash-direction-v2-explicit-contract
CNINFO-002176-1222320893,2025-01-14,-0.3,0.0,0.6,0.6,碳酸锂行情持续低迷,,[],deepseek-v4-flash,4c961958-3c6e-4953-aae9-2657f1d970f5,64bdfd1749c3768b2a971305d7c1eb63a5e9d103071da13d4fc7b4a040e2dc3a,7fff8ca88800b2e55e211de199d6eebcfe95251d88edd518ee4367f2887991cf,lithium-v3-deepseek-v4-flash-direction-v2-explicit-contract
LC-TEXT-0013,2025-01-14,0.3,0.0,0.5,0.5,2024年产销均超1280万辆 中国新能源汽车连续十年全球领跑,,[],deepseek-v4-flash,e3ca1ff1-da93-4e29-b282-ec1d1f8a4eb1,64bdfd1749c3768b2a971305d7c1eb63a5e9d103071da13d4fc7b4a040e2dc3a,5b4a9554b3cefd33eb84125ebfffc527176ef8abf01c0131abdb18b141e55429,lithium-v3-deepseek-v4-flash-direction-v2-explicit-contract
GFEX-WR-20250116,2025-01-16,-0.2,0.06254147312541472,0.3,0.11363636363636363,广期所碳酸锂仓单日报：仓单减少1462手,碳酸锂仓单总量为51198手，减少1462手。,"[""LC-BULL-01""]",deepseek-v4-flash,4bccd044-45d2-4910-ab64-934da4221882|133d801d-a5dd-4c70-900e-84406adfc0c1,64bdfd1749c3768b2a971305d7c1eb63a5e9d103071da13d4fc7b4a040e2dc3a,b5df577dfd649ce66f6c6a1c70687b90667695c314f482ccc3325449bb6c64a7,lithium-v3-deepseek-v4-flash-direction-v2-explicit-contract
LC-TEXT-0014,2025-01-16,-0.2,0.0,0.3,0.3,2024年， 一级市场 储能相关企业投融资事件超过107起，披露金额近176亿元，相较于2023年同比下降70%。,,[],deepseek-v4-flash,7a6af5d7-bac8-4874-82a2-924da6cb9141,64bdfd1749c3768b2a971305d7c1eb63a5e9d103071da13d4fc7b4a040e2dc3a,3c58086081386b011766ecea5effa2766d342517389912689dd55112c7cb36cd,lithium-v3-deepseek-v4-flash-direction-v2-explicit-contract
LC-TEXT-0015,2025-01-17,-0.3,0.0,0.4,0.4,2024年 碳酸锂 原材料的价格大幅下降，动力电池的价格随之持续下跌。,,[],deepseek-v4-flash,dc5bd683-878c-4d96-b1a9-3896600bd852,64bdfd1749c3768b2a971305d7c1eb63a5e9d103071da13d4fc7b4a040e2dc3a,79bf97697edb9f4536973d28c5f006b5fa65034db52f63a6c282b215af4cf01a,lithium-v3-deepseek-v4-flash-direction-v2-explicit-contract
CNINFO-002756-1222365542,2025-01-18,-0.3,0.0,0.5,0.5,碳酸锂价格与去年同期相比 大幅下 降,,[],deepseek-v4-flash,778c855a-8cb6-46fb-83c5-ac9ce107ac88,64bdfd1749c3768b2a971305d7c1eb63a5e9d103071da13d4fc7b4a040e2dc3a,32babb9e5cfe65a5e84ffe1e935c3a457a7589d9803723eef157796917fe10da,lithium-v3-deepseek-v4-flash-direction-v2-explicit-contract
CNINFO-002497-1222380040,2025-01-21,0.4,0.0,0.6,0.6,报告期内， 锂盐产品销量大幅增 加， 优质头部客户订单稳定，公司加强生产运营各环节管控， 加强矿、 产、 销平衡， 提高 效率，降低成本，使公司全年经营业绩回升向好，较去年同期有所增长。,,[],deepseek-v4-flash,741b1c6c-547e-462e-a355-b9a52c093beb,64bdfd1749c3768b2a971305d7c1eb63a5e9d103071da13d4fc7b4a040e2dc3a,80698a7b53540ea88cd7bca758ae59d5a188d0d0da72570130705376a195632b,lithium-v3-deepseek-v4-flash-direction-v2-explicit-contract
GFEX-WR-20250121,2025-01-21,-0.2,0.0625,0.3,0.15,仓单减少1177手,仓单减少1177手,"[""LC-BULL-01""]",deepseek-v4-flash,ad3cb85a-1de7-4ca1-9cc1-afc9926ccc88|de4a4f3e-b2be-4ebb-8d47-383aa42e4583,64bdfd1749c3768b2a971305d7c1eb63a5e9d103071da13d4fc7b4a040e2dc3a,3e986094cefc9c36c50062fd7291027cddb035ee58e9d04af2f76c1bcfbb28ce,lithium-v3-deepseek-v4-flash-direction-v2-explicit-contract
CNINFO-002460-1222390209,2025-01-22,0.2,0.0,0.6,0.6,公司开展商品期货期权套期保值业务旨在充分利用金融市场套 期保值功能，降低生产经营因锂盐价格波动给公司带来的经营风险， 提高公司整体抵御风险能力， 增强财务稳健性， 符合公司业务发展及 日常经营需要， 有利于公司长期稳健发展。,,[],deepseek-v4-flash,384c8059-6940-42ef-b5d5-c858ff27bc04,64bdfd1749c3768b2a971305d7c1eb63a5e9d103071da13d4fc7b4a040e2dc3a,9e7e1fc301d3ec35b9bd72b9d8e32feacd1ea1038d68eaa40dd94fc4f069bd71,lithium-v3-deepseek-v4-flash-direction-v2-explicit-contract
GFEX-WR-20250122,2025-01-22,-0.2,0.06254147312541472,0.3,0.11363636363636363,碳酸锂仓单总量为47966手，减少1985手。,仓单减少1985手,"[""LC-BULL-01""]",deepseek-v4-flash,9fe6024e-b2eb-4dfa-a28f-386e87863329|feabe0bc-7d31-4c45-9f32-73f416760ea0,64bdfd1749c3768b2a971305d7c1eb63a5e9d103071da13d4fc7b4a040e2dc3a,9468e8b7019da69a943384bd1b4bbf90bac19e26b650f4837c8d629db4a2bc19,lithium-v3-deepseek-v4-flash-direction-v2-explicit-contract
LC-TEXT-0016,2025-01-23,0.1,0.0,0.2,0.2,"2024年12月新能源汽车出口量15万台，同比增7%，环比上月增12%；
2024年全年新能源汽车累计出口量201万台，同比增长12%。",,[],deepseek-v4-flash,e05553c3-ff49-4e62-b6ba-137457b2008e,64bdfd1749c3768b2a971305d7c1eb63a5e9d103071da13d4fc7b4a040e2dc3a,08944afa6a9798938c2ff48deeee0a59fd6f923ef52bef81bb4a10c76798b8c3,lithium-v3-deepseek-v4-flash-direction-v2-explicit-contract
CNINFO-002240-1222418663,2025-01-24,-0.2,0.0,0.4,0.4,锂盐价格较去年同期大幅下降，影响了公司本报告期的业绩。,,[],deepseek-v4-flash,3a0093e3-5baa-4216-9563-25b78e06247a,64bdfd1749c3768b2a971305d7c1eb63a5e9d103071da13d4fc7b4a040e2dc3a,878173c0d28c954cd38ec90d429f1d998a176c6d873e001ac94aa9cf274ab56d,lithium-v3-deepseek-v4-flash-direction-v2-explicit-contract
CNINFO-002466-1222419650,2025-01-24,-0.2,0.0,0.6,0.6,尽管公司2024年度及2024年第四季度锂化合物及衍生品的产销量分别实现同比、 环比增长，但受到锂产品市场波动的影响，本报告期内锂产品的市场价格整体呈现大幅 下滑趋势，公司锂产品销售价格及毛利较上年同期大幅下降。,,[],deepseek-v4-flash,ba488bea-9776-4513-8661-eeab8049031a,64bdfd1749c3768b2a971305d7c1eb63a5e9d103071da13d4fc7b4a040e2dc3a,9ff4594ad372349ed981ff87a071e05b6117fcd48475abbc59443b9450f74f9f,lithium-v3-deepseek-v4-flash-direction-v2-explicit-contract
CNINFO-002466-1222419651,2025-01-24,-0.5,0.0,0.7,0.7,"目前， 一期氢氧化锂项目处于 产能爬坡阶段，二期氢氧化锂项目处于暂缓建设阶段。
经初步测算，公司 预计在2024年计提在建工程及使用权资产减值准备合计约 14.12亿元人民币（不包含一 期氢氧化锂项目（如有） ）。
此外，截至本公告日， 公司澳洲氢氧化锂项目的减值测试工作仍在进行中。",,[],deepseek-v4-flash,b0d0dea8-51b8-4af1-9ef5-831c8c21d576,64bdfd1749c3768b2a971305d7c1eb63a5e9d103071da13d4fc7b4a040e2dc3a,d4270d6b55c7e00b38282fd4c0ede2a7813f41d51f0d1025e9b8d5adf7de153d,lithium-v3-deepseek-v4-flash-direction-v2-explicit-contract
CNINFO-002466-1222419653,2025-01-24,-0.2,0.0,0.6,0.6,基于市场环境及 项目最新的经济可行性分析，公司拟终止投资建设二期氢氧化锂项目。,,[],deepseek-v4-flash,fda4b9b6-df34-43b5-bc37-7be416eb2f31,64bdfd1749c3768b2a971305d7c1eb63a5e9d103071da13d4fc7b4a040e2dc3a,ba708103ca78ee7f4d3143d1657b6e33851080327fc9e163ccef93d5e5983b50,lithium-v3-deepseek-v4-flash-direction-v2-explicit-contract
CNINFO-002460-1222431395,2025-01-25,-0.6,0.0,0.7,0.7,本报告期内，主要系受锂产品市场波动的影响，锂盐及锂电 池产品销售价格下跌， 虽然产品出货量同比增加， 但公司经营业绩同 比大幅下降。,,[],deepseek-v4-flash,760bbbdb-c149-465f-b270-ff85b32f9f50,64bdfd1749c3768b2a971305d7c1eb63a5e9d103071da13d4fc7b4a040e2dc3a,2eada4f70c12405da3ef14b2fe71d02c1d8c6c886e2c7ca30c7b51054f79ac66,lithium-v3-deepseek-v4-flash-direction-v2-explicit-contract
GFEX-WR-20250127,2025-01-27,-0.2,0.0,0.3,0.3,仓单增加1000手,,[],deepseek-v4-flash,87c085f8-6e1a-4f13-a2e4-265376bb0d26,64bdfd1749c3768b2a971305d7c1eb63a5e9d103071da13d4fc7b4a040e2dc3a,3bc44bf44bd92e59a096756cadda8ca952538fff3e668a1daa85ca3eb3d1ab10,lithium-v3-deepseek-v4-flash-direction-v2-explicit-contract
LC-TEXT-0017,2025-02-04,0.2,0.0,0.3,0.3,共计有271家储能系统集成商以参与了储能项目的投标，183家企业有所斩获,,[],deepseek-v4-flash,f13e3403-efc2-471b-bc27-a264de7ff711,64bdfd1749c3768b2a971305d7c1eb63a5e9d103071da13d4fc7b4a040e2dc3a,005391067da945df1c6529927e6142ebb8a82817e787c5fe436ca8c52521bb9f,lithium-v3-deepseek-v4-flash-direction-v2-explicit-contract
CNINFO-002594-1222456351,2025-02-05,0.2,0.0,0.3,0.3,本公司 2025 年 1 月新能源汽车动力电池及储能电池装机总量约为 15.511GWh,,[],deepseek-v4-flash,e82e24dd-e124-4dd2-bdf4-d7eea4421453,64bdfd1749c3768b2a971305d7c1eb63a5e9d103071da13d4fc7b4a040e2dc3a,1f4f69bdfc3c53cf61d7292e0d8461ac11014bc426ab00a9ec60b12590f9e303,lithium-v3-deepseek-v4-flash-direction-v2-explicit-contract
CNINFO-300390-1222484334,2025-02-07,0.1,0.0,0.2,0.2,公司将通过合资公司建设一座尼日利亚领先的锂矿开采、选 矿、尾矿处理现代化工厂，并负责管理和运营。,,[],deepseek-v4-flash,1ff80e26-96dc-478b-ae1f-022fa78b459f,64bdfd1749c3768b2a971305d7c1eb63a5e9d103071da13d4fc7b4a040e2dc3a,5398ac3c43492e5faf19e766a4dd635132f4c13f4a2ad22ef04bf45391af008d,lithium-v3-deepseek-v4-flash-direction-v2-explicit-contract
GFEX-WR-20250210,2025-02-10,-0.1,0.0625,0.2,0.1136,广期所碳酸锂仓单日报：仓单减少880手,仓单减少880手,"[""LC-BULL-01""]",deepseek-v4-flash,f44649df-2db0-4144-b51a-546fd411b745|bc84b3f0-1716-4fc8-a28d-fc241687959f,64bdfd1749c3768b2a971305d7c1eb63a5e9d103071da13d4fc7b4a040e2dc3a,593b4e4f9946b359e56549b9573b4d1cfa9fa58d7b032df19ed63ae9d76945c5,lithium-v3-deepseek-v4-flash-direction-v2-explicit-contract
GFEX-WR-20250213,2025-02-13,-0.2,0.06254147312541472,0.3,0.11363636363636363,仓单减少1009手,广期所碳酸锂仓单日报：仓单减少1009手,"[""LC-BULL-01""]",deepseek-v4-flash,3e0cdc89-1790-4505-abcd-1b66c02cc708|53b26aeb-0e63-4437-afe1-a4107ac5804b,64bdfd1749c3768b2a971305d7c1eb63a5e9d103071da13d4fc7b4a040e2dc3a,007b3c893083b2357e7aa1f1adea769dc3ed3da6b0c7cabade7818153d6ab616,lithium-v3-deepseek-v4-flash-direction-v2-explicit-contract
CNINFO-002460-1222536441,2025-02-14,-0.2,0.0,0.5,0.5,Mariana锂盐湖项目一期规划年产能2万吨氯 化锂生产线正式投产后，公司将积极加快推动该项目产能爬坡进度， 随着产能的逐步释放，将进一步优化公司锂资源的供应及成本结构， 提高公司的盈利能力，不断提升公司在全球市场的核心竞争力。,,[],deepseek-v4-flash,9276aa83-e566-4b52-9b00-d05fe0889b1a,64bdfd1749c3768b2a971305d7c1eb63a5e9d103071da13d4fc7b4a040e2dc3a,606126111e09d2f1aee3284c3842290478aabcb5244baf91cbbbca46395810e3,lithium-v3-deepseek-v4-flash-direction-v2-explicit-contract
CNINFO-002466-1222581162,2025-02-20,-0.2,0.0,0.5,0.5,"二期氢氧化锂项目经公司于2025年 1月23日召开的第六届董事会第二十次会议审议通过后，已终止投资建设。
具体内容详见公司于2025年1月24日刊载在 指定信息披露媒体及巨潮资讯网（http://www.cninfo.com.cn）的《关于终止投资建设第 二期年产2.4万吨电池级单水氢氧化锂项目的公告》 （公告编号：2025-003）。
公司根据《企业会计准则》 《深圳证券交易所股票上市规则》及公司相关制度，基 于谨慎性原则，为更真实、 准确地反映公司截止2024年12月31日的财务状况、 资产价值 及经营成果， 公司及下属子公司对相关资产进行全面充分的清查、 分析和评估， 对截至 2024年12月31日可能发生减值迹象的资产进行减值测试后， 预计计提资产减值准备合计 约21.63亿元人民币（其中包括二期氢氧化锂项目相关资产减值14.12亿元，不包含一期 氢氧化锂项目（如有） ）。
二、本次计提资产减值准备进展情况 截至本公告披露日，公司控股子公司TLEA管理层已就上述氢氧化锂项目执行资产
2 减值测试， 根据TLEA管理层目前提交的管理账目，TLEA管理层结合第三方机构的价格 预测、第三方工程公司报告、公司历史运营情况等信息，综合评估认为，TLEA不需要 对一期氢氧化锂项目计提资产减值准备；",,[],deepseek-v4-flash,ba1869f6-6a2f-4bfb-9260-3507c3be24a0,64bdfd1749c3768b2a971305d7c1eb63a5e9d103071da13d4fc7b4a040e2dc3a,c3881708f4a40f9141c38a98a8fe128700241cc5eacefc20b808c7d2b771be04,lithium-v3-deepseek-v4-flash-direction-v2-explicit-contract
GFEX-WR-20250227,2025-02-27,-0.2,0.0,0.3,0.3,仓单增加1564手,,[],deepseek-v4-flash,ae0187ff-4d4b-4cac-9776-c9474f30e295,64bdfd1749c3768b2a971305d7c1eb63a5e9d103071da13d4fc7b4a040e2dc3a,5a4984c70aa00b7eba0398b268a297bc775f992dbd44725e3f290f5cacecba35,lithium-v3-deepseek-v4-flash-direction-v2-explicit-contract
CNINFO-002594-1222683514,2025-03-03,0.6,0.0,0.5,0.5,2025 年 2 月新能源汽车动力电池及储能电池装机总量约为 16.695GWh，2025 年累计装机总量约为 32.206GWh。,,[],deepseek-v4-flash,4a3abfc0-4ce2-476c-9a13-fa7f800b3735,64bdfd1749c3768b2a971305d7c1eb63a5e9d103071da13d4fc7b4a040e2dc3a,f4689ec856bcdcb3716306a2e303a2966a44cf119bd8c06c581e4bdfa6abe80f,lithium-v3-deepseek-v4-flash-direction-v2-explicit-contract
GFEX-WR-20250306,2025-03-06,-0.1,0.0625,0.3,0.1136,仓单减少1982手,碳酸锂仓单总量为44439手，减少1982手。,"[""LC-BULL-01""]",deepseek-v4-flash,31317a87-434d-4b49-adb3-9256e003e679|001fdbbd-fa54-4c88-98fa-ae29e24153b2,64bdfd1749c3768b2a971305d7c1eb63a5e9d103071da13d4fc7b4a040e2dc3a,6dab8c349438f775f7bd9d013f68efaedb293a1a38141a5b52feee207174791e,lithium-v3-deepseek-v4-flash-direction-v2-explicit-contract
GFEX-WR-20250307,2025-03-07,-0.2,0.06254147312541472,0.3,0.11363636363636363,仓单减少1993手,仓单减少1993手,"[""LC-BULL-01""]",deepseek-v4-flash,aa4830bb-58d3-43ab-b3be-1228499f4f7d|71f0e049-1bc2-4dbe-9a54-0f3dfd2a5624,64bdfd1749c3768b2a971305d7c1eb63a5e9d103071da13d4fc7b4a040e2dc3a,b8c6012af806b09c1d662b6952b297448d0c48c682e5274fda4ef91e1be88e3f,lithium-v3-deepseek-v4-flash-direction-v2-explicit-contract
GFEX-WR-20250310,2025-03-10,-0.3,0.0625,0.3,0.1136,仓单减少3878手,仓单减少3878手,"[""LC-BULL-01""]",deepseek-v4-flash,28dabff9-37a2-42f1-a6a7-e6dc7700b755|dfa96809-5cb1-469e-8609-bc899a7af347,64bdfd1749c3768b2a971305d7c1eb63a5e9d103071da13d4fc7b4a040e2dc3a,63c68c452e7229045bfc901238ed517e34f49c6deed032e71274c8c898b94cf1,lithium-v3-deepseek-v4-flash-direction-v2-explicit-contract
GFEX-WR-20250313,2025-03-13,-0.1,0.06254147312541472,0.3,0.11363636363636363,碳酸锂仓单总量为36922手，减少1610手。,仓单减少1610手,"[""LC-BULL-01""]",deepseek-v4-flash,340cb379-31a7-4029-ac62-1faeb9be01b8|f6cf9676-3a08-41d5-b268-6fd54dd6c1de,64bdfd1749c3768b2a971305d7c1eb63a5e9d103071da13d4fc7b4a040e2dc3a,0e580acc8f1a31e94b3952e3b961cb69007388e50871232806c57d6a63481f33,lithium-v3-deepseek-v4-flash-direction-v2-explicit-contract
GFEX-WR-20250314,2025-03-14,-0.1,0.0625,0.3,0.6,仓单减少967手,仓单减少967手,"[""LC-BULL-01""]",deepseek-v4-flash,01c708d8-45cd-4e82-98fa-a6dced8265cf|a851362f-d720-450f-ba40-c4ab110b4925,64bdfd1749c3768b2a971305d7c1eb63a5e9d103071da13d4fc7b4a040e2dc3a,fd44c174abe2346be2c01cd39dba2450e325e464fb239767007c4d78e5120d52,lithium-v3-deepseek-v4-flash-direction-v2-explicit-contract
GFEX-WR-20250319,2025-03-19,-0.1,0.0,0.3,0.3,仓单增加860手,,[],deepseek-v4-flash,ba30fe31-7e29-4160-81b4-9750a2c6e979,64bdfd1749c3768b2a971305d7c1eb63a5e9d103071da13d4fc7b4a040e2dc3a,e1aff1c41372f245d2877b8e0596a49e657a10895bda2f6844197e3d0a797fff,lithium-v3-deepseek-v4-flash-direction-v2-explicit-contract
CNINFO-300390-1222857555,2025-03-20,0.2,0.0,0.4,0.4,本次取得江西省奉新县金子峰—宜丰县左家里矿区陶瓷土 （含锂） 矿采矿权 证， 有助于公司增加锂矿资源的储备， 有效保障公司锂矿资源供应， 增强公司核 心竞争力。,,[],deepseek-v4-flash,34b7c4bb-9a0b-4d76-baad-40b0dcd0915a,64bdfd1749c3768b2a971305d7c1eb63a5e9d103071da13d4fc7b4a040e2dc3a,b4221131b526c5566097a47670ee033d008a435f5a489be040e07bf9d311552b,lithium-v3-deepseek-v4-flash-direction-v2-explicit-contract
CNINFO-300390-1222857559,2025-03-20,0.1,0.0,0.3,0.3,近年来， 锂电材料价格波动巨大， 为降低市场价格波动给公司带来的经营风险， 保持公司经营业绩持续稳定，公司拟利用期货衍生品等工具的避险保值功能，根据 生产经营计划择机开展期货套期保值业务,,[],deepseek-v4-flash,d19c9f39-262c-42a1-a035-9b76afea3ca3,64bdfd1749c3768b2a971305d7c1eb63a5e9d103071da13d4fc7b4a040e2dc3a,70fd7aa238508bbf156499b8447b85d358f8f712517cb125d3614bcabfa09ab4,lithium-v3-deepseek-v4-flash-direction-v2-explicit-contract
GFEX-WR-20250320,2025-03-20,-0.2,0.0,0.3,0.3,广期所碳酸锂仓单日报：仓单增加1249手,,[],deepseek-v4-flash,2fa96c3a-bbfa-4d41-93ae-93fe204bc7b6,64bdfd1749c3768b2a971305d7c1eb63a5e9d103071da13d4fc7b4a040e2dc3a,c78b16c8aa098fa0369739a5ed79c48bfc265683a6d328c7346451d89c6825df,lithium-v3-deepseek-v4-flash-direction-v2-explicit-contract
CNINFO-002240-1222870682,2025-03-22,0.1,0.0,0.4,0.4,"公司主要从事锂电新能源材料业务， 主要产品为碳酸锂、 氢氧化锂等锂盐产 品， 生产经营过程中需要纯碱和烧碱作为重要原材料。
为降低原材料及产品价格 波动给公司带来的经营风险， 保持公司经营业绩持续、 稳定， 公司及控股子公司 拟利用期货工具的避险保值功能，根据生产经营计划择机开展锂盐、 纯碱和烧碱 的商品期货套期保值业务， 有效降低原材料及产品市场价格波动风险， 保障主营 业务稳步发展。",,[],deepseek-v4-flash,7eac8d10-29ce-4009-a139-dc0f01a24bef,64bdfd1749c3768b2a971305d7c1eb63a5e9d103071da13d4fc7b4a040e2dc3a,83cc5cb748e3d12d067e2dbf3ba2314a5f2cf92d46be37cfd306a38e2847e5ca,lithium-v3-deepseek-v4-flash-direction-v2-explicit-contract
GFEX-WR-20250324,2025-03-24,-0.2,0.0625,0.3,0.62,碳酸锂仓单日报：仓单减少824手,碳酸锂仓单总量为36763手，减少824手。,"[""LC-BULL-01""]",deepseek-v4-flash,a337332f-6f93-498c-a96a-7ae691e0d6bf|af1b7ec5-5edd-447a-82eb-d4651d63e0f2,64bdfd1749c3768b2a971305d7c1eb63a5e9d103071da13d4fc7b4a040e2dc3a,06c5daa1903d0470440ec2df71e1999e416d8af4b20210d9babc06aa4b11ada0,lithium-v3-deepseek-v4-flash-direction-v2-explicit-contract
CNINFO-002756-1222881575,2025-03-25,-0.2,0.0,0.4,0.4,公司开展套期保值业务不以逐利为目的，主要为有效降低产品市场价格剧烈波动 对公司经营带来的影响，但同时也会存在一定的风险,,[],deepseek-v4-flash,0f60c369-2737-454f-a9ea-ed2b8198afa4,64bdfd1749c3768b2a971305d7c1eb63a5e9d103071da13d4fc7b4a040e2dc3a,bbfd2be23079a3549402f3db8d12fc8f79103313b6c56a9c84599a571929a106,lithium-v3-deepseek-v4-flash-direction-v2-explicit-contract
CNINFO-002466-1222913085,2025-03-27,-0.2,0.0,0.5,0.5,2025 年 1 月， 公司终止了预估不具有经济性的奎纳纳 “第二期年产2.4 万吨电池级 单水氢氧化锂项目”。,,[],deepseek-v4-flash,b74007be-89a6-4fee-b9a6-e43012914c78,64bdfd1749c3768b2a971305d7c1eb63a5e9d103071da13d4fc7b4a040e2dc3a,66650f63e86c6f76a129a7841ba5d6937f1817ff6a4d6314ba0f54edb29898f2,lithium-v3-deepseek-v4-flash-direction-v2-explicit-contract
CNINFO-002466-1222913106,2025-03-27,0.2,0.0,0.3,0.3,近年来， 公司主营产品的市场价格波动较大， 给公司的生产 经营带来较大的风险。,,[],deepseek-v4-flash,6ae71e34-f7c8-4614-9044-d65477d9d1fd,64bdfd1749c3768b2a971305d7c1eb63a5e9d103071da13d4fc7b4a040e2dc3a,333ea47f8ab32a82e738c3e1da339a3788b852f619e508a22b7fc358fc54b035,lithium-v3-deepseek-v4-flash-direction-v2-explicit-contract
CNINFO-000408-1222950983,2025-03-29,0.2,0.0,0.4,0.4,"公司是一家专业性的矿业公司， 自2002 年成立以来， 扎根青海察尔汗盐湖， 依托 724.35 平方公里的盐湖资源，专注于国家战略性矿产资源的投资和开发。
公司始终秉承“持续开发盐湖资源、作绿色发展引领者”的企业使命，主动服务国 家战略， 经过多年的发展已成长为国内第二大氯化钾生产企业， 并在此基础上进 一步布局碳酸锂开发， 逐步发展成以钾锂双轮驱动的增长模式。",,[],deepseek-v4-flash,bfa709ce-b911-4826-b58b-6b4586537731,64bdfd1749c3768b2a971305d7c1eb63a5e9d103071da13d4fc7b4a040e2dc3a,3e5415271b9b0eb50b6889f082d3016420791bd03bb24b0a35c924bd1df4ad10,lithium-v3-deepseek-v4-flash-direction-v2-explicit-contract
CNINFO-000792-1222951139,2025-03-29,0.2,0.0,0.6,0.6,报告期内， 公司核心产品氯化钾与碳酸锂的生产与销售态势平稳。,,[],deepseek-v4-flash,c3b54a9d-199a-4c95-8cd2-985817c89935,64bdfd1749c3768b2a971305d7c1eb63a5e9d103071da13d4fc7b4a040e2dc3a,47f249dadcc78e3de45d5690fadf25a84d42c6b67218b449d8f8ba2ac990ef10,lithium-v3-deepseek-v4-flash-direction-v2-explicit-contract
CNINFO-000792-1222951148,2025-03-29,0.0,0.0,0.2,0.2,青海盐湖工业股份有限公司关于2025年日常关联交易预计的公告,,[],deepseek-v4-flash,2f94587b-2654-4ae8-90be-ba4865072454,64bdfd1749c3768b2a971305d7c1eb63a5e9d103071da13d4fc7b4a040e2dc3a,0d9eafbbb92fa27983111018a9060c6011d2e156eb99ae515e8a3ab0ecb930b9,lithium-v3-deepseek-v4-flash-direction-v2-explicit-contract
CNINFO-000792-1222951150,2025-03-29,-0.1,0.0,0.5,0.5,"即便公司核心主营产品氯化钾与碳酸锂， 因国际市场价格起 伏、 国内供需关系变化以及运输成本波动等因素， 价格出现一定
波动， 但公司迅速响应， 凭借科学持续地优化生产流程与精细化 管理库存， 有效确保了市场的稳定供应， 合理调控价格波动区间， 为公司经营稳定与盈利能力的维系提供了有力支撑。",,[],deepseek-v4-flash,4314cf59-b9f2-478f-9758-895816aafa7d,64bdfd1749c3768b2a971305d7c1eb63a5e9d103071da13d4fc7b4a040e2dc3a,c0ee2466e8a59e7fca6e4ef184924da440507b26a8b4b1fb6b6489b509796e4e,lithium-v3-deepseek-v4-flash-direction-v2-explicit-contract
CNINFO-002460-1222949713,2025-03-29,-0.3,0.0,0.5,0.5,"报告期碳酸锂期货亏损 2,117.21 万元。",,[],deepseek-v4-flash,73270d6d-dfa5-4fa1-8093-b73db9718d9d,64bdfd1749c3768b2a971305d7c1eb63a5e9d103071da13d4fc7b4a040e2dc3a,64f53c0399846ded7162eb2e1c9b3cb6ac58ea80dc9f29a713e989b296d0ce8b,lithium-v3-deepseek-v4-flash-direction-v2-explicit-contract
GFEX-WR-20250331,2025-03-31,0.0,0.0625,0.2,0.1136,仓单减少18027手,仓单减少18027手,"[""LC-BULL-01""]",deepseek-v4-flash,ef163eda-2b5f-41db-97c7-75fd9b68a49d|9c30b000-3c5d-458c-89be-6db7d7e99a06,64bdfd1749c3768b2a971305d7c1eb63a5e9d103071da13d4fc7b4a040e2dc3a,839957e26cfe5df4c5c3c8bc2844b969364dcd545c22487ddfdedf14231a6a91,lithium-v3-deepseek-v4-flash-direction-v2-explicit-contract
GFEX-WR-20250401,2025-04-01,-0.2,0.0,0.3,0.3,仓单增加1380手,,[],deepseek-v4-flash,1518d5ae-7467-4966-986b-ed58c759163b,64bdfd1749c3768b2a971305d7c1eb63a5e9d103071da13d4fc7b4a040e2dc3a,4b4c9a6fcdea7c016c87bffbf9dc468609c8ab0a868fc6bb875b2d2b372856ce,lithium-v3-deepseek-v4-flash-direction-v2-explicit-contract
CNINFO-002594-1222982953,2025-04-02,0.3,0.0,0.6,0.6,"2025年3月产销快报
比亚迪股份有限公司(以下简称“本公司”)2025年3月产销快报数据如下：",,[],deepseek-v4-flash,af52a366-b201-448a-bbef-ee1af569ad34,64bdfd1749c3768b2a971305d7c1eb63a5e9d103071da13d4fc7b4a040e2dc3a,cc995db43ed45d33f960363da482de17daa914235d2ee14d6da6cb0627508881,lithium-v3-deepseek-v4-flash-direction-v2-explicit-contract
GFEX-WR-20250402,2025-04-02,-0.2,0.0,0.3,0.3,仓单增加2633手,,[],deepseek-v4-flash,44763478-473a-4f54-816d-a777230b0359,64bdfd1749c3768b2a971305d7c1eb63a5e9d103071da13d4fc7b4a040e2dc3a,fb99e8a5a9ecee3b9cd3bdc459ec9c2af8174f691ed818c3e40b19bc5933b207,lithium-v3-deepseek-v4-flash-direction-v2-explicit-contract
GFEX-WR-20250403,2025-04-03,-0.2,0.0,0.3,0.3,仓单增加2835手,,[],deepseek-v4-flash,4ca4c867-80c4-4457-9692-d572ecb4b18a,64bdfd1749c3768b2a971305d7c1eb63a5e9d103071da13d4fc7b4a040e2dc3a,2d2ecb416f388f2dfe0fb2a852af56916e9cf088cacae556444af42181a89ee7,lithium-v3-deepseek-v4-flash-direction-v2-explicit-contract
GFEX-WR-20250407,2025-04-07,-0.2,0.0,0.3,0.3,仓单增加2420手,,[],deepseek-v4-flash,572792a8-6a38-42fa-bb55-f8a3b0b26b5e,64bdfd1749c3768b2a971305d7c1eb63a5e9d103071da13d4fc7b4a040e2dc3a,5eafa94670da059ec9e755c1a5c132210ae6a1a86f832d350df3efd2bf83003d,lithium-v3-deepseek-v4-flash-direction-v2-explicit-contract
GFEX-WR-20250408,2025-04-08,-0.2,0.0,0.3,0.3,广期所碳酸锂仓单日报：仓单增加1380手,,[],deepseek-v4-flash,84765a40-c0fc-4029-bb33-411063e0627a,64bdfd1749c3768b2a971305d7c1eb63a5e9d103071da13d4fc7b4a040e2dc3a,0d8055549df0a24dca0628059cfc2dc1fb22a04a0f27b5f586449814467fe66f,lithium-v3-deepseek-v4-flash-direction-v2-explicit-contract
LC-TEXT-0018,2025-04-12,0.6,0.0,0.7,0.7,新能源汽车产销量完成318.2万辆和307.5万辆，同比分别增长50.4%和47.1%。,,[],deepseek-v4-flash,f5e8df8c-a742-4689-8631-38407acd97b8,64bdfd1749c3768b2a971305d7c1eb63a5e9d103071da13d4fc7b4a040e2dc3a,0334662cfba89d11bd327371161e5ca2b031dbd0473a7f7b15c9f2196ee6dbbd,lithium-v3-deepseek-v4-flash-direction-v2-explicit-contract
GFEX-WR-20250421,2025-04-21,-0.2,0.0,0.4,0.4,仓单增加883手,,[],deepseek-v4-flash,d658fc92-41d8-466b-9d55-ad8e373a679e,64bdfd1749c3768b2a971305d7c1eb63a5e9d103071da13d4fc7b4a040e2dc3a,f9a40070abeaa8c2523ae4473ecb36b7403c082393c253bc2f380a517a90f157,lithium-v3-deepseek-v4-flash-direction-v2-explicit-contract
GFEX-WR-20250422,2025-04-22,-0.2,0.0,0.3,0.3,广期所碳酸锂仓单日报：仓单增加940手,,[],deepseek-v4-flash,3c70cf56-5b59-44cc-9263-558904d92599,64bdfd1749c3768b2a971305d7c1eb63a5e9d103071da13d4fc7b4a040e2dc3a,74962d87b946a65367c7f95b376b32f6856d9412f3e18ddf06a57dcadfe5394c,lithium-v3-deepseek-v4-flash-direction-v2-explicit-contract
CNINFO-002466-1223235918,2025-04-24,0.0,0.0,0.4,0.4,,,[],deepseek-v4-flash,8bf5af78-b10b-4172-a123-768bd59512b6,64bdfd1749c3768b2a971305d7c1eb63a5e9d103071da13d4fc7b4a040e2dc3a,9e06e45dfdf44c1a99e4cc5cb66105f49096e8dee7173364364c8fd22314ec7e,lithium-v3-deepseek-v4-flash-direction-v2-explicit-contract
CNINFO-002738-1223271317,2025-04-25,0.1,0.0,0.3,0.3,公司本次申请广州期货交易所碳酸锂指定交割厂库有利于公司将现货市场、 期 货市场和交割厂库三者有机结合，进一步增强公司抗风险能力和市场竞争力， 对公 司长期健康、可持续发展产生积极作用。,,[],deepseek-v4-flash,e8ed40d1-be1c-444f-8a42-e3ac8b485643,64bdfd1749c3768b2a971305d7c1eb63a5e9d103071da13d4fc7b4a040e2dc3a,b8201a67867eb997a61bc5d7cac62ae9bbb8b49b146b2207a422f3675cccff48,lithium-v3-deepseek-v4-flash-direction-v2-explicit-contract
CNINFO-002738-1223271321,2025-04-25,0.1,0.0,0.4,0.4,公司拟利用金融工具的套期保值功能， 对 生产经营业务相关的产品风险敞口择机开展商品期货期权套期保值业务， 有效降低 产品市场价格波动风险，保障主营业务稳定可持续发展。,,[],deepseek-v4-flash,2442084f-0d20-44ce-bc2e-94caafa8c08f,64bdfd1749c3768b2a971305d7c1eb63a5e9d103071da13d4fc7b4a040e2dc3a,81a441c6b244b78cdb1f73ee88ae5642567ba142ea7e280a065cfb6892854b16,lithium-v3-deepseek-v4-flash-direction-v2-explicit-contract
GFEX-WR-20250428,2025-04-28,-0.2,0.0,0.4,0.4,"广期所碳酸锂仓单日报：仓单增加1052手
广州期货交易所2025-04-28仓单日报显示，碳酸锂仓单总量为32847手，增加1052手。",,[],deepseek-v4-flash,f95c81f6-5b11-4253-84a8-ef27ebc929db,64bdfd1749c3768b2a971305d7c1eb63a5e9d103071da13d4fc7b4a040e2dc3a,7f340056add9033522bdd153f5256943fca77ef3ebf491f6db3fece4a0178134,lithium-v3-deepseek-v4-flash-direction-v2-explicit-contract
CNINFO-002497-1223380001,2025-04-29,0.1,0.0,0.3,0.3,为降低原材料、产品价格波动给公司生产经营、项目建 设成本带来不利影响， 保持公司经营业绩持续、 稳定， 公司拟利用期货工具的避 险保值功能， 择机开展套期保值业务。,,[],deepseek-v4-flash,83615c42-c75f-4715-a8c6-7d33fa72ae1a,64bdfd1749c3768b2a971305d7c1eb63a5e9d103071da13d4fc7b4a040e2dc3a,2b126b20c276185362a9bb65921e96cb9bf0d67d5a0027d59ef3bfb703623008,lithium-v3-deepseek-v4-flash-direction-v2-explicit-contract
CNINFO-002594-1223470873,2025-05-06,0.2,0.0,0.3,0.3,本公司 2025 年 4 月新能源汽车动力电池及储能电池装机总量约为 26.478GWh，2025 年累计装机总量约为 79.031GWh。,,[],deepseek-v4-flash,aaafbbcd-5f11-432e-8ef9-43d8e0eea2f8,64bdfd1749c3768b2a971305d7c1eb63a5e9d103071da13d4fc7b4a040e2dc3a,28aab9124e1fa381a435eb47a969d2cb224bff275da03e8c17849eb578bc8a13,lithium-v3-deepseek-v4-flash-direction-v2-explicit-contract
GFEX-WR-20250506,2025-05-06,-0.2,0.0,0.3,0.3,广州期货交易所2025-05-06仓单日报显示，碳酸锂仓单总量为35236手，增加1759手。,,[],deepseek-v4-flash,687490a7-ec7b-4d85-9e7c-93d08a516707,64bdfd1749c3768b2a971305d7c1eb63a5e9d103071da13d4fc7b4a040e2dc3a,6211a99c28e0432a953347fd1edb4fd47514d1322737facc47043e133daa0536,lithium-v3-deepseek-v4-flash-direction-v2-explicit-contract
GFEX-WR-20250507,2025-05-07,-0.35,0.0,0.6,0.6,仓单增加1008手,,[],deepseek-v4-flash,5cdb1217-2673-45a3-9a35-527213980e3c,64bdfd1749c3768b2a971305d7c1eb63a5e9d103071da13d4fc7b4a040e2dc3a,9a14176498011bbdc4d18c6776c7cc75e1fb1f48c171493b21d1349b8c4fb081,lithium-v3-deepseek-v4-flash-direction-v2-explicit-contract
CNINFO-002497-1223536034,2025-05-14,-0.2,0.0,0.5,0.5,2024 年 7 月，Core 宣布暂停其 Finniss 锂矿项目运营，且矿物加工已于 2024 年 6 月 停止， 经双方协商一致， 决定终止原锂精矿 《承购协议》 及补充协议。,,[],deepseek-v4-flash,ba11a357-c686-47c0-aebd-cdc2f5ecb5ae,64bdfd1749c3768b2a971305d7c1eb63a5e9d103071da13d4fc7b4a040e2dc3a,9f5574df9694f11fffb46db19a0839db2cb2d3c9c775475cf3f5a1a34c9139aa,lithium-v3-deepseek-v4-flash-direction-v2-explicit-contract
CNINFO-002176-1223566764,2025-05-17,0.3,0.0,0.5,0.5,公司已取得了茜坑锂矿的采矿权证，茜坑锂矿开采后将会大大提高公司 锂矿的自给率， 进一步降低生产成本， 提高产品利润率。,,[],deepseek-v4-flash,25bfb9c6-4421-41bd-80a2-45ce3ee57f19,64bdfd1749c3768b2a971305d7c1eb63a5e9d103071da13d4fc7b4a040e2dc3a,b97d3a7a6b8ce463b41d6845c9e49a758a6d43c736c11985a6d8a4872c5b7ca6,lithium-v3-deepseek-v4-flash-direction-v2-explicit-contract
CNINFO-000792-1223683113,2025-05-27,0.1,0.0,0.3,0.3,公司根据日常经营需要开展碳酸锂产品套期保值业务， 目的是借助期货市场 的价格发现、 风险对冲功能， 利用套期保值工具降低市场价格波动风险， 保证公 司经营的稳定性和可持续性， 不做投机性交易， 不会影响公司主营业务的正常发 展。,,[],deepseek-v4-flash,89a17aff-e53c-40fe-a72c-fd6c10f54afe,64bdfd1749c3768b2a971305d7c1eb63a5e9d103071da13d4fc7b4a040e2dc3a,4d02dceefd848221e7598db1c26e90155027f3b4770f5aa17b3d12fe19fcba09,lithium-v3-deepseek-v4-flash-direction-v2-explicit-contract
CNINFO-000792-1223683118,2025-05-27,0.1,0.0,0.6,0.6,"为优化公司资本结构，提升资金使用效能并降低融资成本，公司拟向由中国 工商银行格尔木支行、国家开发银行青海省分行、中国银行格尔木分行、中国农 业银行格尔木分行、交通银行青海省分行五家金融机构组建的银团，申请总额不 超过 18 亿元的项目贷款，贷款期限为 2 年。
叠加财政贴息政策后，项目建设资 金成本可进一步降低。",,[],deepseek-v4-flash,90570abb-d965-4cb1-ab74-caeb1c7be5c2,64bdfd1749c3768b2a971305d7c1eb63a5e9d103071da13d4fc7b4a040e2dc3a,cb785ec4b0bdd59341f8cb2cc71267e0328cf923e4485e790b3bb3fdb0ecce3a,lithium-v3-deepseek-v4-flash-direction-v2-explicit-contract
CNINFO-000792-1223683123,2025-05-27,0.1,0.0,0.3,0.3,"盐湖股份商品衍生业务遵循依法合规、稳健审慎、 套期保值、风险防控原则,不得开展任何形式的投机交易。",,[],deepseek-v4-flash,de9bb386-c058-4ae8-bee1-4e79d239319e,64bdfd1749c3768b2a971305d7c1eb63a5e9d103071da13d4fc7b4a040e2dc3a,dc7ae2a2a4bf492a8a351312899ff00b550980611a778c139964930d9bb14320,lithium-v3-deepseek-v4-flash-direction-v2-explicit-contract
GFEX-WR-20250527,2025-05-27,-0.2,0.0625,0.3,0.1136,碳酸锂仓单总量为34154手，减少825手。,仓单减少825手,"[""LC-BULL-01""]",deepseek-v4-flash,e3b9d349-0b7c-40b9-9b63-7c876e56af48|64ac70d6-4ea2-4e47-a94a-747238e1dfce,64bdfd1749c3768b2a971305d7c1eb63a5e9d103071da13d4fc7b4a040e2dc3a,2fd919886e866ca8ebbf0bf055d74a3c5dd8fb515e2975591c03e39ffb0f4667,lithium-v3-deepseek-v4-flash-direction-v2-explicit-contract
CNINFO-002594-1223739822,2025-06-03,0.2,0.0,0.6,0.6,本公司 2025 年 5 月新能源汽车动力电池及储能电池装机总量约为 28.476GWh，2025 年累计装机总量约为 107.507GWh。,,[],deepseek-v4-flash,8ccb64be-f286-4994-a0ca-9ca50f47937d,64bdfd1749c3768b2a971305d7c1eb63a5e9d103071da13d4fc7b4a040e2dc3a,2ee148fe8557750e303c1d306df52ee83f61996960cc00f8c847541484c977fb,lithium-v3-deepseek-v4-flash-direction-v2-explicit-contract
LC-TEXT-0019,2025-06-13,0.2,0.0,0.3,0.3,电动汽车充电基础设施是支撑新能源汽车产业发展和新型电力系统建设、促进交通能源领域绿色低碳转型的重要基础设施。,,[],deepseek-v4-flash,759a12df-b108-48e4-9433-7b0c019ff56a,64bdfd1749c3768b2a971305d7c1eb63a5e9d103071da13d4fc7b4a040e2dc3a,af4fcce942d8a4cbfe05e55cdd309c0aa9b29879af836f95fa1704e2ab41b168,lithium-v3-deepseek-v4-flash-direction-v2-explicit-contract
GFEX-WR-20250618,2025-06-18,-0.2,0.06254147312541472,0.1,0.11363636363636363,碳酸锂仓单总量为29967手，减少1746手。,仓单减少1746手,"[""LC-BULL-01""]",deepseek-v4-flash,34b1c3fa-2291-46e6-8d49-8f79b1c04f18|aa4f4096-cba8-4f7e-899d-e770ecbf4f1f,64bdfd1749c3768b2a971305d7c1eb63a5e9d103071da13d4fc7b4a040e2dc3a,6dcb6048094f6c12f6c239d0d2a962d14c9702a6ef13d590e17d1011dd55d388,lithium-v3-deepseek-v4-flash-direction-v2-explicit-contract
GFEX-WR-20250620,2025-06-20,-0.2,0.0625,0.3,0.34,仓单减少2164手,仓单减少2164手,"[""LC-BULL-01""]",deepseek-v4-flash,b49099df-67b5-4f0d-a560-425074ca7f36|504c1569-28ba-44a2-91a9-492b6443f1b8,64bdfd1749c3768b2a971305d7c1eb63a5e9d103071da13d4fc7b4a040e2dc3a,26a41813fdeaef3d57bd97f04b717edae5ccd2599291f47fe73a5f1a0f49209a,lithium-v3-deepseek-v4-flash-direction-v2-explicit-contract
CNINFO-000408-1223955178,2025-06-23,0.1,0.0,0.2,0.2,此次关联交易对公司本期财务状况、 经营 成果无不利影响。,,[],deepseek-v4-flash,22a52244-1198-4700-8771-adbf2900209a,64bdfd1749c3768b2a971305d7c1eb63a5e9d103071da13d4fc7b4a040e2dc3a,4640c0b6888006661c702f1432d82772b70e2211995a8622708cddaa72077513,lithium-v3-deepseek-v4-flash-direction-v2-explicit-contract
GFEX-WR-20250623,2025-06-23,-0.2,0.0625,0.3,0.1136,仓单减少1014手,仓单减少1014手,"[""LC-BULL-01""]",deepseek-v4-flash,bd1c7927-fdd9-481b-905b-fa445a43adeb|6dfd5ef1-093c-41eb-99d5-0cf9e58216da,64bdfd1749c3768b2a971305d7c1eb63a5e9d103071da13d4fc7b4a040e2dc3a,044ad120153da284618a236a730ec803480ad561cebecb3cda7586513befb5f3,lithium-v3-deepseek-v4-flash-direction-v2-explicit-contract
CNINFO-000408-1223958965,2025-06-24,0.0,0.0,0.5,0.5,,,[],deepseek-v4-flash,9f590389-1102-45f6-a32f-30739e3e5252,64bdfd1749c3768b2a971305d7c1eb63a5e9d103071da13d4fc7b4a040e2dc3a,d1701f24832f1eac7b18a10d0a33ba725eb384a81e7b70e71aa8d42ae4e054cc,lithium-v3-deepseek-v4-flash-direction-v2-explicit-contract
GFEX-WR-20250624,2025-06-24,0.2,0.06254147312541472,0.3,0.1,仓单减少4404手,仓单减少4404手,"[""LC-BULL-01""]",deepseek-v4-flash,75ea404d-b0e6-48a0-9905-4201349c10a4|7d6da639-5100-4ee4-9eb0-c500ec9cb1d1,64bdfd1749c3768b2a971305d7c1eb63a5e9d103071da13d4fc7b4a040e2dc3a,219cb82cb1f5549bbb718f1ecd6308f7734379c96e69402f696db25131338b64,lithium-v3-deepseek-v4-flash-direction-v2-explicit-contract
CNINFO-002738-1224015569,2025-06-28,-0.2,0.0,0.6,0.6,项目是围绕年产2.5万吨锂盐生产线的停产技改项目， 在项目建设期间， 将会对公司锂盐业务的产量和销量产生一定影响。,,[],deepseek-v4-flash,cc16782b-828b-401e-9935-baf912027442,64bdfd1749c3768b2a971305d7c1eb63a5e9d103071da13d4fc7b4a040e2dc3a,0ebb1fda3b3b5a2814710833747fa9b321cfc87458a4a019445686a16dd70b0e,lithium-v3-deepseek-v4-flash-direction-v2-explicit-contract
CNINFO-002594-1224058406,2025-07-02,0.2,0.0,0.3,0.3,本公司 2025 年 6 月新能源汽车动力电池及储能电池装机总量约为 27.019GWh，2025 年累计装机总量约为 134.526GWh。,,[],deepseek-v4-flash,203323b3-5245-45f2-b3d8-8b2f59312614,64bdfd1749c3768b2a971305d7c1eb63a5e9d103071da13d4fc7b4a040e2dc3a,c06a634f1d26db3748faf9cc783d2c9fe753d4c83aa988fb1587e16c3ac80944,lithium-v3-deepseek-v4-flash-direction-v2-explicit-contract
CNINFO-002460-1224068866,2025-07-03,0.2,0.0,0.3,0.3,公司持有 Mali Lithium100%股权，Mali Lithium 旗下马里Goulamina锂辉石项目一期 年产能50.6万吨锂精矿已正式投产，产能逐步释放。,,[],deepseek-v4-flash,65c71fba-2ba3-46cf-8d98-9efbac972c44,64bdfd1749c3768b2a971305d7c1eb63a5e9d103071da13d4fc7b4a040e2dc3a,05cd822da22d52f72f805951cc8daaff159d8d53ebf13e32ced7f15720ce667c,lithium-v3-deepseek-v4-flash-direction-v2-explicit-contract
GFEX-WR-20250704,2025-07-04,-0.2,0.06254147312541472,0.4,0.35,仓单减少1844手,仓单减少1844手,"[""LC-BULL-01""]",deepseek-v4-flash,4d96329a-7853-4c89-b740-d047f91e758f|bc337620-3e8d-4d39-a99b-3ffce1d8d0e1,64bdfd1749c3768b2a971305d7c1eb63a5e9d103071da13d4fc7b4a040e2dc3a,12b564ef90575012fee0a56c9ec073807b59628b622f5b13afa9cbae1b582a9e,lithium-v3-deepseek-v4-flash-direction-v2-explicit-contract
GFEX-WR-20250707,2025-07-07,-0.2,0.0625,0.5,0.1136,仓单减少5481手,仓单减少5481手,"[""LC-BULL-01""]",deepseek-v4-flash,34c8f132-67d8-422e-9693-ac51b2fc6757|ab161a84-35b1-47be-8f77-6cdaa0d5d333,64bdfd1749c3768b2a971305d7c1eb63a5e9d103071da13d4fc7b4a040e2dc3a,2624efcfa37dd63be8c591a43d0bd09365894a2b915a328e12728f8736a28787,lithium-v3-deepseek-v4-flash-direction-v2-explicit-contract
GFEX-WR-20250708,2025-07-08,-0.2,0.06254147312541472,0.6,0.3,仓单减少2900手,碳酸锂仓单总量为12655手，减少2900手。,"[""LC-BULL-01""]",deepseek-v4-flash,6cb4b2b4-6b33-4d46-b58e-0f729243888b|db9d5718-e8a3-484d-9520-225558a2200d,64bdfd1749c3768b2a971305d7c1eb63a5e9d103071da13d4fc7b4a040e2dc3a,89983000e26427ea1a9aa03a2f307530f90c3de6b0d8a9b6d2e9b1b69e5915c8,lithium-v3-deepseek-v4-flash-direction-v2-explicit-contract
GFEX-WR-20250711,2025-07-11,0.0,0.0625,0.3,0.1136,碳酸锂仓单总量为11603手，减少1588手。,仓单减少1588手,"[""LC-BULL-01""]",deepseek-v4-flash,68e47eab-3194-497e-b9c7-abd204576167|a13d5191-bc80-4977-b09c-65fa6253add5,64bdfd1749c3768b2a971305d7c1eb63a5e9d103071da13d4fc7b4a040e2dc3a,8acf6f6db7fa159a201868a2bf8b2eb293d1ba651ff89df8e7e2b56541ea0a53,lithium-v3-deepseek-v4-flash-direction-v2-explicit-contract
CNINFO-000408-1224162516,2025-07-15,0.3,0.0,0.6,0.6,《采矿许可证》的取得， 赋予了麻米措矿业合法开采盐湖资源的权利， 公司能 够按照规划对麻米错盐湖的锂硼矿资源进行有序开发；,,[],deepseek-v4-flash,ae6405c5-32a5-4933-aea4-1568eb811c5a,64bdfd1749c3768b2a971305d7c1eb63a5e9d103071da13d4fc7b4a040e2dc3a,65146de6ef0887e211cf2ff07bf842f58a8f60b6a573d84549363145be30ee9f,lithium-v3-deepseek-v4-flash-direction-v2-explicit-contract
CNINFO-002176-1224163294,2025-07-15,-0.6,0.0,0.7,0.7,受市场供求关系影响，碳酸锂价格持续下跌，导致锂盐板块 亏损。,,[],deepseek-v4-flash,076bd17b-07e1-491a-983b-589d624f59bc,64bdfd1749c3768b2a971305d7c1eb63a5e9d103071da13d4fc7b4a040e2dc3a,993b843f3581015bfd86247f2d4ab928f0ad793bb9ddb67710b5a126a9e6eebe,lithium-v3-deepseek-v4-flash-direction-v2-explicit-contract
CNINFO-002240-1224164694,2025-07-15,0.0,0.0,0.5,0.5,,,[],deepseek-v4-flash,03ccdb19-6a4b-4801-9af8-ab94879ea25d,64bdfd1749c3768b2a971305d7c1eb63a5e9d103071da13d4fc7b4a040e2dc3a,649429f8482792f33fb2a522d67f8a513cbc3a5b4ed125407727d1cae97b1211,lithium-v3-deepseek-v4-flash-direction-v2-explicit-contract
CNINFO-002460-1224164382,2025-07-15,-0.15,0.0,0.5,0.5,锂盐及锂电池产品销售价格持续下跌,,[],deepseek-v4-flash,ebcb112c-4130-4625-b6f5-27e1cc34dd75,64bdfd1749c3768b2a971305d7c1eb63a5e9d103071da13d4fc7b4a040e2dc3a,705e6a1f8a3b7ce8d80e4825147d3f5ee20b5286491a78ec2604bcc8b1c9d998,lithium-v3-deepseek-v4-flash-direction-v2-explicit-contract
CNINFO-002466-1224164259,2025-07-15,0.0,0.0,0.5,0.5,,,[],deepseek-v4-flash,2b7f5c11-2cc6-4c09-ad57-69bc19d68681,64bdfd1749c3768b2a971305d7c1eb63a5e9d103071da13d4fc7b4a040e2dc3a,2edb9ce9053bf296f5fc42b78af1192b381d912a87387bae66df921b71186987,lithium-v3-deepseek-v4-flash-direction-v2-explicit-contract
CNINFO-002738-1224163658,2025-07-15,-0.3,0.0,0.6,0.6,但受锂电新能源行业市场波动影响，锂盐产品市场价格较去年同期出现 较大幅度回调。,,[],deepseek-v4-flash,4b840e8a-1c31-4414-86d5-a61f241a86c0,64bdfd1749c3768b2a971305d7c1eb63a5e9d103071da13d4fc7b4a040e2dc3a,5ef47b870eece2a044c6167394db2a74bbf44309b9e0a6e90dcf96c002f7e5fb,lithium-v3-deepseek-v4-flash-direction-v2-explicit-contract
CNINFO-000408-1224198116,2025-07-17,0.0,0.0,0.5,0.5,,,[],deepseek-v4-flash,b32b10b7-edbc-4fb4-9f2c-a0ef3c977e59,64bdfd1749c3768b2a971305d7c1eb63a5e9d103071da13d4fc7b4a040e2dc3a,5b855c9c9966223a97613135703bd85af24475883a7ac900c0685bca8aade5a3,lithium-v3-deepseek-v4-flash-direction-v2-explicit-contract
CNINFO-002176-1224236733,2025-07-22,0.0,0.0,0.4,0.4,,,[],deepseek-v4-flash,8efad4d1-d9da-45d5-ae10-2f74684a297c,64bdfd1749c3768b2a971305d7c1eb63a5e9d103071da13d4fc7b4a040e2dc3a,c938e3d7bfdc3b485f59d2de64a2a77a29947c5565874867fb169daff7fa2573,lithium-v3-deepseek-v4-flash-direction-v2-explicit-contract
GFEX-WR-20250724,2025-07-24,-0.2,0.0,0.5,0.5,仓单增加900手,,[],deepseek-v4-flash,853153cc-8e29-44ad-a553-812a1795accb,64bdfd1749c3768b2a971305d7c1eb63a5e9d103071da13d4fc7b4a040e2dc3a,c49d84d8a2101c6532c2474ade0b63c9ed8db202c1b55a81a5fadc70cf93699e,lithium-v3-deepseek-v4-flash-direction-v2-explicit-contract
GFEX-WR-20250730,2025-07-30,-0.3,0.0,0.5,0.5,碳酸锂仓单总量为13131手，增加855手。,,[],deepseek-v4-flash,92d5f9d7-5d8e-4a7d-b20f-b7584fe1436b,64bdfd1749c3768b2a971305d7c1eb63a5e9d103071da13d4fc7b4a040e2dc3a,cc03a4bd697e536ae538298f60043d1f7b799d5a02546b1f4db6a898865df8d8,lithium-v3-deepseek-v4-flash-direction-v2-explicit-contract
GFEX-WR-20250731,2025-07-31,-0.2,0.06254147312541472,0.3,0.11363636363636363,仓单减少7586手,仓单减少7586手,"[""LC-BULL-01""]",deepseek-v4-flash,88af4505-ac16-4aa1-92ed-55fef11c2580|f6e15efd-fbe9-4a16-a967-97e62a5b9127,64bdfd1749c3768b2a971305d7c1eb63a5e9d103071da13d4fc7b4a040e2dc3a,c26314eefe5fc5f577d3d354357d56f78480ac986fec13504abe89cd05e2e045,lithium-v3-deepseek-v4-flash-direction-v2-explicit-contract
GFEX-WR-20250801,2025-08-01,-0.2,0.0,0.3,0.3,广期所碳酸锂仓单日报：仓单增加1060手,,[],deepseek-v4-flash,6fa07ecf-3344-4b5a-a75c-1bddc6fa18bc,64bdfd1749c3768b2a971305d7c1eb63a5e9d103071da13d4fc7b4a040e2dc3a,cc353878ef85787f163bb83de055fde59a75e42f011a9be6ab4824c716dbd075,lithium-v3-deepseek-v4-flash-direction-v2-explicit-contract
CNINFO-002594-1224368797,2025-08-02,0.2,0.0,0.3,0.3,本公司 2025 年 7 月新能源汽车动力电池及储能电池装机总量约为 22.350GWh，2025 年累计装机总量约为 156.876GWh。,,[],deepseek-v4-flash,059a3b3e-81f2-4db3-adf2-470e46e97655,64bdfd1749c3768b2a971305d7c1eb63a5e9d103071da13d4fc7b4a040e2dc3a,951710e09a5f67cecaaf2a81d32b546fb9bafbbacfee5e42e620509e4c394a3d,lithium-v3-deepseek-v4-flash-direction-v2-explicit-contract
GFEX-WR-20250804,2025-08-04,-0.2,0.0,0.3,0.3,仓单增加5998手,,[],deepseek-v4-flash,63f07cb7-8a6c-4cfb-a549-331eb4f75ede,64bdfd1749c3768b2a971305d7c1eb63a5e9d103071da13d4fc7b4a040e2dc3a,0ea0f3af94b0ca05e7071aa3db8512e544c30c31103e69f76844f51453db70a6,lithium-v3-deepseek-v4-flash-direction-v2-explicit-contract
GFEX-WR-20250805,2025-08-05,-0.2,0.0,0.3,0.3,仓单增加1840手,,[],deepseek-v4-flash,b82b3550-3c0d-48a3-af72-64c8ee92640d,64bdfd1749c3768b2a971305d7c1eb63a5e9d103071da13d4fc7b4a040e2dc3a,3ef73cefa1070848e4032a4e26110aacd50a923d5e5bd4d9efd7a572027ca458,lithium-v3-deepseek-v4-flash-direction-v2-explicit-contract
GFEX-WR-20250807,2025-08-07,0.0,0.0,0.5,0.5,仓单增加1420手,,[],deepseek-v4-flash,4f6e4be6-ae8f-455e-84f3-c6bc97027ad1,64bdfd1749c3768b2a971305d7c1eb63a5e9d103071da13d4fc7b4a040e2dc3a,a7cd961b178501919a49e09479d7c18900b362999c5356fb5e2630f2efb6b688,lithium-v3-deepseek-v4-flash-direction-v2-explicit-contract
GFEX-WR-20250808,2025-08-08,-0.2,0.0,0.3,0.3,碳酸锂仓单总量为18829手，增加2386手。,,[],deepseek-v4-flash,f8b6b097-d83f-4481-af11-550c03648583,64bdfd1749c3768b2a971305d7c1eb63a5e9d103071da13d4fc7b4a040e2dc3a,52aac30f3b77245fdf5278562a460d9fae2ec05c2d0360de6e7c7cc28b82d304,lithium-v3-deepseek-v4-flash-direction-v2-explicit-contract
GFEX-WR-20250812,2025-08-12,-0.2,0.0,0.3,0.3,广期所碳酸锂仓单日报：仓单增加1440手,,[],deepseek-v4-flash,a4dab8fc-4167-471b-ac84-43c17e70ca6c,64bdfd1749c3768b2a971305d7c1eb63a5e9d103071da13d4fc7b4a040e2dc3a,0402840075db4ae179a61b3035c71c117142ff85299a8a74523d889558885d20,lithium-v3-deepseek-v4-flash-direction-v2-explicit-contract
GFEX-WR-20250813,2025-08-13,-0.1,0.0,0.3,0.3,仓单增加850手,,[],deepseek-v4-flash,30dd4e73-4f5c-48d4-975f-f25b0ee6091d,64bdfd1749c3768b2a971305d7c1eb63a5e9d103071da13d4fc7b4a040e2dc3a,317227bef54feb61883dc64dbbc3d0603548226b85896ba75c89a4c9e62f180d,lithium-v3-deepseek-v4-flash-direction-v2-explicit-contract
GFEX-WR-20250815,2025-08-15,-0.2,0.0,0.3,0.3,仓单增加1546手,,[],deepseek-v4-flash,b36e3fc9-795e-4775-a8c3-6935d923447f,64bdfd1749c3768b2a971305d7c1eb63a5e9d103071da13d4fc7b4a040e2dc3a,b020206e1a4663baab67a2df63908ec7182464a98e6282f7063fccfbc8eb456b,lithium-v3-deepseek-v4-flash-direction-v2-explicit-contract
GFEX-WR-20250826,2025-08-26,-0.2,0.0,0.3,0.3,仓单增加1060手,,[],deepseek-v4-flash,4ec4ed0c-7a5f-491d-9097-99b9c760644a,64bdfd1749c3768b2a971305d7c1eb63a5e9d103071da13d4fc7b4a040e2dc3a,b328cca79423c15e06163a2144d343f19a9f6e33700861b118033e6094350bea,lithium-v3-deepseek-v4-flash-direction-v2-explicit-contract
LC-TEXT-0020,2025-08-27,0.2,0.0,0.4,0.4,为推动新型储能高质量发展，国家发展改革委、国家能源局研究制定了《新型储能规模化建设专项行动方案（2025—2027年）》。,,[],deepseek-v4-flash,d1f90417-9b20-4216-a81b-50f584220874,64bdfd1749c3768b2a971305d7c1eb63a5e9d103071da13d4fc7b4a040e2dc3a,c4ae6174dbb224c25df2a8e7f8c0c6eafbf95ee876c52cefdd94a8afd8bd989a,lithium-v3-deepseek-v4-flash-direction-v2-explicit-contract
LC-TEXT-0021,2025-08-27,0.2,0.0,0.5,0.5,为推动新型储能高质量发展，国家发展改革委、国家能源局研究制定了《新型储能规模化建设专项行动方案（2025—2027年）》。,,[],deepseek-v4-flash,461cce5b-ac9d-4395-b407-9b35814fb8f6,64bdfd1749c3768b2a971305d7c1eb63a5e9d103071da13d4fc7b4a040e2dc3a,eca181ee5adac5ea03245f6a9fef0f276e86c89d76bcb66532fbf619aa311c70,lithium-v3-deepseek-v4-flash-direction-v2-explicit-contract
GFEX-WR-20250828,2025-08-28,-0.5,0.0,0.5,0.5,仓单增加1480手,,[],deepseek-v4-flash,079e5fce-f2a3-4781-8d25-9b3508f8caf0,64bdfd1749c3768b2a971305d7c1eb63a5e9d103071da13d4fc7b4a040e2dc3a,baa36fabd0282c5703aa48730a4b0b02baa1a4c06f1cd307d7a30537abce9b84,lithium-v3-deepseek-v4-flash-direction-v2-explicit-contract
GFEX-WR-20250829,2025-08-29,-0.2,0.0,0.3,0.3,仓单增加930手,,[],deepseek-v4-flash,8d1427e3-303b-4859-a55b-a5eca339590f,64bdfd1749c3768b2a971305d7c1eb63a5e9d103071da13d4fc7b4a040e2dc3a,356f946f25d069f065ba7263e755eef6256e60370e34f562748f60af46bae80b,lithium-v3-deepseek-v4-flash-direction-v2-explicit-contract
GFEX-WR-20250901,2025-09-01,-0.1,0.0,0.2,0.2,广期所碳酸锂仓单日报：仓单增加1310手,,[],deepseek-v4-flash,049f725f-f5b7-4af2-a913-a40fe63d9879,64bdfd1749c3768b2a971305d7c1eb63a5e9d103071da13d4fc7b4a040e2dc3a,574647ee4d645a605e109c6be44318604c93b1d2bc12ef2efb3b27903a005f56,lithium-v3-deepseek-v4-flash-direction-v2-explicit-contract
CNINFO-002594-1224632702,2025-09-02,0.2,0.0,0.5,0.5,2025 年 8 月新能源汽车动力电池及储能电池装机总量约为 23.175 GWh，2025 年累计装机总量约为 180.051 GWh。,,[],deepseek-v4-flash,184ffade-865b-414d-9ee9-b938934aeef1,64bdfd1749c3768b2a971305d7c1eb63a5e9d103071da13d4fc7b4a040e2dc3a,caa39607559ae5725b356b5750a421a2c49f92c713dabc4556a3c33fe8c482b8,lithium-v3-deepseek-v4-flash-direction-v2-explicit-contract
GFEX-WR-20250903,2025-09-03,-0.1,0.0,0.3,0.3,碳酸锂仓单总量为34118手，增加2111手。,,[],deepseek-v4-flash,dbf34498-6513-4a5a-9044-25be73233258,64bdfd1749c3768b2a971305d7c1eb63a5e9d103071da13d4fc7b4a040e2dc3a,24898c6672d7e6f2b40d475df6dd0bf0cb2f7cfb3df4183dd4b19cdba8699e14,lithium-v3-deepseek-v4-flash-direction-v2-explicit-contract
GFEX-WR-20250904,2025-09-04,-0.2,0.0,0.3,0.3,仓单增加830手,,[],deepseek-v4-flash,a776aace-0977-47de-9c07-9abf896a5002,64bdfd1749c3768b2a971305d7c1eb63a5e9d103071da13d4fc7b4a040e2dc3a,a3c339af2df081d9db6d39b16093e1512a553f6376751c949097adb19934b776,lithium-v3-deepseek-v4-flash-direction-v2-explicit-contract
GFEX-WR-20250905,2025-09-05,-0.2,0.0,0.3,0.3,仓单增加1683手,,[],deepseek-v4-flash,62312011-ad1f-440c-a81d-6be5224a45dc,64bdfd1749c3768b2a971305d7c1eb63a5e9d103071da13d4fc7b4a040e2dc3a,d5b28b0cfbabef67d0ec17f84d81640debcbf89e29ef34afe4b37c1d1bf7796d,lithium-v3-deepseek-v4-flash-direction-v2-explicit-contract
GFEX-WR-20250908,2025-09-08,-0.2,0.0,0.3,0.3,广期所碳酸锂仓单日报：仓单增加820手,,[],deepseek-v4-flash,b91a37d6-6245-4894-b5d2-b68f79476a7a,64bdfd1749c3768b2a971305d7c1eb63a5e9d103071da13d4fc7b4a040e2dc3a,013def702999eeaab7250259d56586ac823b73b8e29ee4af96b44b0f9d49dfae,lithium-v3-deepseek-v4-flash-direction-v2-explicit-contract
CNINFO-300390-1224658106,2025-09-13,0.2,0.0,0.3,0.3,"公司拟通过本次收购，将实际控制人在锂矿资源的投资和开发转至上市公司
体内，并消除潜在同业竞争风险。",,[],deepseek-v4-flash,ddb2d372-83d3-4456-9d1e-4e8775a0b702,64bdfd1749c3768b2a971305d7c1eb63a5e9d103071da13d4fc7b4a040e2dc3a,4272725f4944c7becd300721bfde03b1990289b1ac17a146f6d8aa19de70a732,lithium-v3-deepseek-v4-flash-direction-v2-explicit-contract
LC-TEXT-0022,2025-09-22,0.2,0.0,0.6,0.6,四、2026年1月1日起，列入《减免车辆购置税的新能源汽车车型目录》（以下简称《减免税目录》）的车型，需符合本公告要求；,,[],deepseek-v4-flash,33c994a7-77b9-4ec4-ab05-8447698a750f,64bdfd1749c3768b2a971305d7c1eb63a5e9d103071da13d4fc7b4a040e2dc3a,26517a74d69e4215741ec2710e7e830571f20c74f3907b46109c4633086c683c,lithium-v3-deepseek-v4-flash-direction-v2-explicit-contract
CNINFO-002240-1224674863,2025-09-23,0.3,0.0,0.6,0.6,"随着公司锂盐产能的持续增加，为进一步增强公司锂矿资源的供应保障能力， 持续提升锂矿原料的自给率，公司拟通过全资子公司盛屯锂业与泰宸矿业签署 《股权转让协议》，盛屯锂业以 145,600.00 万元受让泰宸矿业持有的启成矿业 21%股权。",,[],deepseek-v4-flash,637a332d-3fb9-480b-8f58-34478d442b76,64bdfd1749c3768b2a971305d7c1eb63a5e9d103071da13d4fc7b4a040e2dc3a,a12ff860c473cc29553cda121461af87db18ae4253a0e59a2a8bf6efa9673bbe,lithium-v3-deepseek-v4-flash-direction-v2-explicit-contract
CNINFO-000762-1224680350,2025-09-26,-0.3,0.0,0.6,0.6,该项目属于大型工业装置，系全球首套采用膜分离+MVR 盐湖提锂工艺的项目，涉及较为复杂的技术调试、环境适配 和产品验证等，同时地处高寒地带，面临艰苦建设条件。,,[],deepseek-v4-flash,187b605d-79f6-4fd9-a2d9-b661c95c743d,64bdfd1749c3768b2a971305d7c1eb63a5e9d103071da13d4fc7b4a040e2dc3a,3f3924faaec32e9db347a357318533246767822eb5738caff46e048db1b03cb3,lithium-v3-deepseek-v4-flash-direction-v2-explicit-contract
CNINFO-000792-1224684751,2025-09-29,0.2,0.0,0.4,0.4,4 万吨/年基础锂盐一体化项目投料试车，将进一步提升公司锂盐产能规模， 增强公司锂盐产品市场竞争力、盈利能力和抗风险能力,,[],deepseek-v4-flash,734be95c-6155-4130-955f-85886a5c5e7a,64bdfd1749c3768b2a971305d7c1eb63a5e9d103071da13d4fc7b4a040e2dc3a,8501080b3a18a542efce67710e2cebb25d9ca1923e0193cd2baee8471d683ac5,lithium-v3-deepseek-v4-flash-direction-v2-explicit-contract
CNINFO-002594-1224697528,2025-10-09,0.2,0.0,0.3,0.3,本公司 2025 年 9 月新能源汽车动力电池及储能电池装机总量约为 23.200 GWh，2025 年累计装机总量约为 203.251 GWh。,,[],deepseek-v4-flash,f3b6cf17-b1d3-41d3-9e65-540fe7fb0ffa,64bdfd1749c3768b2a971305d7c1eb63a5e9d103071da13d4fc7b4a040e2dc3a,3f46049295da4d6df43c5278ca003fb4b76ef6c200bb1c88fb5f839ce126fb09,lithium-v3-deepseek-v4-flash-direction-v2-explicit-contract
LC-TEXT-0023,2025-10-09,0.0,0.0,0.2,0.2,根据《关于延续和优化新能源汽车车辆购置税减免政策的公告》（财政部 税务总局 工业和信息化部公告2023年第10号），结合新能源汽车技术进步、标准体系发展和车型变化情况，现就2026—2027年减免车辆购置税新能源汽车产品技术要求有关事项公告如下：,,[],deepseek-v4-flash,ec9a05bc-d7b0-4295-8b3c-dcdde8d66c92,64bdfd1749c3768b2a971305d7c1eb63a5e9d103071da13d4fc7b4a040e2dc3a,10ab5d4a63ff2576a12f4f74709046b21bb15cc763e72c6b1cddc14025c602cd,lithium-v3-deepseek-v4-flash-direction-v2-explicit-contract
CNINFO-000408-1224705558,2025-10-10,0.2,0.0,0.4,0.4,在延续 主矿种钾盐的基础上，新增矿盐、镁盐、锂矿、硼矿共伴生矿种,,[],deepseek-v4-flash,7f0f4994-11bd-44f3-b4ca-e7a98e031b77,64bdfd1749c3768b2a971305d7c1eb63a5e9d103071da13d4fc7b4a040e2dc3a,b579076b767282dae19ab8e763e491988b01fbedf48baedd5e851f979e9fe021,lithium-v3-deepseek-v4-flash-direction-v2-explicit-contract
GFEX-WR-20251013,2025-10-13,-0.3,0.06,0.4,0.11,仓单减少5951手,仓单减少5951手,"[""LC-BULL-01""]",deepseek-v4-flash,7a503437-827e-4b26-8227-a34e58bb11b5|1d01d435-bd1f-4248-bcf2-b26291912d57,64bdfd1749c3768b2a971305d7c1eb63a5e9d103071da13d4fc7b4a040e2dc3a,7f1c2294d0337bbd0c82ae963a0955a1fdb46681a55eecee47b989c15cac169d,lithium-v3-deepseek-v4-flash-direction-v2-explicit-contract
CNINFO-000408-1224709769,2025-10-14,0.2,0.0,0.6,0.6,经初步估计，本次藏格锂业临时停产预计对公司2025年度经营业绩影响较小。,,[],deepseek-v4-flash,0434357d-dc8e-4651-8ebb-bd7f1514230c,64bdfd1749c3768b2a971305d7c1eb63a5e9d103071da13d4fc7b4a040e2dc3a,f3aca3deb97b4d1edb967ccf33390a98cfc28ee7b06a9e35b31977559e6c7b81,lithium-v3-deepseek-v4-flash-direction-v2-explicit-contract
CNINFO-000792-1224708917,2025-10-14,-0.2,0.0,0.6,0.6,碳酸锂市场价格出现下行调整，但综合来看，公司整体业绩 较上年同期实现增长。,,[],deepseek-v4-flash,f6d60975-acbc-404b-989c-ace836892123,64bdfd1749c3768b2a971305d7c1eb63a5e9d103071da13d4fc7b4a040e2dc3a,0a4f567d470bb13a348851164e87d9d8cc4a71fcbe4c11a0c03aff9a11e18cc8,lithium-v3-deepseek-v4-flash-direction-v2-explicit-contract
GFEX-WR-20251014,2025-10-14,-0.2,0.0625,0.6,0.1136,仓单减少1538手,广期所碳酸锂仓单日报：仓单减少1538手,"[""LC-BULL-01""]",deepseek-v4-flash,97e6e664-a0d3-4434-ac1b-7f1426704626|2147dbce-1210-4eee-b3d5-9b21cf267218,64bdfd1749c3768b2a971305d7c1eb63a5e9d103071da13d4fc7b4a040e2dc3a,3bf21b39588f57c57cfc322384c1634e34e178a9d42604bfaf1cb2a44ced48f4,lithium-v3-deepseek-v4-flash-direction-v2-explicit-contract
GFEX-WR-20251015,2025-10-15,-0.2,0.0625,0.3,0.1136,仓单减少2104手,仓单减少2104手,"[""LC-BULL-01""]",deepseek-v4-flash,71358963-404e-4864-891b-1a2816c10aff|e977d195-069d-4d61-8b24-565779801034,64bdfd1749c3768b2a971305d7c1eb63a5e9d103071da13d4fc7b4a040e2dc3a,b528ba80ae3ab6b5a44b1c59eead6c8a396f186d12a88211aefa38b563acd387,lithium-v3-deepseek-v4-flash-direction-v2-explicit-contract
GFEX-WR-20251016,2025-10-16,-0.2,0.06,0.3,0.1,仓单减少2620手,仓单减少2620手,"[""LC-BULL-01""]",deepseek-v4-flash,4dc40de4-2370-4809-b77a-b3cfd3c7170c|79cd76eb-a752-4312-ace4-7ac3701d2a68,64bdfd1749c3768b2a971305d7c1eb63a5e9d103071da13d4fc7b4a040e2dc3a,1f0801ae364e7cdf8e0b478ecd2a2aaad62c525c82998c90fe52b0273c79144c,lithium-v3-deepseek-v4-flash-direction-v2-explicit-contract
CNINFO-002466-1224717739,2025-10-18,0.0,0.0,0.5,0.5,,,[],deepseek-v4-flash,036d330d-068a-4425-b8be-f969081e7e0e,64bdfd1749c3768b2a971305d7c1eb63a5e9d103071da13d4fc7b4a040e2dc3a,5e652708c2026eb7babccfe9f1dd3c3813f387c28b67f221b73e8582bdc899dd,lithium-v3-deepseek-v4-flash-direction-v2-explicit-contract
GFEX-WR-20251022,2025-10-22,-0.2,0.06254147312541472,0.3,0.8,碳酸锂仓单总量为29019手，减少873手。,碳酸锂仓单总量为29019手，减少873手。,"[""LC-BULL-01""]",deepseek-v4-flash,2707d54f-467f-41e3-93ac-cf318cf9feee|69f56db1-e9cc-4440-8688-0e1802516a4f,64bdfd1749c3768b2a971305d7c1eb63a5e9d103071da13d4fc7b4a040e2dc3a,a3fc00b996b933ad952a5d9edfb488514f49272ec4afdd99c5aa1870fc54f428,lithium-v3-deepseek-v4-flash-direction-v2-explicit-contract
CNINFO-300390-1224736852,2025-10-25,0.0,0.0,0.5,0.5,,,[],deepseek-v4-flash,37632c52-7f2f-483e-9fed-3420c91866d1,64bdfd1749c3768b2a971305d7c1eb63a5e9d103071da13d4fc7b4a040e2dc3a,53ca6a19b04537ae74efcb06b33e39beeb4b488653ddddd2158312fb3d558247,lithium-v3-deepseek-v4-flash-direction-v2-explicit-contract
GFEX-WR-20251027,2025-10-27,-0.1,0.0625,0.2,0.1136,仓单减少960手,仓单减少960手,"[""LC-BULL-01""]",deepseek-v4-flash,6b2e3e12-6a7f-41c1-800d-66d90d26a933|03ca180c-2770-47ea-a204-8f48d5408e64,64bdfd1749c3768b2a971305d7c1eb63a5e9d103071da13d4fc7b4a040e2dc3a,d72ed962973edf3d88a75223346244b19b2600505061847e1ce9a0a599942a08,lithium-v3-deepseek-v4-flash-direction-v2-explicit-contract
CNINFO-002460-1224755096,2025-10-29,0.2,0.0,0.3,0.3,"公司开展商品期货期权套期保值业务旨在充分利用金融市场套 期保值功能，降低生产经营因相关产品价格波动给公司带来的经营风
险，提高公司整体抵御风险能力，增强财务稳健性，符合公司业务发 展及日常经营需要，有利于公司长期稳健发展。",,[],deepseek-v4-flash,a8b27f15-ca1d-4d9b-b252-0a29bdf52867,64bdfd1749c3768b2a971305d7c1eb63a5e9d103071da13d4fc7b4a040e2dc3a,1c4561cafcc383930edf6c6605af292759f4dc3172a3504bb4d9b512cb27d659,lithium-v3-deepseek-v4-flash-direction-v2-explicit-contract
CNINFO-002240-1224781544,2025-11-01,0.2,0.0,0.2,0.2,未来随着储能行业、新能源汽车 行业的蓬勃发展和中创新航产能投资计划的不断落地，中创新航的锂产品需求将 会持续释放，为双方业务合作打下坚实的基础。,,[],deepseek-v4-flash,04a90bc0-b9b2-4499-bce5-5035541e4719,64bdfd1749c3768b2a971305d7c1eb63a5e9d103071da13d4fc7b4a040e2dc3a,cbd29de5824a4d41d8c90dd3b30fd1e48c61c6d890f8e45cea47d3dd8c5c2e50,lithium-v3-deepseek-v4-flash-direction-v2-explicit-contract
CNINFO-002594-1224781922,2025-11-03,0.3,0.0,0.2,0.2,"新能源汽车 429,808 536,134 3,643,377 3,297,044 10.50% 441,706 502,657 3,701,852 3,250,532 13.88%",,[],deepseek-v4-flash,6881c437-2998-47f3-a94e-950f22726340,64bdfd1749c3768b2a971305d7c1eb63a5e9d103071da13d4fc7b4a040e2dc3a,d00699832f103adafef694c1e5221f46c38151ec61bd8ca6ba758a29e1d225f0,lithium-v3-deepseek-v4-flash-direction-v2-explicit-contract
GFEX-WR-20251107,2025-11-07,-0.2,0.0,0.3,0.3,仓单增加912手,,[],deepseek-v4-flash,cfc23b78-bbf1-4644-a93d-bcab8eae0ff8,64bdfd1749c3768b2a971305d7c1eb63a5e9d103071da13d4fc7b4a040e2dc3a,c09daa0d5d32a6e6b31c508c20fbcc049908ae3b8f3a328cb416f9938ba2592e,lithium-v3-deepseek-v4-flash-direction-v2-explicit-contract
CNINFO-002460-1224795440,2025-11-11,0.6,0.0,0.7,0.7,"近日，阿根廷萨尔塔省矿业和能源秘书处已为PPGS锂盐湖项目 一期颁发了《环境影响评估报告》（以下简称“DIA”），标志着 该项目取得关键进展。
PPGS锂盐湖项目计划于2026年上半年向阿根 廷政府提交大型招商引资制度（RIGI）申请，以获得当地政府的支 持和财税激励政策。",,[],deepseek-v4-flash,f3dfe732-e58d-4187-a8db-00d60fbd864f,64bdfd1749c3768b2a971305d7c1eb63a5e9d103071da13d4fc7b4a040e2dc3a,5880f940cabbf5ff99d6a98ce499da72ff89ec15c1cc7ab08b82e9e60126eb2a,lithium-v3-deepseek-v4-flash-direction-v2-explicit-contract
CNINFO-002176-1224806565,2025-11-15,0.0,0.0,0.3,0.3,公司开展商品期货和衍生品业务不以逐利为目的，且将严格控制资金规模， 但仍存在一定的风险，具体如下： （一）市场风险 如市场发生系统性风险，原料及产品价格行情变动较大时，可能产生价格 波动风险，造成交易损失。,,[],deepseek-v4-flash,528a0204-fda2-482b-8149-086690fa4fc6,64bdfd1749c3768b2a971305d7c1eb63a5e9d103071da13d4fc7b4a040e2dc3a,5e56e6b499b34deaed3ebbae0940b40dd0d9ebd9f941a6820b2c2af057c6f232,lithium-v3-deepseek-v4-flash-direction-v2-explicit-contract
CNINFO-002240-1224812521,2025-11-19,0.3,0.0,0.6,0.6,随着全球新能源汽车和储能行业的快速发展，锂产品市场需求持续增长，为 公司提供了巨大的市场空间及发展机会。,,[],deepseek-v4-flash,2167f99a-8e45-49ce-8851-f3abdf0d731e,64bdfd1749c3768b2a971305d7c1eb63a5e9d103071da13d4fc7b4a040e2dc3a,86134079aeb2f208e0076bd10b03f2eae2cef1943691e2cb2cf5c39d0e8230eb,lithium-v3-deepseek-v4-flash-direction-v2-explicit-contract
GFEX-WR-20251128,2025-11-28,-0.2,0.06254147312541472,0.3,0.15,仓单减少21340手,碳酸锂仓单总量为5441手，减少21340手。,"[""LC-BULL-01""]",deepseek-v4-flash,599e07ae-f1c2-41ca-82ba-c0d86ff1315b|4ac432cc-abb8-401c-b2bc-3776777bc276,64bdfd1749c3768b2a971305d7c1eb63a5e9d103071da13d4fc7b4a040e2dc3a,8f6301b0d16a9ef2fa788ac57d2d699aec0dfce46e89919b0689a63d85797045,lithium-v3-deepseek-v4-flash-direction-v2-explicit-contract
GFEX-WR-20251201,2025-12-01,0.2,0.0,0.3,0.3,仓单增加2781手,,[],deepseek-v4-flash,964c2fbb-2290-4159-804b-da06ffba6eba,64bdfd1749c3768b2a971305d7c1eb63a5e9d103071da13d4fc7b4a040e2dc3a,c31b99db6a05497d94861a68fa53f662d43429c3e72e257de20fbe6544a00c70,lithium-v3-deepseek-v4-flash-direction-v2-explicit-contract
CNINFO-002594-1224841562,2025-12-02,0.2,0.0,0.6,0.6,本公司 2025 年 11 月新能源汽车动力电池及储能电池装机总量约为 27.669 GWh，2025 年累计装机总量约为 258.282 GWh。,,[],deepseek-v4-flash,bbb1b60a-ea08-4f19-a638-4e45c8a39550,64bdfd1749c3768b2a971305d7c1eb63a5e9d103071da13d4fc7b4a040e2dc3a,7be0aa6412d6f12dcff997cb05a385528e19b7665e18f076fb385c77d1cc2fe1,lithium-v3-deepseek-v4-flash-direction-v2-explicit-contract
LC-TEXT-0024,2025-12-02,0.2,0.0,0.3,0.3,从需求端来看，锂电产业积极‘出海’主要得益于全球动力电池与储能产业的蓬勃发展，这两大领域的高景气拉动我国锂电池出货量持续攀升，为行业注入强劲增长动力。,,[],deepseek-v4-flash,0dc2eac1-13b5-4de4-9176-586735b02abc,64bdfd1749c3768b2a971305d7c1eb63a5e9d103071da13d4fc7b4a040e2dc3a,4bb334d41255dfa26d6ca82eea27c74440614e2d5a3e1de44e69b5615b76485f,lithium-v3-deepseek-v4-flash-direction-v2-explicit-contract
GFEX-WR-20251208,2025-12-08,-0.2,0.0,0.3,0.3,仓单增加2198手,,[],deepseek-v4-flash,e4c00b7e-aca7-4ee8-94be-55c9d22e0b25,64bdfd1749c3768b2a971305d7c1eb63a5e9d103071da13d4fc7b4a040e2dc3a,eea3bd21c1ce2ab3721112cb88969ca94c79841ef101db196729b04fed861f5a,lithium-v3-deepseek-v4-flash-direction-v2-explicit-contract
CNINFO-002466-1224858142,2025-12-09,0.1,0.0,0.2,0.2,本次申请氢氧化锂交割厂库事宜尚存在不确定性，最终以广期所审核通过为准。,,[],deepseek-v4-flash,4718be84-4dbb-4aca-ad6a-cf06d2d83ad7,64bdfd1749c3768b2a971305d7c1eb63a5e9d103071da13d4fc7b4a040e2dc3a,dccac815acce571d5c3a58ed8523bf322a9da28cae1a20e04c8ba826875b1f59,lithium-v3-deepseek-v4-flash-direction-v2-explicit-contract
CNINFO-300390-1224862955,2025-12-10,0.0,0.0,0.2,0.2,,,[],deepseek-v4-flash,23d88a9b-c843-40a0-958b-52cd40f7dde3,64bdfd1749c3768b2a971305d7c1eb63a5e9d103071da13d4fc7b4a040e2dc3a,c6fe0a33033f5ff74c69a6a33b8c89d516fd9b91d5c1815ee61d993fe554d7a0,lithium-v3-deepseek-v4-flash-direction-v2-explicit-contract
GFEX-WR-20251211,2025-12-11,-0.2,0.0,0.3,0.3,广期所碳酸锂仓单日报：仓单增加1070手,,[],deepseek-v4-flash,34f2a39c-9e4f-403f-b791-a3cf8ce5a043,64bdfd1749c3768b2a971305d7c1eb63a5e9d103071da13d4fc7b4a040e2dc3a,ebe792ed841fe6b03e9307729d2f6a5088bc86c390bfc43bf5132190219121c3,lithium-v3-deepseek-v4-flash-direction-v2-explicit-contract
LC-TEXT-0025,2025-12-11,0.7,0.0,0.6,0.6,受2026年需求向好及市场情绪推动，当前锂电产业链产能利用率攀升，多个环节陆续涨价。,,[],deepseek-v4-flash,18c97611-a820-4ac3-b243-1a5bbeb4c9cb,64bdfd1749c3768b2a971305d7c1eb63a5e9d103071da13d4fc7b4a040e2dc3a,d609bdb024e06ea6bfa522084c0f0019207d5aaabe902e1e99d31d614a876cc9,lithium-v3-deepseek-v4-flash-direction-v2-explicit-contract
LC-TEXT-0026,2025-12-16,0.6,0.0,0.7,0.7,"随着碳酸锂价格的持续上涨，不同压实密度的磷酸铁锂价格也均有不同程度的上涨，以磷酸铁锂动力型压实密度≥2.55g/cm³的价格为例，截止12月16日，其现货报价涨至40850~46050元/吨，均价报43450元/吨，较6月24日的32930低点上涨10520元/吨，涨幅达31.95%；
磷酸铁锂储能型压实密度≥2.50g/cm³现货报价在12月16日涨至38750~42050元/吨，均价报40400元/吨，较6月23日的低点31000元/吨上涨9400元/吨，涨幅达30.32%。",,[],deepseek-v4-flash,e9719239-64db-403c-a698-518a32dd44bd,64bdfd1749c3768b2a971305d7c1eb63a5e9d103071da13d4fc7b4a040e2dc3a,9d2bd4ad62e15f880733c34b6a34bfd57a9b360542a07dde756f2fcad91c8ada,lithium-v3-deepseek-v4-flash-direction-v2-explicit-contract
CNINFO-000408-1224882118,2025-12-17,0.3,0.0,0.2,0.2,本次追加投资旨在保障公司前期投资价值，增强公司在盐湖提锂领域 的资源布局和持续发展能力，预期将为公司带来良好的投资回报。,,[],deepseek-v4-flash,f43ad351-8b8a-401a-9d34-74ab8cc5817b,64bdfd1749c3768b2a971305d7c1eb63a5e9d103071da13d4fc7b4a040e2dc3a,0fc25ebfca35fea01f7c58013d3d585d40a82514c1db1627517d435d16ecbaa6,lithium-v3-deepseek-v4-flash-direction-v2-explicit-contract
CNINFO-002176-1224880823,2025-12-17,0.4,0.0,0.5,0.5,同时，公司正在全力办理茜坑锂矿投产前的各项准备工作，力争早日投产。,,[],deepseek-v4-flash,7927e178-a918-4327-a12f-d923a1b2855f,64bdfd1749c3768b2a971305d7c1eb63a5e9d103071da13d4fc7b4a040e2dc3a,b87c430546ded3bfd801af865a413051347043a1f9b3f209167fd391c0e1c960,lithium-v3-deepseek-v4-flash-direction-v2-explicit-contract
CNINFO-002240-1224888567,2025-12-20,0.3,0.0,0.5,0.5,"随着全球新能源汽车和储能行业的快速发展，锂产品市场需求持续增长，为 公司提供了巨大的市场空间及发展机会。
公司作为领先的锂盐生产企业，积极拓 展、巩固下游优质客户，持续提升市场竞争力。
公司与中创新航签署《2026-2030 年合作框架协议》，有利于公司锂盐业务的拓展，有利于强化公司与优质客户之 间长期稳定的战略合作伙伴关系，有利于提升公司未来经营的稳定性和可持续 性，增强市场竞争力，符合公司的经营发展战略。",,[],deepseek-v4-flash,4a5b19bb-014a-4b28-9e0d-d8a833407fdd,64bdfd1749c3768b2a971305d7c1eb63a5e9d103071da13d4fc7b4a040e2dc3a,139d52b3fc058a7f2f17d5f8867639aad9fd7bf69ffcf4c7f607a4fcdb6b5198,lithium-v3-deepseek-v4-flash-direction-v2-explicit-contract
CNINFO-002466-1224887213,2025-12-20,0.2,0.0,0.5,0.5,泰利森第三期化学级锂精矿扩产项目 建成投产后，将为公司国内外各锂化工产品生产基地提供持续且充足的原料保障，有助于实现 公司产能与资源的高效匹配，增强产业链上下游的协同效应，有望进一步提高公司的盈利能力。,,[],deepseek-v4-flash,3f4a3b3d-c2c3-42bd-ad58-254522cd6bcf,64bdfd1749c3768b2a971305d7c1eb63a5e9d103071da13d4fc7b4a040e2dc3a,1d95a0f2c887719d09098b028553a1d3da4d7bd888f87d18c35deeca7d86bf53,lithium-v3-deepseek-v4-flash-direction-v2-explicit-contract
GFEX-WR-20251222,2025-12-22,-0.2,0.0,0.3,0.3,碳酸锂仓单总量为16411手，增加900手。,,[],deepseek-v4-flash,a6e0aa21-495c-463e-b512-044561c60fab,64bdfd1749c3768b2a971305d7c1eb63a5e9d103071da13d4fc7b4a040e2dc3a,5d2aacd017c1081b0eb3385bd16c687c2c90203ba8a864245795c819c80b7681,lithium-v3-deepseek-v4-flash-direction-v2-explicit-contract
CNINFO-300390-1224893767,2025-12-23,0.15,0.0,0.35,0.35,子公司被指定为碳酸锂期货交割厂库，可充分利用公司现有资源，提升公司 的规范管理水平，同时有利于公司将现货市场、期货市场、交割厂库三者有机结 合，进一步增强公司的抗风险能力和市场竞争力，提高公司的盈利水平。,,[],deepseek-v4-flash,0b86f03d-a2eb-4b23-8a66-ba8cdecdab71,64bdfd1749c3768b2a971305d7c1eb63a5e9d103071da13d4fc7b4a040e2dc3a,2952047ab1a1f51c89ebef1dae95cd171bcb9c5a6da43bee93121003baf00f6b,lithium-v3-deepseek-v4-flash-direction-v2-explicit-contract
CNINFO-002738-1224893161,2025-12-24,0.2,0.0,0.3,0.3,公司本次申请广期所碳酸锂指定交割厂库有利于公司将现货市场、期货市场和交割 厂库三者有机结合，进一步增强公司抗风险能力和市场竞争力，对公司长期健康、可持 续发展产生积极作用。,,[],deepseek-v4-flash,a932133d-98ce-4607-a4a8-ebb8659461ce,64bdfd1749c3768b2a971305d7c1eb63a5e9d103071da13d4fc7b4a040e2dc3a,be4c167183dff09453e2a9dc93c3736097211a00a4544e20e682a2b9e41da06b,lithium-v3-deepseek-v4-flash-direction-v2-explicit-contract
CNINFO-002176-1224896476,2025-12-25,-0.7,0.0,0.6,0.6,但因近期碳酸锂期货价格持续上涨，导致公司期货账户出现亏损。,,[],deepseek-v4-flash,e5ab784a-7fa1-420c-960a-f9f7600b5fc1,64bdfd1749c3768b2a971305d7c1eb63a5e9d103071da13d4fc7b4a040e2dc3a,dff313d1a757c326e9adb689f548f449b1fbd435446655352e80fc5f7a84488e,lithium-v3-deepseek-v4-flash-direction-v2-explicit-contract
CNINFO-002466-1224904358,2025-12-30,-0.2,0.0,0.6,0.6,叠加该交易完成后，合营公司未来 2031 年至 2060 年增加锂业务配额可能对应的成本具有不确定性，且 Codelco 将获得 SQM 在 智利阿塔卡马盐湖 50%以上的权益，SQM 未来收益变化可能减少，进而影响公司在 SQM 的 投资收益及分红；,,[],deepseek-v4-flash,18589d7f-c4a8-4dbc-a95d-ab596d3646a3,64bdfd1749c3768b2a971305d7c1eb63a5e9d103071da13d4fc7b4a040e2dc3a,71b0ef3a8dbfbaa6f579af120847fc978734fe380ff32ca41dfa2c21470a4ac8,lithium-v3-deepseek-v4-flash-direction-v2-explicit-contract
GFEX-WR-20251230,2025-12-30,-0.2,0.0,0.3,0.3,仓单增加1300手,,[],deepseek-v4-flash,34dc8166-cb9e-4d95-87f6-f2978c6433b8,64bdfd1749c3768b2a971305d7c1eb63a5e9d103071da13d4fc7b4a040e2dc3a,15ecdf70d547cbfb56510658fdfd74eda8faea65441d3729dfdbb2b616ba5d52,lithium-v3-deepseek-v4-flash-direction-v2-explicit-contract
CNINFO-000792-1224910262,2025-12-31,0.3,0.0,0.5,0.5,"五矿盐湖的主要产品为碳酸锂、磷酸锂、氢氧化锂和氯化钾，目前已建成碳 酸锂产能1.5 万吨/年、磷酸锂产能0.2 万吨/年、氢氧化锂产能0.1 万吨/年以及钾 肥产能30 万吨/年。
在生产经营方面，五矿盐湖锂盐产品的收率、质量、成本等 指标在盐湖行业领先。",,[],deepseek-v4-flash,2b5cd4ec-6ab3-426a-b0dd-94decc7fc62d,64bdfd1749c3768b2a971305d7c1eb63a5e9d103071da13d4fc7b4a040e2dc3a,7b9a5ead45fa9dcaa74207e5fcbf577bbfdc458fb932bf574a249335edf29fe8,lithium-v3-deepseek-v4-flash-direction-v2-explicit-contract
CNINFO-000792-1224913914,2025-12-31,0.2,0.0,0.3,0.3,碳酸锂产品价格虽波动较大，但下半年逐步回暖,,[],deepseek-v4-flash,158e4678-61fe-4387-858c-9a4ecef10ca6,64bdfd1749c3768b2a971305d7c1eb63a5e9d103071da13d4fc7b4a040e2dc3a,d8fc2bf99a214a2fdace59d511b91a196fca58f7de24c75047252784a2c06713,lithium-v3-deepseek-v4-flash-direction-v2-explicit-contract
CNINFO-002240-1224910270,2025-12-31,-0.2,0.0,0.5,0.5,"启成矿业控股子公司惠绒矿业拥有木绒 锂矿的采矿权证，木绒锂矿已查明 Li2O 资源量 98.96 万吨，平均品位 1.62%，为 四川地区锂矿品位最高的矿山之一，生产规模为 300 万吨/年，目前正在积极推 进矿山开发建设。
本次交易完成前，标的公司启成矿业及其控股子公司惠绒矿业 的股权结构如下： 随着公司锂盐产能的持续增加，为进一步增强公司锂矿资源的供应保障能力， 持续提升锂矿原料的自给率，公司拟通过全资子公司盛屯锂业与泰宸矿业签署 《股权转让协议》，盛屯锂业以 208,000.00 万元受让泰宸矿业持有的启成矿业 30%股权。",,[],deepseek-v4-flash,0ebf7679-eb51-429d-a195-75da9383ace3,64bdfd1749c3768b2a971305d7c1eb63a5e9d103071da13d4fc7b4a040e2dc3a,17bf4a9e186d85639a109a1e2f44e629c1fbb13cf73b727afcf2bebea0ae3934,lithium-v3-deepseek-v4-flash-direction-v2-explicit-contract
CNINFO-300390-1224913939,2025-12-31,-0.1,0.0,0.2,0.2,因市场变化，公司与甘眉工业园区于 2025 年 12 月 30 日签订了新能源锂电 材料项目投资补充合同，双方同意就项目建设内容及时间作出调整,,[],deepseek-v4-flash,900d6d56-c995-4492-af54-02102f8fbec6,64bdfd1749c3768b2a971305d7c1eb63a5e9d103071da13d4fc7b4a040e2dc3a,2f3f1e553a21659779066dd748af326e47feece546e8626d9716b664829095b8,lithium-v3-deepseek-v4-flash-direction-v2-explicit-contract
GFEX-WR-20260106,2026-01-06,-0.1,0.0,0.2,0.2,仓单增加2860手,,[],deepseek-v4-flash,6b1a9d6e-d2b3-4e3a-931f-622cf3cc142a,64bdfd1749c3768b2a971305d7c1eb63a5e9d103071da13d4fc7b4a040e2dc3a,4308380bedde92a2ec65233417fcdb1543724ea93a2900ad6e349b7e0b231cec,lithium-v3-deepseek-v4-flash-direction-v2-explicit-contract
GFEX-WR-20260107,2026-01-07,-0.1,0.0,0.3,0.3,仓单增加2039手,,[],deepseek-v4-flash,18bcaf13-53ad-4bbe-bc79-0158e9f5a61e,64bdfd1749c3768b2a971305d7c1eb63a5e9d103071da13d4fc7b4a040e2dc3a,97777717a1bc0efdebc63866ccc83f8c5ea682039edc6682d49935b51788e558,lithium-v3-deepseek-v4-flash-direction-v2-explicit-contract
LC-TEXT-0027,2026-01-08,0.4,0.0,0.6,0.6,推动城市公交车电动化替代，继续支持新能源城市公交车及动力电池更新，补贴标准按照《2025年新能源城市公交车及动力电池更新补贴实施细则》（交办运〔2025〕4号）执行。,,[],deepseek-v4-flash,1814182d-40c0-465d-9926-230dbe83eda0,64bdfd1749c3768b2a971305d7c1eb63a5e9d103071da13d4fc7b4a040e2dc3a,cae56ea8b2471de8a69ac32c7587010c76b9ddc2992202ec1b6b57d31fe82745,lithium-v3-deepseek-v4-flash-direction-v2-explicit-contract
LC-TEXT-0028,2026-01-12,-0.2,0.0,0.4,0.4,"推动新能源上网电量全面进入电力市场、通过市场交易形成价格。
坚持责任公平承担，完善适应新能源发展的市场交易和价格机制，推动新能源公平参与市场交易。",,[],deepseek-v4-flash,f57d105f-9b12-47db-9e36-710985386e3a,64bdfd1749c3768b2a971305d7c1eb63a5e9d103071da13d4fc7b4a040e2dc3a,791b288715bc33346e9d9ada8f07e00b5105536a5a7f3d921dfe6d748b65064a,lithium-v3-deepseek-v4-flash-direction-v2-explicit-contract
GFEX-WR-20260113,2026-01-13,-0.2,0.0,0.3,0.3,广期所碳酸锂仓单日报：仓单增加928手,,[],deepseek-v4-flash,bd80ecfd-2cd3-42d0-9232-a31d7055da75,64bdfd1749c3768b2a971305d7c1eb63a5e9d103071da13d4fc7b4a040e2dc3a,a0c1f5b97292d449a694e0dc122b0628519c45f4e7b545e86db02900580ae588,lithium-v3-deepseek-v4-flash-direction-v2-explicit-contract
LC-TEXT-0029,2026-01-16,0.2,0.0,0.3,0.3,2025年国内动力电池装车量769.7GWh 同比增长40.4%,,[],deepseek-v4-flash,a9aa9831-5d33-4915-9f31-0b9ff8f19395,64bdfd1749c3768b2a971305d7c1eb63a5e9d103071da13d4fc7b4a040e2dc3a,47afb42cbe0cd2c552ce682f4912431924fa4a418eabf71db984bd23b47a6fdb,lithium-v3-deepseek-v4-flash-direction-v2-explicit-contract
GFEX-WR-20260121,2026-01-21,-0.2,0.0,0.3,0.3,仓单增加975手,,[],deepseek-v4-flash,0c5ff56f-2d4e-4874-9a4b-923d6cc23eee,64bdfd1749c3768b2a971305d7c1eb63a5e9d103071da13d4fc7b4a040e2dc3a,df44a6ebed0500b49f336f46a777cc4e3db4b81834f90839898a8e9a02df8031,lithium-v3-deepseek-v4-flash-direction-v2-explicit-contract
LC-TEXT-0030,2026-01-22,-0.2,0.0,0.5,0.5,光伏行业2025：全行业亏损下，谁能率先突围？,,[],deepseek-v4-flash,87148542-ad7f-48ba-8c83-e9804dcaab97,64bdfd1749c3768b2a971305d7c1eb63a5e9d103071da13d4fc7b4a040e2dc3a,1be5f1d83dc3399362be9ce8c36d27068d4f7d784b1a0f6a55d0decb251226dc,lithium-v3-deepseek-v4-flash-direction-v2-explicit-contract
LC-TEXT-0031,2026-01-30,0.0,0.0,0.0,0.0,关于完善发电侧容量电价机制的通知,,[],deepseek-v4-flash,3a21e970-54d2-4d62-b7eb-1703a16c7d83,64bdfd1749c3768b2a971305d7c1eb63a5e9d103071da13d4fc7b4a040e2dc3a,315631fd57e61223e3a65f735a7f48ddc94ff4da6d761a37f7caae4deaf3c168,lithium-v3-deepseek-v4-flash-direction-v2-explicit-contract
LC-TEXT-0032,2026-01-30,0.2,0.0,0.3,0.3,锂离子电池储能仍占主导地位，装机占比达96.1%,,[],deepseek-v4-flash,5d198a3f-07a9-4fdc-9b65-1015b37a88e4,64bdfd1749c3768b2a971305d7c1eb63a5e9d103071da13d4fc7b4a040e2dc3a,c5b1c302a4addb572318a7921768213fa53a9be5fbc1ac5504ff9f92ae15e774,lithium-v3-deepseek-v4-flash-direction-v2-explicit-contract
LC-TEXT-0033,2026-01-30,0.1,0.0,0.2,0.2,公司 2025 年度业绩较上年同期实现扭亏为盈,,[],deepseek-v4-flash,c28fabf2-f181-41e3-8cca-66cbc185d4d6,64bdfd1749c3768b2a971305d7c1eb63a5e9d103071da13d4fc7b4a040e2dc3a,d7cc6d5d7ad0b55660c494c96236b4f1baffc2879584313831a67efc125eba90,lithium-v3-deepseek-v4-flash-direction-v2-explicit-contract
GFEX-WR-20260202,2026-02-02,-0.2,0.0,0.3,0.3,仓单增加1610手,,[],deepseek-v4-flash,89ca3ae0-301c-4a2b-9870-4d01dcc80b40,64bdfd1749c3768b2a971305d7c1eb63a5e9d103071da13d4fc7b4a040e2dc3a,6613e693e9604ee7c6ae5f2e0719c94aaf98ff9dc3b3e3397db736af501e1aa6,lithium-v3-deepseek-v4-flash-direction-v2-explicit-contract
GFEX-WR-20260203,2026-02-03,-0.2,0.0,0.3,0.3,仓单增加843手,,[],deepseek-v4-flash,60979a30-3015-4882-aaac-390e5e63dd4f,64bdfd1749c3768b2a971305d7c1eb63a5e9d103071da13d4fc7b4a040e2dc3a,a80ec5178045a9bea539b98b332b56208987ef858926f6a042fc9c00df1cea7f,lithium-v3-deepseek-v4-flash-direction-v2-explicit-contract
GFEX-WR-20260204,2026-02-04,-0.2,0.0,0.3,0.3,仓单增加1030手,,[],deepseek-v4-flash,ee59ee26-ae8f-42d2-a7ed-ba337f04b819,64bdfd1749c3768b2a971305d7c1eb63a5e9d103071da13d4fc7b4a040e2dc3a,5d7314d59649274fb5b701698b64522fb4a404e16fd0ec8366ad8aa19ac8c3f0,lithium-v3-deepseek-v4-flash-direction-v2-explicit-contract
LC-TEXT-0034,2026-02-04,0.3,0.0,0.6,0.6,对报废上述符合条件旧车并购买新能源乘用车的，按新车销售价格（价税合计，下同）的12％给予补贴，补贴金额（向上取整至整元，下同）最高2万元；,,[],deepseek-v4-flash,ffcc1b04-5e3c-4fe8-9d0b-082998a0e6c3,64bdfd1749c3768b2a971305d7c1eb63a5e9d103071da13d4fc7b4a040e2dc3a,fcb05ccd2cdb4c48cce3d4fd7253dbf971585cac3dc4b440616078fe8570a770,lithium-v3-deepseek-v4-flash-direction-v2-explicit-contract
GFEX-WR-20260209,2026-02-09,-0.2,0.0,0.3,0.3,仓单增加820手,,[],deepseek-v4-flash,1737d883-7c86-4acb-a1c4-6ed80d8d87c8,64bdfd1749c3768b2a971305d7c1eb63a5e9d103071da13d4fc7b4a040e2dc3a,178ee892ce3006a9279920d24b210acf92a7619a59864e23ea249428f8c800de,lithium-v3-deepseek-v4-flash-direction-v2-explicit-contract
GFEX-WR-20260210,2026-02-10,-0.1,0.0,0.2,0.2,仓单增加940手,,[],deepseek-v4-flash,b8ab27a5-c82d-4c6d-a790-d0d3c7bb7d8d,64bdfd1749c3768b2a971305d7c1eb63a5e9d103071da13d4fc7b4a040e2dc3a,b8662724042de0a21eb13e6fbe99b752c1c03ace399473ace57479738df200a0,lithium-v3-deepseek-v4-flash-direction-v2-explicit-contract
GFEX-WR-20260212,2026-02-12,-0.1,0.0,0.3,0.3,仓单增加1755手,,[],deepseek-v4-flash,09df3bb1-b680-4ee1-9e51-40df46cc1875,64bdfd1749c3768b2a971305d7c1eb63a5e9d103071da13d4fc7b4a040e2dc3a,8d4e03062729b7a4be30d628e0516e6a7f4b19b47d08bf81f1ca344c79092bcc,lithium-v3-deepseek-v4-flash-direction-v2-explicit-contract
GFEX-WR-20260213,2026-02-13,-0.2,0.0,0.4,0.4,广州期货交易所2026-02-13仓单日报显示，碳酸锂仓单总量为38759手，增加1477手。,,[],deepseek-v4-flash,6b2202c4-7977-402c-9b30-53a8e93beb30,64bdfd1749c3768b2a971305d7c1eb63a5e9d103071da13d4fc7b4a040e2dc3a,e090a12c6247114a935912c9348c84c25d069d62f11e75a37406e0e7cfde279a,lithium-v3-deepseek-v4-flash-direction-v2-explicit-contract
LC-TEXT-0035,2026-03-03,0.0,0.0,0.0,0.0,0.77~0.925元/W，华电8GW光伏组件集采中标候选人公示,,[],deepseek-v4-flash,4fd2f4ad-daf0-48ca-a424-352b626e7621,64bdfd1749c3768b2a971305d7c1eb63a5e9d103071da13d4fc7b4a040e2dc3a,fc2e1a15b4887345f4279bbbd4b7bc5b5f4fe6b506a852df1f6e116967b2e743,lithium-v3-deepseek-v4-flash-direction-v2-explicit-contract
LC-TEXT-0036,2026-03-03,0.1,0.0,0.3,0.3,本次密集开标也印证了国内储能市场的高景气度，同时折射出行业从低价内卷向价值导向、从规模扩张向高质量发展转型的核心趋势。,,[],deepseek-v4-flash,7e1d00f7-fb55-419e-b66f-77212215ee7a,64bdfd1749c3768b2a971305d7c1eb63a5e9d103071da13d4fc7b4a040e2dc3a,bed2bacd4f45ec554a99efeb75f4d0ae4725649c54e626cce9dec3245fbc2b89,lithium-v3-deepseek-v4-flash-direction-v2-explicit-contract
LC-TEXT-0037,2026-03-06,0.2,0.0,0.3,0.3,为加快补齐农村地区公共充换电设施短板，进一步释放新能源汽车消费潜力,,[],deepseek-v4-flash,e9630116-3e38-4310-9418-755b1681b0a7,64bdfd1749c3768b2a971305d7c1eb63a5e9d103071da13d4fc7b4a040e2dc3a,0af97ee1cf1b08753ba756e7862913f54de042fae089324ab57bc18d59e9881c,lithium-v3-deepseek-v4-flash-direction-v2-explicit-contract
LC-TEXT-0038,2026-03-12,0.2,0.0,0.5,0.5,新能源汽车渗透率维持高位 数据显示， 1-2 月新能源汽车累计产销分别完成 173.5 万辆和 171 万辆，其中 2 月新能源汽车新车销量达到汽车新车总销量的 42.4% ， 1-2 月累计渗透率为 41.2% ，尽管 1-2 月新能源汽车销量同比有所下降，但市场渗透率仍保持在较高水平。,,[],deepseek-v4-flash,a80bf52c-6ac4-44b8-a8ac-e5a3ad61c2b1,64bdfd1749c3768b2a971305d7c1eb63a5e9d103071da13d4fc7b4a040e2dc3a,2d194fd7fe2e7921c7e0b85974e95a2b770dc9b5b80229e293564293b66b1be5,lithium-v3-deepseek-v4-flash-direction-v2-explicit-contract
LC-TEXT-0039,2026-03-13,-0.2,0.0,0.3,0.3,2月，国内动力电池装车量26.3GWh，同比下降24.6%。,,[],deepseek-v4-flash,7b705898-6621-4e35-9107-b6c852e62fe1,64bdfd1749c3768b2a971305d7c1eb63a5e9d103071da13d4fc7b4a040e2dc3a,4ed0e6e7fa613b70ba9f717ac555e9a88b9113e55a0ae190694ce43b4f0b4e21,lithium-v3-deepseek-v4-flash-direction-v2-explicit-contract
GFEX-WR-20260319,2026-03-19,-0.2,0.06254147312541472,0.3,0.11363636363636363,仓单减少1029手,仓单减少1029手,"[""LC-BULL-01""]",deepseek-v4-flash,62192440-4b8c-49ff-9630-baed015f5675|10e0269f-1542-45c6-85e5-e5c77d0785a2,64bdfd1749c3768b2a971305d7c1eb63a5e9d103071da13d4fc7b4a040e2dc3a,959a85e075de9df0565919d56a450c1eb37f6ac49a7bef79470ae4d42c40ab61,lithium-v3-deepseek-v4-flash-direction-v2-explicit-contract
LC-TEXT-0040,2026-03-23,0.2,0.0,0.3,0.3,全面推广新能源汽车有序充电，扩大双向充放电（ V2G ）项目规模，丰富车网互动应用场景。,,[],deepseek-v4-flash,a76b96ed-b483-4f61-9bb7-d53d2b250020,64bdfd1749c3768b2a971305d7c1eb63a5e9d103071da13d4fc7b4a040e2dc3a,e45da69780befb1adf699fdf5f95396d04e7381abe21f242c0c9fec5efaee3bc,lithium-v3-deepseek-v4-flash-direction-v2-explicit-contract
GFEX-WR-20260324,2026-03-24,-0.2,0.06,0.3,0.5,广期所碳酸锂仓单日报：仓单减少1459手,仓单减少1459手,"[""LC-BULL-01""]",deepseek-v4-flash,69ecba4b-59c4-4a2d-9a0d-8663d9a81ee5|2aadec6c-1bcf-4c87-a9f2-ad8a9510a369,64bdfd1749c3768b2a971305d7c1eb63a5e9d103071da13d4fc7b4a040e2dc3a,c46a03747f506969a88ab06672de85b1af3d97a64cd963970f3fa9c7eae5c448,lithium-v3-deepseek-v4-flash-direction-v2-explicit-contract
LC-TEXT-0041,2026-03-27,0.1,0.0,0.2,0.2,广东潮州200MW/400MWh独立储能电站EPC中标公示,,[],deepseek-v4-flash,49165523-3ffa-4bd3-a489-b4b52388c1c6,64bdfd1749c3768b2a971305d7c1eb63a5e9d103071da13d4fc7b4a040e2dc3a,331707ce48de5cf4c0223730e4d1d0b75bdc170d79104cd59330ad78a1430360,lithium-v3-deepseek-v4-flash-direction-v2-explicit-contract
GFEX-WR-20260330,2026-03-30,-0.2,0.0,0.3,0.3,仓单增加953手,,[],deepseek-v4-flash,7c46d2c3-cb81-4345-b2d3-c0188c70e702,64bdfd1749c3768b2a971305d7c1eb63a5e9d103071da13d4fc7b4a040e2dc3a,0c7a06a99c066a9b3a2bbcb6931e63cfde6404d9b0a64df6c1753e9e20338cd8,lithium-v3-deepseek-v4-flash-direction-v2-explicit-contract
GFEX-WR-20260331,2026-03-31,-0.2,0.06254147312541472,0.3,0.11363636363636363,碳酸锂仓单总量为11318手，减少19746手,仓单减少19746手,"[""LC-BULL-01""]",deepseek-v4-flash,169c7298-302e-48e9-8ec4-a09649f56ad2|691070c6-bba1-4764-adf7-c7fc5b456e4a,64bdfd1749c3768b2a971305d7c1eb63a5e9d103071da13d4fc7b4a040e2dc3a,680aacf255eac1743b754265096a04047863e89c39b398951df4ba74d55ba5fb,lithium-v3-deepseek-v4-flash-direction-v2-explicit-contract
GFEX-WR-20260401,2026-04-01,-0.2,0.0,0.3,0.3,碳酸锂仓单总量为17658手，增加6340手。,,[],deepseek-v4-flash,f705fec6-bc35-4228-906a-dddacbe98d8a,64bdfd1749c3768b2a971305d7c1eb63a5e9d103071da13d4fc7b4a040e2dc3a,cb729032fc4f30245be5a6fd14427b889614bbb8034ec553e458b62bff1af5a3,lithium-v3-deepseek-v4-flash-direction-v2-explicit-contract
LC-TEXT-0042,2026-04-01,-0.2,0.0,0.3,0.3,"对存货资产，在资产负债表日存货成本高于可变现净值部分，计提了存货
跌价准备；",,[],deepseek-v4-flash,3de22920-74d7-4bba-b313-4dd6b7f38255,64bdfd1749c3768b2a971305d7c1eb63a5e9d103071da13d4fc7b4a040e2dc3a,09a9831f7058e6d0e8dce31155e740c118ba95d763da5781f5c9dc926ae11b51,lithium-v3-deepseek-v4-flash-direction-v2-explicit-contract
GFEX-WR-20260402,2026-04-02,-0.3,0.0,0.4,0.4,仓单增加1580手,,[],deepseek-v4-flash,32f3e820-cace-440b-825b-5dbfe0a1dfab,64bdfd1749c3768b2a971305d7c1eb63a5e9d103071da13d4fc7b4a040e2dc3a,7ef99558817fd03f8721d2c5cb554a98f32ffe3c691978f7f58d132dffdf050b,lithium-v3-deepseek-v4-flash-direction-v2-explicit-contract
GFEX-WR-20260403,2026-04-03,-0.2,0.0,0.3,0.3,仓单增加2000手,,[],deepseek-v4-flash,492ff3a6-c5b9-48f7-9fca-20fac3de1a20,64bdfd1749c3768b2a971305d7c1eb63a5e9d103071da13d4fc7b4a040e2dc3a,532ff6b8131afde6e1edbb019a0979419b6ef5522ed60dcf5c0159ad4e7915c1,lithium-v3-deepseek-v4-flash-direction-v2-explicit-contract
GFEX-WR-20260408,2026-04-08,-0.2,0.0,0.5,0.5,广期所碳酸锂仓单日报：仓单增加2146手,,[],deepseek-v4-flash,3e2bcab7-d0bc-4035-80b8-3285e9fd483e,64bdfd1749c3768b2a971305d7c1eb63a5e9d103071da13d4fc7b4a040e2dc3a,a8f3493779ad8ee68ce855ccc1b716e75b6fc844b0c62188e3bc3cea82702ac8,lithium-v3-deepseek-v4-flash-direction-v2-explicit-contract
LC-TEXT-0043,2026-04-08,0.0,0.0,0.1,0.1,重点监管电网企业接网工程投资建设和回购情况，电源、储能等各类主体接入电网流程和时限执行情况，电网互联项目流程和时限执行情况，公平开放工作制度建立和落实情况，电网企业信息公开和报送情况等。,,[],deepseek-v4-flash,80eaa902-060a-46cf-8e0d-5a12a69d17c8,64bdfd1749c3768b2a971305d7c1eb63a5e9d103071da13d4fc7b4a040e2dc3a,95e813625d909d84deb7b25eec72cd0ce644debc7c14fd14d77641fff52ffe4c,lithium-v3-deepseek-v4-flash-direction-v2-explicit-contract
GFEX-WR-20260409,2026-04-09,-0.2,0.0,0.3,0.3,广期所碳酸锂仓单日报：仓单增加1010手,,[],deepseek-v4-flash,7245e612-1e4a-42af-a90a-43f995d8cf41,64bdfd1749c3768b2a971305d7c1eb63a5e9d103071da13d4fc7b4a040e2dc3a,4b5fefc60a814324bf94662f1f4ff4e5a4f1db4e94ce6ca1db43006491d16b62,lithium-v3-deepseek-v4-flash-direction-v2-explicit-contract
LC-TEXT-0044,2026-04-13,0.2,0.0,0.6,0.6,中车株洲所中标290MW/1160MWh储能系统采购 4月13日，(大唐国际)大唐河北张家口发电厂百万新能源基地290MW/1160MWh配套储能项目磷酸铁锂电池储能系统采购中标结果公示，中车株洲电力机车研究所有限公司中标，中标金额为57540万元，折合单价为0.496元/Wh。,,[],deepseek-v4-flash,8be52de7-0b60-4226-9b21-5b169ad8a0f6,64bdfd1749c3768b2a971305d7c1eb63a5e9d103071da13d4fc7b4a040e2dc3a,351e6497b37740e3b79bb0ca7973a0151d212b4c79a5b6a46640a72ef55d3bad,lithium-v3-deepseek-v4-flash-direction-v2-explicit-contract
LC-TEXT-0045,2026-04-13,0.2,0.0,0.5,0.5,预计新能源乘用车批发销量1730万辆，同比13%。,,[],deepseek-v4-flash,12923f37-51c3-474f-a5f2-a28c3d8b20fa,64bdfd1749c3768b2a971305d7c1eb63a5e9d103071da13d4fc7b4a040e2dc3a,e883b1485eaf233b07ccc741b87de3310fb48b519df6be4141424703bc53604b,lithium-v3-deepseek-v4-flash-direction-v2-explicit-contract
GFEX-WR-20260414,2026-04-14,-0.2,0.0,0.4,0.4,碳酸锂仓单总量为27523手，增加1320手。,,[],deepseek-v4-flash,a7d48d85-39a0-4161-9d10-60166144e969,64bdfd1749c3768b2a971305d7c1eb63a5e9d103071da13d4fc7b4a040e2dc3a,f3b66095635f73abe5de848e6440095b5dd8332f01afd2728117be6be7928d52,lithium-v3-deepseek-v4-flash-direction-v2-explicit-contract
GFEX-WR-20260415,2026-04-15,-0.1,0.0,0.2,0.2,仓单增加860手,,[],deepseek-v4-flash,3320de76-b690-4027-bd6f-9333cc492ea8,64bdfd1749c3768b2a971305d7c1eb63a5e9d103071da13d4fc7b4a040e2dc3a,77e516bdc65c4c8420624f4f663e0eca99512c95606ab9cdb49de7cd69d943d7,lithium-v3-deepseek-v4-flash-direction-v2-explicit-contract
GFEX-WR-20260416,2026-04-16,-0.2,0.0,0.3,0.3,广期所碳酸锂仓单日报：仓单增加1040手,,[],deepseek-v4-flash,38d3ee8e-15af-49dd-a420-5e3e5972fb37,64bdfd1749c3768b2a971305d7c1eb63a5e9d103071da13d4fc7b4a040e2dc3a,29c60ef8faa644a18e13a5a21dddbfd9958ef8c38627ac6b83e217c4bd1b5e92,lithium-v3-deepseek-v4-flash-direction-v2-explicit-contract
LC-TEXT-0046,2026-04-17,0.3,0.0,0.5,0.5,多家研究机构对2026年储能行业发展持积极态度。,,[],deepseek-v4-flash,98a2962a-5b94-4a2d-8b79-57f75c250768,64bdfd1749c3768b2a971305d7c1eb63a5e9d103071da13d4fc7b4a040e2dc3a,a40c62c5c072970edf552a1c06ea7a812e930ddd57e09c52b3e049ebcf596baf,lithium-v3-deepseek-v4-flash-direction-v2-explicit-contract
GFEX-WR-20260421,2026-04-21,-0.2,0.0,0.5,0.5,广期所碳酸锂仓单日报：仓单增加1580手,,[],deepseek-v4-flash,5f839c82-7949-4abd-b736-ae1a526b47c8,64bdfd1749c3768b2a971305d7c1eb63a5e9d103071da13d4fc7b4a040e2dc3a,53f5f2076119c5a2bbf46b615bd83e84f83736b467015936045c44ab8f34f37a,lithium-v3-deepseek-v4-flash-direction-v2-explicit-contract
LC-TEXT-0047,2026-04-21,0.1,0.0,0.3,0.3,江西赣州100MW/200MWh独立储能试点项目EPC中标候选人公示,,[],deepseek-v4-flash,1074441d-175d-42bd-b0fd-9c764151bf54,64bdfd1749c3768b2a971305d7c1eb63a5e9d103071da13d4fc7b4a040e2dc3a,f1ed955aa92f7e3d17f878e3d67fc60bff1507fd472fb0cd9c33292530a4b085,lithium-v3-deepseek-v4-flash-direction-v2-explicit-contract
GFEX-WR-20260424,2026-04-24,-0.2,0.0,0.5,0.5,碳酸锂仓单总量为34298手，增加939手。,,[],deepseek-v4-flash,6a962e39-24ef-4db1-a3b1-13df6677f8a5,64bdfd1749c3768b2a971305d7c1eb63a5e9d103071da13d4fc7b4a040e2dc3a,0d50120f814b998bfad8852813ca808c85c2f41afe178a4210fd783fd5e84f3f,lithium-v3-deepseek-v4-flash-direction-v2-explicit-contract
GFEX-WR-20260427,2026-04-27,-0.2,0.0,0.3,0.3,仓单增加1029手,,[],deepseek-v4-flash,b245b665-1c78-4800-8d9b-a6a9ef29e6dd,64bdfd1749c3768b2a971305d7c1eb63a5e9d103071da13d4fc7b4a040e2dc3a,ded37f19aa2ee04a552f9761b0b149b9d076a7a8906a148eebdd3c76f9e0eeec,lithium-v3-deepseek-v4-flash-direction-v2-explicit-contract
LC-TEXT-0048,2026-04-27,-0.2,0.0,0.3,0.3,"开展规范废旧动力电池回收利用联合执法专项行动。
专项行动将聚焦新能源汽车废旧动力电池回收利用面临的突出问题，依法依规查处一批违法行为。",,[],deepseek-v4-flash,4c1d237b-cf21-4cf2-862e-810b17e8cfa2,64bdfd1749c3768b2a971305d7c1eb63a5e9d103071da13d4fc7b4a040e2dc3a,c3aa0693b9e93d82be7a080d2277e2653ba810e66405d17a89d2a67a901231d6,lithium-v3-deepseek-v4-flash-direction-v2-explicit-contract
LC-TEXT-0049,2026-04-27,-0.2,0.0,0.3,0.3,"2025年度，公司对存货成本高于其可变现净值的存货，计提存货跌价准备
11,260.14万元。",,[],deepseek-v4-flash,c4725925-0d72-45a9-bdef-dbbbab37381c,64bdfd1749c3768b2a971305d7c1eb63a5e9d103071da13d4fc7b4a040e2dc3a,e76a85e1b0ad5d84eb6dc7369f7edee7162da50e82443c2686d0192206289069,lithium-v3-deepseek-v4-flash-direction-v2-explicit-contract
GFEX-WR-20260428,2026-04-28,-0.1,0.0,0.2,0.2,仓单增加1065手,,[],deepseek-v4-flash,c5a0b7ae-d5c5-41c5-8bd5-9dea304b2872,64bdfd1749c3768b2a971305d7c1eb63a5e9d103071da13d4fc7b4a040e2dc3a,482eff6e77002d5bb0ea18778598593057018f27b8545710502256c5dd616e8b,lithium-v3-deepseek-v4-flash-direction-v2-explicit-contract
LC-TEXT-0050,2026-04-28,0.0,0.0,0.4,0.4,,,[],deepseek-v4-flash,d831efb9-ce07-4950-978e-e25db00f54cc,64bdfd1749c3768b2a971305d7c1eb63a5e9d103071da13d4fc7b4a040e2dc3a,86d914d740c1604a4396d650d2a30291f1207689a9b8d241a4070920710e0207,lithium-v3-deepseek-v4-flash-direction-v2-explicit-contract
GFEX-WR-20260430,2026-04-30,-0.2,0.0,0.3,0.3,仓单增加1050手,,[],deepseek-v4-flash,b54d4806-8ceb-41fe-9372-d9a99c61e3b5,64bdfd1749c3768b2a971305d7c1eb63a5e9d103071da13d4fc7b4a040e2dc3a,a60d1ac61c21f2a2e5feaf93a64a8c80a63ba5a6948dcbccf5ef523859c93ee7,lithium-v3-deepseek-v4-flash-direction-v2-explicit-contract
GFEX-WR-20260506,2026-05-06,-0.2,0.0,0.3,0.3,仓单增加1029手,,[],deepseek-v4-flash,127ea9e6-9196-4577-9d1b-30c50963e4c9,64bdfd1749c3768b2a971305d7c1eb63a5e9d103071da13d4fc7b4a040e2dc3a,662f38a476b58b690ddb54c6bcf0273cefdc095919ec67d8cd39df75960cdaf9,lithium-v3-deepseek-v4-flash-direction-v2-explicit-contract
GFEX-WR-20260507,2026-05-07,-0.2,0.0,0.3,0.3,仓单增加3590手,,[],deepseek-v4-flash,3d8de4f9-6ff1-4f6f-be0d-7a1f6d7bcab1,64bdfd1749c3768b2a971305d7c1eb63a5e9d103071da13d4fc7b4a040e2dc3a,4e24f5ac83c4bc0ab521edb092c47f2b7fd9e668c64e0630606a2f9cfbdbf4ef,lithium-v3-deepseek-v4-flash-direction-v2-explicit-contract
GFEX-WR-20260508,2026-05-08,-0.2,0.0,0.3,0.3,广期所碳酸锂仓单日报：仓单增加1299手,,[],deepseek-v4-flash,829c38db-694d-4482-891c-59603d9dc5eb,64bdfd1749c3768b2a971305d7c1eb63a5e9d103071da13d4fc7b4a040e2dc3a,8f1432ecdc736645e66449b6946f035189cbb5866beef324d723fbcca3cbe808,lithium-v3-deepseek-v4-flash-direction-v2-explicit-contract
LC-TEXT-0051,2026-05-09,-0.1,0.0,0.3,0.3,现将许可的《道路机动车辆生产企业及产品》（第406批）以及经商国家税务总局同意的《享受车船税减免优惠的节约能源 使用新能源汽车车型目录》（第八十五批）、《减免车辆购置税的新能源汽车车型目录》（第三十批）予以公告。,,[],deepseek-v4-flash,a999668c-95e9-4b51-9156-e6c412ceafc3,64bdfd1749c3768b2a971305d7c1eb63a5e9d103071da13d4fc7b4a040e2dc3a,a8448701f281243f1a5849bf1c855bb1c90adaf35b520ab19ddac182d74f443e,lithium-v3-deepseek-v4-flash-direction-v2-explicit-contract
GFEX-WR-20260512,2026-05-12,-0.2,0.0,0.4,0.4,仓单增加2074手,,[],deepseek-v4-flash,a22edddf-9e74-48cc-9c01-6b026567680d,64bdfd1749c3768b2a971305d7c1eb63a5e9d103071da13d4fc7b4a040e2dc3a,845e9bd8ffc79cfbe15c5fa19013b51b6617904b7770e6bcee653ad62843812c,lithium-v3-deepseek-v4-flash-direction-v2-explicit-contract
GFEX-WR-20260513,2026-05-13,-0.2,0.0,0.3,0.3,仓单增加1766手,,[],deepseek-v4-flash,7ff5dbb1-f1df-4b1b-889f-40f3f3f98e41,64bdfd1749c3768b2a971305d7c1eb63a5e9d103071da13d4fc7b4a040e2dc3a,1ad6b8d83581fa43786db175c8645e9573bf3b1cf57a670e45c832e86e3ad1c0,lithium-v3-deepseek-v4-flash-direction-v2-explicit-contract
GFEX-WR-20260514,2026-05-14,-0.2,0.0,0.3,0.3,仓单增加1590手,,[],deepseek-v4-flash,fa067687-a842-444a-9fc3-61d86bd08bb6,64bdfd1749c3768b2a971305d7c1eb63a5e9d103071da13d4fc7b4a040e2dc3a,e2cf5df0aa703d7514fdcdfa3f797621bef59a0c8a3b10382d5f10b047e0235f,lithium-v3-deepseek-v4-flash-direction-v2-explicit-contract
GFEX-WR-20260515,2026-05-15,-0.2,0.0,0.3,0.3,仓单增加1329手,,[],deepseek-v4-flash,4d2ada7a-c1b8-46d4-8c22-9f3143baf0e3,64bdfd1749c3768b2a971305d7c1eb63a5e9d103071da13d4fc7b4a040e2dc3a,b074d9f55b7e1c7465545b8218a4fdf9ceeb5de8444bfa8dec853c5336a3af48,lithium-v3-deepseek-v4-flash-direction-v2-explicit-contract
GFEX-WR-20260518,2026-05-18,-0.2,0.0,0.6,0.6,碳酸锂仓单总量为51804手，增加1165手。,,[],deepseek-v4-flash,bc6e9644-de8c-4306-a054-ac5e956126cb,64bdfd1749c3768b2a971305d7c1eb63a5e9d103071da13d4fc7b4a040e2dc3a,2a4aeae3b52f5f79fe7efd3c10d798b5c9ffbabe23b1d1a20a7d1564362f2859,lithium-v3-deepseek-v4-flash-direction-v2-explicit-contract
LC-TEXT-0052,2026-05-18,0.2,0.0,0.3,0.3,目前，正极磷酸铁锂材料、碳酸锂材料、负极材料实现部分自供，其中正极材料达到较高自给率水平；,,[],deepseek-v4-flash,90be7caa-ba13-4503-8222-42e16e652f17,64bdfd1749c3768b2a971305d7c1eb63a5e9d103071da13d4fc7b4a040e2dc3a,051973973c6d267b40519bd6681cd53b974f9d5db152254177ff45ae667ff59c,lithium-v3-deepseek-v4-flash-direction-v2-explicit-contract
GFEX-WR-20260525,2026-05-25,-0.2,0.0625,0.3,0.1136,仓单减少904手,仓单减少904手,"[""LC-BULL-01""]",deepseek-v4-flash,87acdaae-8aa7-498a-a43a-be4ad5236989|c515e6a8-97cc-44f0-bfd7-ffdf7cc3f9f0,64bdfd1749c3768b2a971305d7c1eb63a5e9d103071da13d4fc7b4a040e2dc3a,01c0b28d2dbb871cb466b8fee784a6d5e9b7f57a511d978bcbd44ba5c20d6fd6,lithium-v3-deepseek-v4-flash-direction-v2-explicit-contract
GFEX-WR-20260526,2026-05-26,-0.2,0.0,0.3,0.3,碳酸锂仓单总量为53763手，增加1620手。,,[],deepseek-v4-flash,73947695-50da-4b9b-8311-4aa1606f68e8,64bdfd1749c3768b2a971305d7c1eb63a5e9d103071da13d4fc7b4a040e2dc3a,3a504ce507ed28799cc8afab374cb8b18c788ba0c9de63b5ef84c579d5f7c6a3,lithium-v3-deepseek-v4-flash-direction-v2-explicit-contract
LC-TEXT-0053,2026-05-27,0.0,0.0,0.1,0.1,"投资者在深交所互动易向当升科技提问，问题摘要为“贵公司公告称与辉能科技达成框架协议，但辉能科技官网无任何公告。
基于目前双方在经营账目往来等于零，请问：双方的框架协议有没有具体的执行时间，比如2030、2040”。",,[],deepseek-v4-flash,03d2a56b-e945-41ee-89d6-6e47dbbf6f22,64bdfd1749c3768b2a971305d7c1eb63a5e9d103071da13d4fc7b4a040e2dc3a,c790dffe6f741d580537e8a57614a2d6c49c7c256a0bcbd610658f698b908163,lithium-v3-deepseek-v4-flash-direction-v2-explicit-contract
GFEX-WR-20260601,2026-06-01,-0.1,0.0,0.3,0.3,仓单增加1020手,,[],deepseek-v4-flash,21ca1c56-c903-4ece-ac58-4f7543729d9f,64bdfd1749c3768b2a971305d7c1eb63a5e9d103071da13d4fc7b4a040e2dc3a,294340f9e8a14b3d1d24eaa91f3e4b032ae48c7595862c8d6b9d9f7771d86d0e,lithium-v3-deepseek-v4-flash-direction-v2-explicit-contract
LC-TEXT-0054,2026-06-01,0.1,0.0,0.2,0.2,投资者问答：恩捷股份回应“尊敬的董秘你好，恩捷股份在2026年公布了钠电隔膜，请问这和宁德时代的钠”,,[],deepseek-v4-flash,c89728db-db04-4738-a2c3-dabfceeec763,64bdfd1749c3768b2a971305d7c1eb63a5e9d103071da13d4fc7b4a040e2dc3a,c44702da6e0b8cdfa438172471cb77dd051160e9fd31794caac553f20a8f875f,lithium-v3-deepseek-v4-flash-direction-v2-explicit-contract
GFEX-WR-20260605,2026-06-05,0.1,0.06254147312541472,0.2,0.11363636363636363,仓单减少912手,仓单减少912手,"[""LC-BULL-01""]",deepseek-v4-flash,7012fd97-b870-43f6-9937-cf3ea102fec6|af4660df-2be7-4fbe-8c82-a87f964be6f0,64bdfd1749c3768b2a971305d7c1eb63a5e9d103071da13d4fc7b4a040e2dc3a,3ac5f44f1497440c8b6261634f2fe740ea3e17e777e594eee11f37e121ac8a2a,lithium-v3-deepseek-v4-flash-direction-v2-explicit-contract
LC-TEXT-0055,2026-06-05,0.1,0.0,0.3,0.3,6月23日，国家能源局发布《关于组织推进非公共电网可再生能源发电项目绿证核发的通知》,,[],deepseek-v4-flash,5471d2ac-0f7b-471b-9b6e-696b1d337ce9,64bdfd1749c3768b2a971305d7c1eb63a5e9d103071da13d4fc7b4a040e2dc3a,0305ab5c83cb6133f0e9b44c1ba7d7c49eaa8df13624f524e32264a236de4c01,lithium-v3-deepseek-v4-flash-direction-v2-explicit-contract
LC-TEXT-0056,2026-06-08,0.2,0.0,0.6,0.6,到2027年，全省新型储能装机规模达到800万千瓦以上，带动直接投资超100亿元，产业链协同与技术创新能力稳步增强，锂离子电池储能持续主导,,[],deepseek-v4-flash,f21a1e74-a4f1-4273-85e0-16464bd4982f,64bdfd1749c3768b2a971305d7c1eb63a5e9d103071da13d4fc7b4a040e2dc3a,644086254c8d2b7ba25435711ef3a5ed42adcc0ca03b10b55a371fce9f3db4e0,lithium-v3-deepseek-v4-flash-direction-v2-explicit-contract
LC-TEXT-0057,2026-06-09,-0.2,0.0,0.3,0.3,本次融资估值主要由资本市场融资环境和欣旺达动力自身经营情况双重因素影响，动力电池行业二级市场估值水平较上轮融资时明显下降。,,[],deepseek-v4-flash,a8c3addb-b953-469a-9dc1-f756e698d620,64bdfd1749c3768b2a971305d7c1eb63a5e9d103071da13d4fc7b4a040e2dc3a,b825096924befd0e5d8eee6370677fdeb4eedb5c4c2948ea48809ea708958634,lithium-v3-deepseek-v4-flash-direction-v2-explicit-contract
LC-TEXT-0058,2026-06-09,0.0,0.0,0.1,0.1,"锦浪科技股份有限公司（以下简称“公司”）于 2026 年 5 月 20 日召开第四
届董事会第十八次会议，审议通过了《关于全资项目子公司股权转让涉及 2022
年度向特定对象发行股票募投项目的议案》。
公司全资子公司宁波锦浪智慧能源
有限公司（以下简称“锦浪智慧”）和浙江海速信息技术服务有限公司（以下简
称“浙江海速”，锦浪智慧的全资子公司）拟将其持有的全资项目子公司巨鹿县
泽源新能源科技有限公司（以下简称“巨鹿泽源”）100%股权出让给石家庄正刚
新能源科技有限公司（以下简称“石家庄正刚”），股权转让对价为人民币 425.96
万元，涉及的光伏电站合计装机容量约 1.15MW。",,[],deepseek-v4-flash,e97f36a7-d036-40af-a285-74d4714045ae,64bdfd1749c3768b2a971305d7c1eb63a5e9d103071da13d4fc7b4a040e2dc3a,ed50f9c5d974cb32c3542bef89efd7f4fc76600050b50e1272ae4a556538f22b,lithium-v3-deepseek-v4-flash-direction-v2-explicit-contract
GFEX-WR-20260611,2026-06-11,-0.2,0.0625,0.3,0.75,仓单减少898手,广州期货交易所2026-06-11仓单日报显示，碳酸锂仓单总量为54683手，减少898手。,"[""LC-BULL-01""]",deepseek-v4-flash,24f7f1b8-1a17-4f63-bd15-29f0e365bb5b|f1cb9199-807d-4f2c-9064-2b1c3238a4a4,64bdfd1749c3768b2a971305d7c1eb63a5e9d103071da13d4fc7b4a040e2dc3a,1647aade123acb77aa49865728aacfe18a4477401387803623fbd6463c13748a,lithium-v3-deepseek-v4-flash-direction-v2-explicit-contract
GFEX-WR-20260612,2026-06-12,-0.1,0.06254147312541472,0.3,0.11363636363636363,仓单减少896手,仓单减少896手,"[""LC-BULL-01""]",deepseek-v4-flash,9656facc-b4dc-411b-aaf1-6423073f988e|955bd90b-6b30-42bd-8ea1-205658fc9d74,64bdfd1749c3768b2a971305d7c1eb63a5e9d103071da13d4fc7b4a040e2dc3a,fb848b74460957e3077c8c489d4f06314cb2b4c1fd57d803918c775dc6458ee4,lithium-v3-deepseek-v4-flash-direction-v2-explicit-contract
LC-TEXT-0059,2026-06-15,0.2,0.0,0.3,0.3,总的来说，5月这组数据相当亮眼，单月和累计销量都在增长，头部企业稳中有进，二线厂商各显神通，技术路线的分化也越来越清晰。,,[],deepseek-v4-flash,44e36e20-5fae-436f-b051-8c740be23774,64bdfd1749c3768b2a971305d7c1eb63a5e9d103071da13d4fc7b4a040e2dc3a,4428f715f4d4c65de6c57f613299cafea740da39eaaa363f978a0ed5c4858da3,lithium-v3-deepseek-v4-flash-direction-v2-explicit-contract
LC-TEXT-0060,2026-06-18,0.0,0.0,0.4,0.4,,,[],deepseek-v4-flash,1b585145-655d-485c-9456-90f623c18eb4,64bdfd1749c3768b2a971305d7c1eb63a5e9d103071da13d4fc7b4a040e2dc3a,bb6085054f0d6c9e6382a156c70a0db567e05db837015a8ab7458dfda99ad199,lithium-v3-deepseek-v4-flash-direction-v2-explicit-contract
GFEX-WR-20260622,2026-06-22,-0.1,0.06254147312541472,0.2,0.11363636363636363,碳酸锂仓单总量为50415手，减少1560手。,广期所碳酸锂仓单日报：仓单减少1560手,"[""LC-BULL-01""]",deepseek-v4-flash,bbad1ed7-3f01-4cde-bffa-f6bcfd68781d|8e52fb90-48e3-4efe-925d-2d3568b40612,64bdfd1749c3768b2a971305d7c1eb63a5e9d103071da13d4fc7b4a040e2dc3a,10d4d41e8f7d4cbe034e8f89cf6d454a961d6befa44dc28619799d1d44ef347d,lithium-v3-deepseek-v4-flash-direction-v2-explicit-contract
GFEX-WR-20260624,2026-06-24,-0.2,0.0625,0.3,0.1136,仓单减少1345手,仓单减少1345手,"[""LC-BULL-01""]",deepseek-v4-flash,e4d88306-6997-48af-b4c3-e1b03888ea5d|9007221e-10ee-473f-ba73-a6cd65b01404,64bdfd1749c3768b2a971305d7c1eb63a5e9d103071da13d4fc7b4a040e2dc3a,38b66a93a4009dee938feb0491ad43d3c36016eef3ecd1ea9e7ea859ae942048,lithium-v3-deepseek-v4-flash-direction-v2-explicit-contract
LC-TEXT-0061,2026-06-24,0.2,0.0,0.3,0.3,"随着海外工商储市场需求进一步释放，公司管理层基于当前行业环境及前景
判断，满足未来工商储销售规模增长需要，提前进行产能布局。",,[],deepseek-v4-flash,aa70141c-e5b4-44e0-b9dd-7ceb3ef78f2b,64bdfd1749c3768b2a971305d7c1eb63a5e9d103071da13d4fc7b4a040e2dc3a,42c9f40a87f33138d6bde9ca22f94e43396629dec9cf5ea6c748ca0adbd4c65c,lithium-v3-deepseek-v4-flash-direction-v2-explicit-contract
GFEX-WR-20260706,2026-07-06,-0.2,0.0625,0.3,0.5,仓单减少1498手,广州期货交易所2026-07-06仓单日报显示，碳酸锂仓单总量为46708手，减少1498手。,"[""LC-BULL-01""]",deepseek-v4-flash,76bfe511-08d1-4807-be2d-f0b339cbfb6f|1643e2e8-e038-4166-a7d3-5884f1d49b0d,64bdfd1749c3768b2a971305d7c1eb63a5e9d103071da13d4fc7b4a040e2dc3a,21ec8619e24cdda880a354d4b3562734f81e47da140bde95cdfeab87819c38f9,lithium-v3-deepseek-v4-flash-direction-v2-explicit-contract
GFEX-WR-20260708,2026-07-08,-0.2,0.06254147312541472,0.3,0.051094890510948905,广期所碳酸锂仓单日报：仓单减少2445手,广期所碳酸锂仓单日报：仓单减少2445手,"[""LC-BULL-01""]",deepseek-v4-flash,1f02fcc8-ecfe-44af-b087-048e4ff178a4|b3cd5de1-cfbc-4c49-99dc-541caea4f1d8,64bdfd1749c3768b2a971305d7c1eb63a5e9d103071da13d4fc7b4a040e2dc3a,8c13a3fe4d6bc13c828b9a917658741cf4d023bf942d74727a4cdee92bf47580,lithium-v3-deepseek-v4-flash-direction-v2-explicit-contract
GFEX-WR-20260710,2026-07-10,-0.2,0.0625,0.3,0.5,广期所碳酸锂仓单日报：仓单减少1953手,仓单减少1953手,"[""LC-BULL-01""]",deepseek-v4-flash,38f4dc71-70cf-4231-bf1a-5f1b65eee048|5170c977-a1a3-40bb-ba3b-e322a59999a2,64bdfd1749c3768b2a971305d7c1eb63a5e9d103071da13d4fc7b4a040e2dc3a,556953d12342dcf9e88c0c3fb3e0750a529cc80b642090f3ab617e21a788a112,lithium-v3-deepseek-v4-flash-direction-v2-explicit-contract
GFEX-WR-20260716,2026-07-16,-0.2,0.06254147312541472,0.3,0.54,仓单减少1189手,仓单减少1189手,"[""LC-BULL-01""]",deepseek-v4-flash,98570e0d-04d8-4c6f-96df-d6ef5a787a50|e47a2787-b0dc-4f92-b2f0-a3fa121064ee,64bdfd1749c3768b2a971305d7c1eb63a5e9d103071da13d4fc7b4a040e2dc3a,0cbd409b6ab982e66cdc316e725e7db081ac31d827e5613a24eb436094053547,lithium-v3-deepseek-v4-flash-direction-v2-explicit-contract
GFEX-WR-20260717,2026-07-17,-0.1,0.0625,0.2,0.5,仓单减少886手,仓单减少886手,"[""LC-BULL-01""]",deepseek-v4-flash,04fbb4e3-fd76-418a-8f49-b9aa814c6af7|fe41e7c6-be8e-4a2b-b5c2-05a9bbd06477,64bdfd1749c3768b2a971305d7c1eb63a5e9d103071da13d4fc7b4a040e2dc3a,f3615d84413a1895283c6a959fa410fa946487a73e341d9dac375fcf4ca90c62,lithium-v3-deepseek-v4-flash-direction-v2-explicit-contract
GFEX-WR-20260720,2026-07-20,-0.2,0.0,0.5,0.5,仓单增加1014手,,[],deepseek-v4-flash,98c557b7-59c8-4cd3-aa1b-ac96d43c0407,64bdfd1749c3768b2a971305d7c1eb63a5e9d103071da13d4fc7b4a040e2dc3a,f2b5ad6ca941cfea9a274d5c72a49e335aad05937008172e407a31423860d2e3,lithium-v3-deepseek-v4-flash-direction-v2-explicit-contract
GFEX-WR-20260727,2026-07-27,-0.2,0.06254147312541472,0.3,0.11363636363636363,仓单减少1461手,仓单减少1461手,"[""LC-BULL-01""]",deepseek-v4-flash,8290ed3b-5b70-4a66-b416-666b24f57b15|8f38f260-d5b7-4f84-a301-d99d95ba690f,64bdfd1749c3768b2a971305d7c1eb63a5e9d103071da13d4fc7b4a040e2dc3a,0446da8ca41a953189b5a854d8ba4b47c1a5fbd2fa6198aea6f0ef3e9cda1a80,lithium-v3-deepseek-v4-flash-direction-v2-explicit-contract
GFEX-WR-20260729,2026-07-29,-0.2,0.0,0.3,0.3,仓单增加1037手,,[],deepseek-v4-flash,4f5a3ad1-4c14-42cf-a70e-2f147ba29b8c,64bdfd1749c3768b2a971305d7c1eb63a5e9d103071da13d4fc7b4a040e2dc3a,e9c22f36d924b2a54389b6b8a1ef837bcac4d315466ec1bf0bf4e3a5201caea3,lithium-v3-deepseek-v4-flash-direction-v2-explicit-contract
GFEX-WR-20260731,2026-07-31,-0.3,0.06,0.4,0.6,碳酸锂仓单总量为25042手，减少13939手。,仓单减少13939手,"[""LC-BULL-01""]",deepseek-v4-flash,9c9de32b-57ad-442c-b72c-ba074924221b|365642dd-1c59-4822-9cd9-e4249c5d6f7f,64bdfd1749c3768b2a971305d7c1eb63a5e9d103071da13d4fc7b4a040e2dc3a,7a6d60364fb240bdb1848575adf7c122a4cce856fac4321f372791b6854ab7f0,lithium-v3-deepseek-v4-flash-direction-v2-explicit-contract
GFEX-WR-20260803,2026-08-03,-0.2,0.0,0.3,0.3,仓单增加1510手,,[],deepseek-v4-flash,ee074e56-57cf-4bb4-889c-9fde01e52745,64bdfd1749c3768b2a971305d7c1eb63a5e9d103071da13d4fc7b4a040e2dc3a,204cdd4ecf276c265d260d63d0a68ec06fd60311c3d38498ce9d781539b7aec5,lithium-v3-deepseek-v4-flash-direction-v2-explicit-contract
GFEX-WR-20260804,2026-08-04,-0.2,0.0,0.4,0.4,仓单增加1101手,,[],deepseek-v4-flash,907a6be7-ddac-4fa8-a77e-1abd03e1d9fb,64bdfd1749c3768b2a971305d7c1eb63a5e9d103071da13d4fc7b4a040e2dc3a,4f1492f5dc88699b29703fbb63ce54cdd2712e2e1797666a76ac365082f310f2,lithium-v3-deepseek-v4-flash-direction-v2-explicit-contract
