event_id,stock_code,event_time,entry_trade_date,exit_trade_date_5d,forward_return_5d,exit_trade_date_10d,forward_return_10d,future_info_ok
E006,002594,2024-04-24,2024-04-25,2024-05-06,0.094340,2024-05-13,0.091345,true
E007,601127,2024-04-24,2024-04-25,2024-05-06,0.011933,2024-05-13,-0.057052,true
E008,000625,2024-04-24,2024-04-25,2024-05-06,-0.106032,2024-05-13,-0.124444,true
E009,601633,2024-04-24,2024-04-25,2024-05-06,-0.037505,2024-05-13,-0.040566,true
E010,600104,2024-04-24,2024-04-25,2024-05-06,-0.009662,2024-05-13,-0.023464,true
E011,601012,2026-04-29,2026-04-30,2026-05-11,0.014661,2026-05-18,-0.075137,true
E012,600438,2026-04-30,2026-05-06,2026-05-12,-0.021877,2026-05-19,-0.072539,true
E014,002459,2026-04-29,2026-04-30,2026-05-11,0.031835,2026-05-18,-0.039326,true
E015,688599,2026-04-30,2026-05-06,2026-05-12,0.028977,2026-05-19,-0.019318,true
E016,601012,2024-01-20,2024-01-22,2024-01-26,-0.001832,2024-02-02,-0.143381,true
E017,600438,2024-01-20,2024-01-22,2024-01-26,0.009608,2024-02-02,-0.074460,true
E018,002129,2024-01-20,2024-01-22,2024-01-26,-0.046124,2024-02-02,-0.278027,true
E019,002459,2024-01-20,2024-01-22,2024-01-26,0.002976,2024-02-02,-0.197917,true
E020,688599,2024-01-20,2024-01-22,2024-01-26,-0.067592,2024-02-02,-0.215930,true
E021,300274,2024-01-20,2024-01-22,2024-01-26,-0.015080,2024-02-02,-0.104725,true
E022,300750,2024-02-20,2024-02-21,2024-02-27,0.003245,2024-03-05,0.052423,true
E023,300014,2024-02-20,2024-02-21,2024-02-27,0.059018,2024-03-05,0.113219,true
E024,002074,2024-02-20,2024-02-21,2024-02-27,0.050820,2024-03-05,0.050273,true
E025,300207,2024-02-20,2024-02-21,2024-02-27,0.062693,2024-03-05,0.047214,true
E026,300438,2024-02-20,2024-02-21,2024-02-27,0.098466,2024-03-05,0.074715,true
E027,603659,2024-02-20,2024-02-21,2024-02-27,0.063433,2024-03-05,0.085821,true
E028,300073,2024-02-20,2024-02-21,2024-02-27,0.042620,2024-03-05,0.008461,true
E029,002812,2024-02-20,2024-02-21,2024-02-27,0.076582,2024-03-05,0.047033,true
E030,300450,2024-02-20,2024-02-21,2024-02-27,0.094905,2024-03-05,0.077423,true
E031,002594,2025-01-14,2025-01-15,2025-01-21,0.036257,2025-02-05,0.024245,true
E032,601127,2025-01-14,2025-01-15,2025-01-21,0.006695,2025-02-05,-0.077251,true
E033,000625,2025-01-14,2025-01-15,2025-01-21,-0.006421,2025-02-05,-0.008828,true
E034,601633,2025-01-14,2025-01-15,2025-01-21,-0.041961,2025-02-05,-0.067843,true
E035,600104,2025-01-14,2025-01-15,2025-01-21,0.006583,2025-02-05,0.014961,true
E053,688063,2024-04-02,2024-04-03,2024-04-11,-0.053566,2024-04-18,-0.162396,true
E054,688390,2024-04-02,2024-04-03,2024-04-11,0.008533,2024-04-18,-0.087366,true
E055,300763,2024-04-02,2024-04-03,2024-04-11,-0.038370,2024-04-18,-0.105397,true
E056,605117,2024-04-02,2024-04-03,2024-04-11,-0.123410,2024-04-18,-0.177163,true
E057,002335,2024-04-02,2024-04-03,2024-04-11,-0.037651,2024-04-18,-0.074799,true
E058,300274,2026-04-01,2026-04-02,2026-04-09,-0.058432,2026-04-16,0.018815,true
E059,300750,2026-01-16,2026-01-19,2026-01-23,-0.012973,2026-01-30,-0.004266,true
E060,300014,2026-01-16,2026-01-19,2026-01-23,-0.029896,2026-01-30,-0.073064,true
E061,002074,2026-01-16,2026-01-19,2026-01-23,0.003869,2026-01-30,-0.081499,true
E062,300207,2026-01-16,2026-01-19,2026-01-23,0.012014,2026-01-30,-0.065278,true
E063,300438,2026-01-16,2026-01-19,2026-01-23,-0.057654,2026-01-30,-0.102982,true
E064,603659,2026-01-16,2026-01-19,2026-01-23,0.064712,2026-01-30,-0.017519,true
E065,300073,2026-01-16,2026-01-19,2026-01-23,0.027541,2026-01-30,-0.083266,true
E066,002812,2026-01-16,2026-01-19,2026-01-23,-0.024714,2026-01-30,-0.059572,true
E067,300450,2026-01-16,2026-01-19,2026-01-23,0.052746,2026-01-30,-0.038346,true
E076,300014,2026-03-28,2026-03-30,2026-04-03,-0.156387,2026-04-13,-0.014961,true
E083,601012,2024-03-29,2024-04-01,2024-04-09,0.000513,2024-04-16,-0.074910,true
E084,600438,2024-03-29,2024-04-01,2024-04-09,-0.017098,2024-04-16,-0.068390,true
E085,002129,2024-03-29,2024-04-01,2024-04-09,-0.006009,2024-04-16,-0.117597,true
E086,002459,2024-03-29,2024-04-01,2024-04-09,-0.018846,2024-04-16,-0.133687,true
E087,688599,2024-03-29,2024-04-01,2024-04-09,-0.011623,2024-04-16,-0.095997,true
E088,300274,2024-03-29,2024-04-01,2024-04-09,-0.018279,2024-04-16,-0.049353,true
E089,002074,2026-04-29,2026-04-30,2026-05-11,-0.005867,2026-05-18,-0.037867,true
E090,002202,2025-07-18,2025-07-21,2025-07-25,-0.017172,2025-08-01,-0.030303,true
E091,601615,2025-07-18,2025-07-21,2025-07-25,0.033484,2025-08-01,0.002715,true
E092,300772,2025-07-18,2025-07-21,2025-07-25,0.012608,2025-08-01,0.001576,true
E093,688349,2025-07-18,2025-07-21,2025-07-25,0.042378,2025-08-01,0.066043,true
E094,002080,2025-07-18,2025-07-21,2025-07-25,0.095524,2025-08-01,0.067546,true
E110,300207,2026-04-24,2026-04-27,2026-05-06,0.017160,2026-05-13,-0.036145,true
E111,601012,2024-11-20,2024-11-21,2024-11-27,-0.033193,2024-12-04,-0.055321,true
E112,600438,2024-11-20,2024-11-21,2024-11-27,-0.052281,2024-12-04,-0.057544,true
E113,002129,2024-11-20,2024-11-21,2024-11-27,-0.072581,2024-12-04,-0.085125,true
E114,002459,2024-11-20,2024-11-21,2024-11-27,-0.018879,2024-12-04,-0.063501,true
E115,688599,2024-11-20,2024-11-21,2024-11-27,-0.006153,2024-12-04,-0.008203,true
E116,300274,2024-11-20,2024-11-21,2024-11-27,-0.024691,2024-12-04,-0.046790,true
E118,002594,2025-01-14,2025-01-15,2025-01-21,0.036257,2025-02-05,0.024245,true
E119,601127,2025-01-14,2025-01-15,2025-01-21,0.006695,2025-02-05,-0.077251,true
E120,000625,2025-01-14,2025-01-15,2025-01-21,-0.006421,2025-02-05,-0.008828,true
E121,601633,2025-01-14,2025-01-15,2025-01-21,-0.041961,2025-02-05,-0.067843,true
E122,600104,2025-01-14,2025-01-15,2025-01-21,0.006583,2025-02-05,0.014961,true
E123,300438,2026-04-29,2026-04-30,2026-05-11,0.064504,2026-05-18,0.031348,true
E130,688063,2025-08-27,2025-08-28,2025-09-03,0.129359,2025-09-10,0.143776,true
E131,688390,2025-08-27,2025-08-28,2025-09-03,0.116294,2025-09-10,0.142230,true
E132,300763,2025-08-27,2025-08-28,2025-09-03,0.135735,2025-09-10,0.309054,true
E133,605117,2025-08-27,2025-08-28,2025-09-03,0.108764,2025-09-10,0.166060,true
E134,002335,2025-08-27,2025-08-28,2025-09-03,-0.012288,2025-09-10,0.064992,true
E135,603659,2026-05-21,2026-05-22,2026-05-28,-0.048107,2026-06-04,-0.118560,true
E148,300073,2026-04-16,2026-04-17,2026-04-23,0.017633,2026-04-30,0.102654,true
E156,002812,2026-06-10,2026-06-11,2026-06-17,0.153770,2026-06-25,0.119180,true
E163,300450,2026-03-31,2026-04-01,2026-04-08,0.044133,2026-04-15,0.084347,true
E164,002202,2026-06-13,2026-06-15,2026-06-22,0.065490,2026-06-29,0.009289,true
E165,601615,2026-06-13,2026-06-15,2026-06-22,0.034110,2026-06-29,-0.077371,true
E166,300772,2026-06-13,2026-06-15,2026-06-22,-0.041042,2026-06-29,-0.069455,true
E167,688349,2026-06-13,2026-06-15,2026-06-22,-0.051511,2026-06-29,0.025412,true
E168,002080,2026-06-13,2026-06-15,2026-06-22,0.312169,2026-06-29,0.408341,true
E170,002202,2026-03-28,2026-03-30,2026-04-03,-0.117990,2026-04-13,-0.120903,true
E171,300750,2025-01-17,2025-01-20,2025-01-24,0.022032,2025-02-10,0.013096,true
E172,300014,2025-01-17,2025-01-20,2025-01-24,-0.063174,2025-02-10,-0.033723,true
E173,002074,2025-01-17,2025-01-20,2025-01-24,-0.011396,2025-02-10,0.043685,true
E174,300207,2025-01-17,2025-01-20,2025-01-24,0.022706,2025-02-10,0.088458,true
E175,300438,2025-01-17,2025-01-20,2025-01-24,-0.048825,2025-02-10,0.010279,true
E176,603659,2025-01-17,2025-01-20,2025-01-24,-0.043971,2025-02-10,0.018654,true
E177,300073,2025-01-17,2025-01-20,2025-01-24,-0.017966,2025-02-10,0.054690,true
E178,002812,2025-01-17,2025-01-20,2025-01-24,-0.061602,2025-02-10,-0.017236,true
E179,300450,2025-01-17,2025-01-20,2025-01-24,0.022501,2025-02-10,0.056515,true
E180,002594,2025-01-17,2025-01-20,2025-01-24,0.000218,2025-02-10,0.185864,true
E181,601127,2025-01-17,2025-01-20,2025-01-24,-0.031130,2025-02-10,-0.031352,true
E182,000625,2025-01-17,2025-01-20,2025-01-24,-0.022329,2025-02-10,0.103668,true
E183,601633,2025-01-17,2025-01-20,2025-01-24,-0.039310,2025-02-10,0.003209,true
E184,600104,2025-01-17,2025-01-20,2025-01-24,0.003574,2025-02-10,0.077427,true
E186,601615,2026-04-29,2026-04-30,2026-05-11,0.133779,2026-05-18,0.070234,true
E199,300772,2026-04-25,2026-04-27,2026-05-06,0.030750,2026-05-13,0.038745,true
E200,300750,2026-06-15,2026-06-16,2026-06-23,-0.040036,2026-06-30,-0.038813,true
E201,002594,2026-06-15,2026-06-16,2026-06-23,-0.059214,2026-06-30,-0.117875,true
E203,688349,2026-04-23,2026-04-24,2026-04-30,0.000000,2026-05-12,-0.047872,true
E222,688063,2026-04-01,2026-04-02,2026-04-09,-0.035434,2026-04-16,0.052941,true
E236,300763,2026-06-09,2026-06-10,2026-06-16,0.001938,2026-06-24,-0.052110,true
E273,002335,2026-04-27,2026-04-28,2026-05-07,0.091517,2026-05-14,0.038036,true
E276,002594,2026-04-13,2026-04-14,2026-04-20,-0.000874,2026-04-27,-0.006408,true
E277,601127,2026-04-13,2026-04-14,2026-04-20,-0.009212,2026-04-27,-0.002442,true
E278,000625,2026-04-13,2026-04-14,2026-04-20,-0.008885,2026-04-27,-0.029615,true
E279,601633,2026-04-13,2026-04-14,2026-04-20,-0.035545,2026-04-27,-0.058294,true
E280,600104,2026-04-13,2026-04-14,2026-04-20,-0.016973,2026-04-27,-0.031117,true
E282,601127,2026-03-31,2026-04-01,2026-04-08,-0.019672,2026-04-15,-0.038136,true
E284,000625,2026-03-07,2026-03-09,2026-03-13,0.001852,2026-03-20,-0.037963,true
E286,601633,2026-04-18,2026-04-20,2026-04-24,-0.023576,2026-05-06,-0.039293,true
E287,002594,2025-01-23,2025-01-24,2025-02-07,0.184810,2025-02-14,0.291800,true
E288,601127,2025-01-23,2025-01-24,2025-02-07,0.019045,2025-02-14,-0.062676,true
E289,000625,2025-01-23,2025-01-24,2025-02-07,0.082855,2025-02-14,0.088597,true
E290,601633,2025-01-23,2025-01-24,2025-02-07,0.050314,2025-02-14,0.049057,true
E291,600104,2025-01-23,2025-01-24,2025-02-07,0.110699,2025-02-14,0.128015,true
E298,600104,2026-04-02,2026-04-03,2026-04-10,-0.011872,2026-04-17,-0.027933,true
E299,300750,2024-08-16,2024-08-19,2024-08-23,0.052918,2024-08-30,0.068825,true
E300,300014,2024-08-16,2024-08-19,2024-08-23,-0.121161,2024-08-30,-0.092127,true
E301,002074,2024-08-16,2024-08-19,2024-08-23,-0.012175,2024-08-30,0.027117,true
E302,300207,2024-08-16,2024-08-19,2024-08-23,0.001291,2024-08-30,0.064558,true
E303,300438,2024-08-16,2024-08-19,2024-08-23,0.336105,2024-08-30,0.609857,true
E304,603659,2024-08-16,2024-08-19,2024-08-23,-0.046112,2024-08-30,0.008137,true
E305,300073,2024-08-16,2024-08-19,2024-08-23,0.022418,2024-08-30,0.101801,true
E306,002812,2024-08-16,2024-08-19,2024-08-23,-0.059978,2024-08-30,-0.003702,true
E307,300450,2024-08-16,2024-08-19,2024-08-23,-0.051383,2024-08-30,-0.076416,true
E308,002594,2024-08-16,2024-08-19,2024-08-23,0.017771,2024-08-30,0.061357,true
E309,601127,2024-08-16,2024-08-19,2024-08-23,-0.009912,2024-08-30,-0.058203,true
E310,000625,2024-08-16,2024-08-19,2024-08-23,-0.101080,2024-08-30,-0.093364,true
E311,601633,2024-08-16,2024-08-19,2024-08-23,0.000462,2024-08-30,0.032318,true
E312,600104,2024-08-16,2024-08-19,2024-08-23,-0.010728,2024-08-30,-0.044444,true
