doc_id,publish_time,provenance,fetch_status,original_chars,selected_chars,content_sha256,source_name,url,fetched_at
LC-TEXT-0001,2023-08-15,verified_repository_input:macro_historical_documents.csv,reused_audited_corpus:ok,9371,11632,74817ba908bff30dbd095fdc5dec624495eab89ead55ce2fe2753583d2a4e7b2,国家统计局,https://www.stats.gov.cn/sj/zxfb/202308/t20230815_1941959.html,2026-08-14T18:26:02+08:00
LC-TEXT-0002,2023-09-15,verified_repository_input:macro_historical_documents.csv,reused_audited_corpus:ok,9369,11640,a52100b2d93a45049fe2583e458d47e8249cf02385c9a02e3aeee58d02183fb5,国家统计局,https://www.stats.gov.cn/sj/zxfb/202309/t20230915_1942845.html,2026-08-14T18:26:02+08:00
LC-TEXT-0003,2023-10-18,verified_repository_input:macro_historical_documents.csv,reused_audited_corpus:ok,9361,11622,4be4b0170669f43520bd84d95d8c118320cb3ea918cb3368bf2bec06ab252452,国家统计局,https://www.stats.gov.cn/sj/zxfb/202310/t20231018_1943655.html,2026-08-14T18:26:02+08:00
LC-TEXT-0004,2023-11-15,verified_repository_input:macro_historical_documents.csv,reused_audited_corpus:ok,3795,4739,7a9beb74be3b179759d364f422f6d879c4f13f1283af5b711aaad4023ed73775,国家统计局,https://www.stats.gov.cn/xxgk/sjfb/zxfb2020/202311/t20231115_1944543.html,2026-08-14T18:26:02+08:00
LC-TEXT-0005,2023-12-15,verified_repository_input:macro_historical_documents.csv,reused_audited_corpus:ok,3810,4755,c6ba5dd07be436ff161dfe294e8c5d77043d6f3333e7af38861ebe48a612b234,国家统计局,https://www.stats.gov.cn/xxgk/sjfb/zxfb2020/202312/t20231215_1945587.html,2026-08-14T18:26:02+08:00
GFEX-WR-20231222,2023-12-22,gfex_warehouse_receipt_structured_fact:discovery_abs_change_q75_ge_819,derived_from_audited_official_json,45,45,4324ce868fffd20bbc5c15d8dea87e9a85b4a95801b3df36217421c510f7cb60,广州期货交易所,https://www.gfex.com.cn/gfex/cdrb/hqsj_tjsj.shtml,2026-08-14T18:26:02+08:00
GFEX-WR-20231229,2023-12-29,gfex_warehouse_receipt_structured_fact:discovery_abs_change_q75_ge_819,derived_from_audited_official_json,45,45,6c10688e073b4eebc03b7f2aea5868f28c17eaf5a59a5d5cecc370b5476cf10a,广州期货交易所,https://www.gfex.com.cn/gfex/cdrb/hqsj_tjsj.shtml,2026-08-14T18:26:02+08:00
GFEX-WR-20240105,2024-01-05,gfex_warehouse_receipt_structured_fact:discovery_abs_change_q75_ge_819,derived_from_audited_official_json,47,47,cf6e4e8315ad4c0ed86c8c28bbaf62a64594fe094ed9eeceb73a8ced280b5563,广州期货交易所,https://www.gfex.com.cn/gfex/cdrb/hqsj_tjsj.shtml,2026-08-14T18:26:02+08:00
GFEX-WR-20240112,2024-01-12,gfex_warehouse_receipt_structured_fact:discovery_abs_change_q75_ge_819,derived_from_audited_official_json,47,47,b229df223c838149761f0a502028b6d9155146c2ed8a11329f1663235a17cd4a,广州期货交易所,https://www.gfex.com.cn/gfex/cdrb/hqsj_tjsj.shtml,2026-08-14T18:26:02+08:00
GFEX-WR-20240207,2024-02-07,gfex_warehouse_receipt_structured_fact:discovery_abs_change_q75_ge_819,derived_from_audited_official_json,46,46,2eb48ae5a393d7dca1b7f1dcf6015324f57899732fabf752c84b44f5e4bca249,广州期货交易所,https://www.gfex.com.cn/gfex/cdrb/hqsj_tjsj.shtml,2026-08-14T18:26:02+08:00
LC-TEXT-0006,2024-02-20,verified_repository_input:raw_documents.csv,reused_audited_corpus:ok,158,3075,d30b98eb516fa8c45afd272f0a7920fc395cb44c44e8a2728e6790d1fb32e194,新浪财经,https://cj.sina.com.cn/articles/view/1641561812/61d83ed40270191x4,2026-08-14T18:26:02+08:00
GFEX-WR-20240306,2024-03-06,gfex_warehouse_receipt_structured_fact:discovery_abs_change_q75_ge_819,derived_from_audited_official_json,47,47,660542b559a17162ab568542730a353de42dc527d6fa94154045aebaa093363d,广州期货交易所,https://www.gfex.com.cn/gfex/cdrb/hqsj_tjsj.shtml,2026-08-14T18:26:02+08:00
GFEX-WR-20240325,2024-03-25,gfex_warehouse_receipt_structured_fact:discovery_abs_change_q75_ge_819,derived_from_audited_official_json,46,46,3b320fa61bd6e3987d293914ed4ddf09ee2f1b8754d1f979393ebf68b79c5494,广州期货交易所,https://www.gfex.com.cn/gfex/cdrb/hqsj_tjsj.shtml,2026-08-14T18:26:02+08:00
GFEX-WR-20240328,2024-03-28,gfex_warehouse_receipt_structured_fact:discovery_abs_change_q75_ge_819,derived_from_audited_official_json,47,47,c562decde24a419c7c5c681660b8d880891f9d177629ba09416e804cd442eefd,广州期货交易所,https://www.gfex.com.cn/gfex/cdrb/hqsj_tjsj.shtml,2026-08-14T18:26:02+08:00
GFEX-WR-20240329,2024-03-29,gfex_warehouse_receipt_structured_fact:discovery_abs_change_q75_ge_819,derived_from_audited_official_json,44,44,15aeaac381e15cd5b1728ec055db19794a41355cfb20e78e703cfa8169feaa85,广州期货交易所,https://www.gfex.com.cn/gfex/cdrb/hqsj_tjsj.shtml,2026-08-14T18:26:02+08:00
GFEX-WR-20240401,2024-04-01,gfex_warehouse_receipt_structured_fact:discovery_abs_change_q75_ge_819,derived_from_audited_official_json,46,46,c05754f0b28dd42b0d5fc02bd4f6342902f88712b13dff3104bfb9d965d0b177,广州期货交易所,https://www.gfex.com.cn/gfex/cdrb/hqsj_tjsj.shtml,2026-08-14T18:26:02+08:00
GFEX-WR-20240402,2024-04-02,gfex_warehouse_receipt_structured_fact:discovery_abs_change_q75_ge_819,derived_from_audited_official_json,47,47,21c13a448bbd3ac455ea0090d0c9a79ca9a930387946246f99cbba5e76bea1e5,广州期货交易所,https://www.gfex.com.cn/gfex/cdrb/hqsj_tjsj.shtml,2026-08-14T18:26:02+08:00
LC-TEXT-0007,2024-04-02,verified_repository_input:raw_documents.csv,reused_audited_corpus:ok,96,2778,a94b455a7a8b58449476366a9408bebc6bf365015e952e15944b43b63bbf6f5b,国家能源局,https://zfxxgk.nea.gov.cn/2024-04/02/c_1310771072.htm,2026-08-14T18:26:02+08:00
GFEX-WR-20240403,2024-04-03,gfex_warehouse_receipt_structured_fact:discovery_abs_change_q75_ge_819,derived_from_audited_official_json,47,47,471873a0a4dea768bf2ea75eebb783890702f26f5977d53f75286a321f1c52f3,广州期货交易所,https://www.gfex.com.cn/gfex/cdrb/hqsj_tjsj.shtml,2026-08-14T18:26:02+08:00
GFEX-WR-20240408,2024-04-08,gfex_warehouse_receipt_structured_fact:discovery_abs_change_q75_ge_819,derived_from_audited_official_json,46,46,fcd8d0e45e997e54390e1ab6e18e42ab915ac076df07098e85064511da97c063,广州期货交易所,https://www.gfex.com.cn/gfex/cdrb/hqsj_tjsj.shtml,2026-08-14T18:26:02+08:00
GFEX-WR-20240409,2024-04-09,gfex_warehouse_receipt_structured_fact:discovery_abs_change_q75_ge_819,derived_from_audited_official_json,47,47,66ab51943221cf92943e6026f27c29be46f707420113f1e3a545239d6558cf47,广州期货交易所,https://www.gfex.com.cn/gfex/cdrb/hqsj_tjsj.shtml,2026-08-14T18:26:02+08:00
GFEX-WR-20240411,2024-04-11,gfex_warehouse_receipt_structured_fact:discovery_abs_change_q75_ge_819,derived_from_audited_official_json,47,47,aa6bab045f69dcb4c15d48e78a522af9c442279f161abd91d153fa2da4b9100a,广州期货交易所,https://www.gfex.com.cn/gfex/cdrb/hqsj_tjsj.shtml,2026-08-14T18:26:02+08:00
GFEX-WR-20240416,2024-04-16,gfex_warehouse_receipt_structured_fact:discovery_abs_change_q75_ge_819,derived_from_audited_official_json,47,47,2252dd64877a378e1de9bdc8c1003071d6f9e71cd8c2aa7d4bb3076ccc751b03,广州期货交易所,https://www.gfex.com.cn/gfex/cdrb/hqsj_tjsj.shtml,2026-08-14T18:26:02+08:00
GFEX-WR-20240508,2024-05-08,gfex_warehouse_receipt_structured_fact:discovery_abs_change_q75_ge_819,derived_from_audited_official_json,47,47,de853ccf1da060efc19d898cf19f99480f96896dd0d35194c3cff4b7df986476,广州期货交易所,https://www.gfex.com.cn/gfex/cdrb/hqsj_tjsj.shtml,2026-08-14T18:26:02+08:00
LC-TEXT-0008,2024-05-15,verified_repository_input:raw_documents.csv,reused_audited_corpus:ok,207,3831,cb3892a54a6aeb8524453094a6f0fe9bb6c4e831fa751fc55bb80a6ad49e954f,中国政府网,https://www.gov.cn/zhengce/zhengceku/202405/content_6951174.htm,2026-08-14T18:26:02+08:00
GFEX-WR-20240603,2024-06-03,gfex_warehouse_receipt_structured_fact:discovery_abs_change_q75_ge_819,derived_from_audited_official_json,47,47,2d5c346fb756f9602304cfc77d15833b70eb1afa77e8eb910d18e00597f8e1a3,广州期货交易所,https://www.gfex.com.cn/gfex/cdrb/hqsj_tjsj.shtml,2026-08-14T18:26:02+08:00
GFEX-WR-20240605,2024-06-05,gfex_warehouse_receipt_structured_fact:discovery_abs_change_q75_ge_819,derived_from_audited_official_json,46,46,216acb41af0505c4b0bcf532af0151647009ab0fb2e6bf11dce9ce0288d4c4f7,广州期货交易所,https://www.gfex.com.cn/gfex/cdrb/hqsj_tjsj.shtml,2026-08-14T18:26:02+08:00
GFEX-WR-20240704,2024-07-04,gfex_warehouse_receipt_structured_fact:discovery_abs_change_q75_ge_819,derived_from_audited_official_json,47,47,ae7a1290996ab1151255b3d5205ce70a81178cfda1432cf862a6132f2a8081f4,广州期货交易所,https://www.gfex.com.cn/gfex/cdrb/hqsj_tjsj.shtml,2026-08-14T18:26:02+08:00
GFEX-WR-20240708,2024-07-08,gfex_warehouse_receipt_structured_fact:discovery_abs_change_q75_ge_819,derived_from_audited_official_json,47,47,aa9c5302e07737412b3f5a8e49e809c0f4dd8ebe687f5ffa4a03e89e2d659502,广州期货交易所,https://www.gfex.com.cn/gfex/cdrb/hqsj_tjsj.shtml,2026-08-14T18:26:02+08:00
GFEX-WR-20240717,2024-07-17,gfex_warehouse_receipt_structured_fact:discovery_abs_change_q75_ge_819,derived_from_audited_official_json,47,47,ac5bb0886d474030cc82305982d93561e580434f9266288aa109658a3d193636,广州期货交易所,https://www.gfex.com.cn/gfex/cdrb/hqsj_tjsj.shtml,2026-08-14T18:26:02+08:00
GFEX-WR-20240719,2024-07-19,gfex_warehouse_receipt_structured_fact:discovery_abs_change_q75_ge_819,derived_from_audited_official_json,47,47,457fae865d29179900b38550e76499bed0aeb690bb20e1a2c823f8749b9e577c,广州期货交易所,https://www.gfex.com.cn/gfex/cdrb/hqsj_tjsj.shtml,2026-08-14T18:26:02+08:00
GFEX-WR-20240723,2024-07-23,gfex_warehouse_receipt_structured_fact:discovery_abs_change_q75_ge_819,derived_from_audited_official_json,47,47,bde850c03d0afbc1313a3205a5d79392912831ba198b90cb834a3b18d3cee57e,广州期货交易所,https://www.gfex.com.cn/gfex/cdrb/hqsj_tjsj.shtml,2026-08-14T18:26:02+08:00
GFEX-WR-20240729,2024-07-29,gfex_warehouse_receipt_structured_fact:discovery_abs_change_q75_ge_819,derived_from_audited_official_json,47,47,571e9ffb58d25424cefaadec67ab9a7a550e302f8ead4ae1d872d96d0cb33b45,广州期货交易所,https://www.gfex.com.cn/gfex/cdrb/hqsj_tjsj.shtml,2026-08-14T18:26:02+08:00
GFEX-WR-20240730,2024-07-30,gfex_warehouse_receipt_structured_fact:discovery_abs_change_q75_ge_819,derived_from_audited_official_json,47,47,523e6079591a38650676a833421ed22dff9a7302a6e27911f55c74c136ae9279,广州期货交易所,https://www.gfex.com.cn/gfex/cdrb/hqsj_tjsj.shtml,2026-08-14T18:26:02+08:00
GFEX-WR-20240731,2024-07-31,gfex_warehouse_receipt_structured_fact:discovery_abs_change_q75_ge_819,derived_from_audited_official_json,44,44,1a3a69ebecf70d92bb4ca3bacba0dedfb92a3a527ad5cbdb478ea04dece22244,广州期货交易所,https://www.gfex.com.cn/gfex/cdrb/hqsj_tjsj.shtml,2026-08-14T18:26:02+08:00
GFEX-WR-20240801,2024-08-01,gfex_warehouse_receipt_structured_fact:discovery_abs_change_q75_ge_819,derived_from_audited_official_json,48,48,58830295b916d88959eab14a89304c33fa1433a5300749510c4159f96affd370,广州期货交易所,https://www.gfex.com.cn/gfex/cdrb/hqsj_tjsj.shtml,2026-08-14T18:26:02+08:00
GFEX-WR-20240802,2024-08-02,gfex_warehouse_receipt_structured_fact:discovery_abs_change_q75_ge_819,derived_from_audited_official_json,48,48,12367f48c96070a5f894d8027ab1bcd750da8154b198f3829ac3f92bb9be48ce,广州期货交易所,https://www.gfex.com.cn/gfex/cdrb/hqsj_tjsj.shtml,2026-08-14T18:26:02+08:00
GFEX-WR-20240805,2024-08-05,gfex_warehouse_receipt_structured_fact:discovery_abs_change_q75_ge_819,derived_from_audited_official_json,47,47,29bbde2a4a59010209b9587fe705f6bd5d3d86b9e6d677126a30ab36f77c9be9,广州期货交易所,https://www.gfex.com.cn/gfex/cdrb/hqsj_tjsj.shtml,2026-08-14T18:26:02+08:00
GFEX-WR-20240806,2024-08-06,gfex_warehouse_receipt_structured_fact:discovery_abs_change_q75_ge_819,derived_from_audited_official_json,47,47,cbd57e76fe4ddff3d9eba3dd7d63ab942e3142925cef049ac6a00183db8102a2,广州期货交易所,https://www.gfex.com.cn/gfex/cdrb/hqsj_tjsj.shtml,2026-08-14T18:26:02+08:00
GFEX-WR-20240807,2024-08-07,gfex_warehouse_receipt_structured_fact:discovery_abs_change_q75_ge_819,derived_from_audited_official_json,47,47,0c73a9b42adab17cf315e37ab1a5f2284ab98d96e1c22ec1e33455f5a9d0af7d,广州期货交易所,https://www.gfex.com.cn/gfex/cdrb/hqsj_tjsj.shtml,2026-08-14T18:26:02+08:00
GFEX-WR-20240812,2024-08-12,gfex_warehouse_receipt_structured_fact:discovery_abs_change_q75_ge_819,derived_from_audited_official_json,47,47,a396f586e7c5b8d83e0c386cd1664a4f2a966a09a2d0696427ca29c31248e742,广州期货交易所,https://www.gfex.com.cn/gfex/cdrb/hqsj_tjsj.shtml,2026-08-14T18:26:02+08:00
LC-TEXT-0009,2024-08-16,verified_repository_input:raw_documents.csv,reused_audited_corpus:ok,242,459,8c14a42c95916dd207827450a1ea0d1c7ebd510834338632a6a4e4911c819f40,工业和信息化部,https://wap.miit.gov.cn/jgsj/dzs/gzdt/art/2024/art_46a61eb9ee544ba38364f5576a014b84.html,2026-08-14T18:26:02+08:00
GFEX-WR-20240821,2024-08-21,gfex_warehouse_receipt_structured_fact:discovery_abs_change_q75_ge_819,derived_from_audited_official_json,47,47,532bc006f73b0a15e162aa9d02731d1186e80630026b4de9265776eef4fa0f9c,广州期货交易所,https://www.gfex.com.cn/gfex/cdrb/hqsj_tjsj.shtml,2026-08-14T18:26:02+08:00
GFEX-WR-20240823,2024-08-23,gfex_warehouse_receipt_structured_fact:discovery_abs_change_q75_ge_819,derived_from_audited_official_json,46,46,bb02f3fb6a22b705c6fb2df1e818feb226b365520a013f16ac1b2ece9e85fb5c,广州期货交易所,https://www.gfex.com.cn/gfex/cdrb/hqsj_tjsj.shtml,2026-08-14T18:26:02+08:00
GFEX-WR-20240827,2024-08-27,gfex_warehouse_receipt_structured_fact:discovery_abs_change_q75_ge_819,derived_from_audited_official_json,47,47,838e31bc906e00f7895fa3623afe0c09167c5c8f7430a103733472650addae28,广州期货交易所,https://www.gfex.com.cn/gfex/cdrb/hqsj_tjsj.shtml,2026-08-14T18:26:02+08:00
GFEX-WR-20240830,2024-08-30,gfex_warehouse_receipt_structured_fact:discovery_abs_change_q75_ge_819,derived_from_audited_official_json,47,47,76cb4ee3d3714abb54d400cb21bdde9c9e3158eaa6adb779b06a4f7a1dd1ed83,广州期货交易所,https://www.gfex.com.cn/gfex/cdrb/hqsj_tjsj.shtml,2026-08-14T18:26:02+08:00
GFEX-WR-20240904,2024-09-04,gfex_warehouse_receipt_structured_fact:discovery_abs_change_q75_ge_819,derived_from_audited_official_json,46,46,f1b7cf6282d689176a09c3d66810501fe74ef21cd4035faa7fef92a87e116eef,广州期货交易所,https://www.gfex.com.cn/gfex/cdrb/hqsj_tjsj.shtml,2026-08-14T18:26:02+08:00
GFEX-WR-20240912,2024-09-12,gfex_warehouse_receipt_structured_fact:discovery_abs_change_q75_ge_819,derived_from_audited_official_json,46,46,b88f5077ec7adcb9fea072cc80db372af0e6348f3a622e5ff14a36962c200670,广州期货交易所,https://www.gfex.com.cn/gfex/cdrb/hqsj_tjsj.shtml,2026-08-14T18:26:02+08:00
GFEX-WR-20241008,2024-10-08,gfex_warehouse_receipt_structured_fact:discovery_abs_change_q75_ge_819,derived_from_audited_official_json,47,47,02a4f2038596105bba192080eaa09bbaabf317c15f7f2061d6cddf8768a87311,广州期货交易所,https://www.gfex.com.cn/gfex/cdrb/hqsj_tjsj.shtml,2026-08-14T18:26:02+08:00
GFEX-WR-20241014,2024-10-14,gfex_warehouse_receipt_structured_fact:discovery_abs_change_q75_ge_819,derived_from_audited_official_json,46,46,1198ce12e22ac7dffdeb40f6d4c497b5bfaa274df8c231b1378c37ae4f0566f9,广州期货交易所,https://www.gfex.com.cn/gfex/cdrb/hqsj_tjsj.shtml,2026-08-14T18:26:02+08:00
GFEX-WR-20241021,2024-10-21,gfex_warehouse_receipt_structured_fact:discovery_abs_change_q75_ge_819,derived_from_audited_official_json,46,46,f2e464a11d05cff78f6c5f1ae02239de204c8243f88010e9fca96c3b364923f6,广州期货交易所,https://www.gfex.com.cn/gfex/cdrb/hqsj_tjsj.shtml,2026-08-14T18:26:02+08:00
GFEX-WR-20241104,2024-11-04,gfex_warehouse_receipt_structured_fact:discovery_abs_change_q75_ge_819,derived_from_audited_official_json,47,47,e3b15ebece3816f9c368411f29a7ee7c79ee541d45cbf8efd4acf20ed0a682f3,广州期货交易所,https://www.gfex.com.cn/gfex/cdrb/hqsj_tjsj.shtml,2026-08-14T18:26:02+08:00
GFEX-WR-20241105,2024-11-05,gfex_warehouse_receipt_structured_fact:discovery_abs_change_q75_ge_819,derived_from_audited_official_json,47,47,31ee9c286986cbd7741716149b49ebe70f3c7b85a54f99fbecea8a1ebd00e732,广州期货交易所,https://www.gfex.com.cn/gfex/cdrb/hqsj_tjsj.shtml,2026-08-14T18:26:02+08:00
GFEX-WR-20241111,2024-11-11,gfex_warehouse_receipt_structured_fact:discovery_abs_change_q75_ge_819,derived_from_audited_official_json,47,47,6311371d52fd12400019a5ad05bce0ca47612b8536a34a17226d582b35daf932,广州期货交易所,https://www.gfex.com.cn/gfex/cdrb/hqsj_tjsj.shtml,2026-08-14T18:26:02+08:00
GFEX-WR-20241113,2024-11-13,gfex_warehouse_receipt_structured_fact:discovery_abs_change_q75_ge_819,derived_from_audited_official_json,47,47,374c9e8d5bbe3b093bb13f6cdde4b31d0f98dcbdb30cf88db62997228e17125c,广州期货交易所,https://www.gfex.com.cn/gfex/cdrb/hqsj_tjsj.shtml,2026-08-14T18:26:02+08:00
GFEX-WR-20241118,2024-11-18,gfex_warehouse_receipt_structured_fact:discovery_abs_change_q75_ge_819,derived_from_audited_official_json,47,47,e3a55c86ac09104046c4be42ffcc5eed71316f249df26ffdd251e29a0e0fdcfa,广州期货交易所,https://www.gfex.com.cn/gfex/cdrb/hqsj_tjsj.shtml,2026-08-14T18:26:02+08:00
GFEX-WR-20241127,2024-11-27,gfex_warehouse_receipt_structured_fact:discovery_abs_change_q75_ge_819,derived_from_audited_official_json,47,47,1001ad29acdb3e01f8fe78da649fb8d357eb54e5609fcda9ee382ca7620dc70d,广州期货交易所,https://www.gfex.com.cn/gfex/cdrb/hqsj_tjsj.shtml,2026-08-14T18:26:02+08:00
GFEX-WR-20241129,2024-11-29,gfex_warehouse_receipt_structured_fact:discovery_abs_change_q75_ge_819,derived_from_audited_official_json,48,48,98bd9344a4f8570318030d5e5f1687d258d8d06f141766cd7fee4ee138cd24c1,广州期货交易所,https://www.gfex.com.cn/gfex/cdrb/hqsj_tjsj.shtml,2026-08-14T18:26:02+08:00
GFEX-WR-20241202,2024-12-02,gfex_warehouse_receipt_structured_fact:discovery_abs_change_q75_ge_819,derived_from_audited_official_json,47,47,2719c921c2b6808c4c407f2a08e5ff334810174f3c93b4a4c450f303151a90bc,广州期货交易所,https://www.gfex.com.cn/gfex/cdrb/hqsj_tjsj.shtml,2026-08-14T18:26:02+08:00
GFEX-WR-20241204,2024-12-04,gfex_warehouse_receipt_structured_fact:discovery_abs_change_q75_ge_819,derived_from_audited_official_json,47,47,796b81888f5617640b544ce402efdbef05e462e9e27f2d304d9a3504996e1d32,广州期货交易所,https://www.gfex.com.cn/gfex/cdrb/hqsj_tjsj.shtml,2026-08-14T18:26:02+08:00
GFEX-WR-20241205,2024-12-05,gfex_warehouse_receipt_structured_fact:discovery_abs_change_q75_ge_819,derived_from_audited_official_json,47,47,8323c3e5da85419bc2b93ec42908ec6c2dbab86a67fa5e9058369d937fdb5e80,广州期货交易所,https://www.gfex.com.cn/gfex/cdrb/hqsj_tjsj.shtml,2026-08-14T18:26:02+08:00
GFEX-WR-20241206,2024-12-06,gfex_warehouse_receipt_structured_fact:discovery_abs_change_q75_ge_819,derived_from_audited_official_json,47,47,274e016ce0a1925b743ecde2cf6780cf3cedfc1acd2067d06cad2f9ffed1a2f2,广州期货交易所,https://www.gfex.com.cn/gfex/cdrb/hqsj_tjsj.shtml,2026-08-14T18:26:02+08:00
GFEX-WR-20241209,2024-12-09,gfex_warehouse_receipt_structured_fact:discovery_abs_change_q75_ge_819,derived_from_audited_official_json,47,47,49acd3374a0094b658d24c191e488a2e8b66e5926042474896794003c8f89158,广州期货交易所,https://www.gfex.com.cn/gfex/cdrb/hqsj_tjsj.shtml,2026-08-14T18:26:02+08:00
GFEX-WR-20241210,2024-12-10,gfex_warehouse_receipt_structured_fact:discovery_abs_change_q75_ge_819,derived_from_audited_official_json,47,47,7a02ceb6ab35e22fda2b2b70f3811d465be657e73f6ee465467bd2774e62fae8,广州期货交易所,https://www.gfex.com.cn/gfex/cdrb/hqsj_tjsj.shtml,2026-08-14T18:26:02+08:00
GFEX-WR-20241211,2024-12-11,gfex_warehouse_receipt_structured_fact:discovery_abs_change_q75_ge_819,derived_from_audited_official_json,47,47,4dd07cb6c776177cb1262f44069a923ad36dc75fd20642349e0a740efd4f21d0,广州期货交易所,https://www.gfex.com.cn/gfex/cdrb/hqsj_tjsj.shtml,2026-08-14T18:26:02+08:00
GFEX-WR-20241212,2024-12-12,gfex_warehouse_receipt_structured_fact:discovery_abs_change_q75_ge_819,derived_from_audited_official_json,47,47,038fb300dba18c21719fffe8e6cdd471b813b8b623ddae6807867c51cade3e05,广州期货交易所,https://www.gfex.com.cn/gfex/cdrb/hqsj_tjsj.shtml,2026-08-14T18:26:02+08:00
GFEX-WR-20241217,2024-12-17,gfex_warehouse_receipt_structured_fact:discovery_abs_change_q75_ge_819,derived_from_audited_official_json,47,47,7f48a694bd936b4624d362f53ec0822cc17a821ef2a039e5ff36495ca8d264b3,广州期货交易所,https://www.gfex.com.cn/gfex/cdrb/hqsj_tjsj.shtml,2026-08-14T18:26:02+08:00
GFEX-WR-20241218,2024-12-18,gfex_warehouse_receipt_structured_fact:discovery_abs_change_q75_ge_819,derived_from_audited_official_json,47,47,ce7435c3802d5397e5a50618427a55ed99eef1b61ea83785ff412b806baf7ae5,广州期货交易所,https://www.gfex.com.cn/gfex/cdrb/hqsj_tjsj.shtml,2026-08-14T18:26:02+08:00
GFEX-WR-20241220,2024-12-20,gfex_warehouse_receipt_structured_fact:discovery_abs_change_q75_ge_819,derived_from_audited_official_json,47,47,adf5da32b85ceec31b060f4964103724d0b615c9b11128eba9d47d8a738897d8,广州期货交易所,https://www.gfex.com.cn/gfex/cdrb/hqsj_tjsj.shtml,2026-08-14T18:26:02+08:00
LC-TEXT-0010,2024-12-20,verified_repository_input:raw_documents.csv,reused_audited_corpus:ok,259,2585,7aa279ea53df19a8a9604695236d3154e94e916694527e9c8a3aa5b491378f66,中国政府网,https://www.gov.cn/zhengce/zhengceku/202501/content_6996643.htm,2026-08-14T18:26:02+08:00
GFEX-WR-20241224,2024-12-24,gfex_warehouse_receipt_structured_fact:discovery_abs_change_q75_ge_819,derived_from_audited_official_json,47,47,91e7dedbd79d945d4513cf5056206cf6df6cea142a1e617751b612341552e3d8,广州期货交易所,https://www.gfex.com.cn/gfex/cdrb/hqsj_tjsj.shtml,2026-08-14T18:26:02+08:00
LC-TEXT-0011,2024-12-24,verified_repository_input:raw_documents.csv,reused_audited_corpus:ok,220,739,2359a5ef23e825be2989944f7de5cd23b28c2f81199dde642b92437ad49d9984,工业和信息化部,https://www.miit.gov.cn/zwgk/zcwj/wjfb/gg/art/2024/art_2ca9a4ed31de469d9da26ca70c83a868.html,2026-08-14T18:26:02+08:00
GFEX-WR-20241226,2024-12-26,gfex_warehouse_receipt_structured_fact:discovery_abs_change_q75_ge_819,derived_from_audited_official_json,47,47,6e9d50c410377479361cd2cf5f72b1f9036a3f39bfe751ed91b2b897bd610a29,广州期货交易所,https://www.gfex.com.cn/gfex/cdrb/hqsj_tjsj.shtml,2026-08-14T18:26:02+08:00
LC-TEXT-0012,2024-12-26,verified_repository_input:raw_documents.csv,reused_audited_corpus:ok,135,1319,90f7184e940a7a15e2bd1f0375c376bb6369d3f861db4fe2173b80416b3cae43,中国汽车工业协会,http://www.caam.org.cn/chn/4/cate_30/con_5236607.html,2026-08-14T18:26:02+08:00
GFEX-WR-20241231,2024-12-31,gfex_warehouse_receipt_structured_fact:discovery_abs_change_q75_ge_819,derived_from_audited_official_json,46,46,34574892207a703d84d9517727a89afe1005aee43e626e57dcef1452c48a8c5a,广州期货交易所,https://www.gfex.com.cn/gfex/cdrb/hqsj_tjsj.shtml,2026-08-14T18:26:02+08:00
GFEX-WR-20250102,2025-01-02,gfex_warehouse_receipt_structured_fact:discovery_abs_change_q75_ge_819,derived_from_audited_official_json,46,46,6281df8a73d4a59127be7a6195328f6e71d6e42d2147f6a762129c9a9193a743,广州期货交易所,https://www.gfex.com.cn/gfex/cdrb/hqsj_tjsj.shtml,2026-08-14T18:26:02+08:00
GFEX-WR-20250108,2025-01-08,gfex_warehouse_receipt_structured_fact:discovery_abs_change_q75_ge_819,derived_from_audited_official_json,47,47,fad5f93d6e647dff30866dcc3aa647f50f4565bbdfd889997cc9adddf87ac950,广州期货交易所,https://www.gfex.com.cn/gfex/cdrb/hqsj_tjsj.shtml,2026-08-14T18:26:02+08:00
GFEX-WR-20250110,2025-01-10,gfex_warehouse_receipt_structured_fact:discovery_abs_change_q75_ge_819,derived_from_audited_official_json,47,47,b63e92df86d94a11342f5f7d7ab48a9203d541085a75fddde8058dadd76a66a1,广州期货交易所,https://www.gfex.com.cn/gfex/cdrb/hqsj_tjsj.shtml,2026-08-14T18:26:02+08:00
LC-TEXT-0013,2025-01-14,verified_repository_input:raw_documents.csv,reused_audited_corpus:ok,286,3715,3f3f0862cc68846ddf53d8cd2025a3beab63a3df25d0b7cee7d92443e66cb8a2,上海证券报,https://paper.cnstock.com/html/2025-01/14/content_2018079.htm,2026-08-14T18:26:02+08:00
GFEX-WR-20250116,2025-01-16,gfex_warehouse_receipt_structured_fact:discovery_abs_change_q75_ge_819,derived_from_audited_official_json,47,47,8866a3879d96e999caafb7a8242c5ca111eaf47ed67f09d0178e3d895d8279f5,广州期货交易所,https://www.gfex.com.cn/gfex/cdrb/hqsj_tjsj.shtml,2026-08-14T18:26:02+08:00
LC-TEXT-0014,2025-01-16,verified_repository_input:raw_documents.csv,reused_audited_corpus:ok,260,1379,94053333f3e418830201db613854f341931e83193869c9016569b8bac10be002,腾讯新闻,https://news.qq.com/rain/a/20250116A030UG00,2026-08-14T18:26:02+08:00
LC-TEXT-0015,2025-01-17,verified_repository_input:raw_documents.csv,reused_audited_corpus:ok,260,1582,b50a892557d678ce1c58300e68f47ef45019f869bec4608c65e07b029a6493cf,腾讯新闻,https://news.qq.com/rain/a/20250117A08KVJ00,2026-08-14T18:26:02+08:00
GFEX-WR-20250121,2025-01-21,gfex_warehouse_receipt_structured_fact:discovery_abs_change_q75_ge_819,derived_from_audited_official_json,47,47,48b1e3749a977c5e4ec6b5c2ca50892b8f05f96a62150f918fa5c1baa7ce21de,广州期货交易所,https://www.gfex.com.cn/gfex/cdrb/hqsj_tjsj.shtml,2026-08-14T18:26:02+08:00
GFEX-WR-20250122,2025-01-22,gfex_warehouse_receipt_structured_fact:discovery_abs_change_q75_ge_819,derived_from_audited_official_json,47,47,1bd627a51a0a8e4d67a53715cd1cef8eebc323b0d0875590b7db7b05cb20ef76,广州期货交易所,https://www.gfex.com.cn/gfex/cdrb/hqsj_tjsj.shtml,2026-08-14T18:26:02+08:00
LC-TEXT-0016,2025-01-23,verified_repository_input:raw_documents.csv,reused_audited_corpus:ok,345,8489,8d2d0bab6ca89c987a82c0dec147840def8c3cc582e84c534e10e6fb6dd4c586,腾讯新闻,https://news.qq.com/rain/a/20250123A04X9700,2026-08-14T18:26:02+08:00
GFEX-WR-20250127,2025-01-27,gfex_warehouse_receipt_structured_fact:discovery_abs_change_q75_ge_819,derived_from_audited_official_json,47,47,b9d02858381136ec5ab3da0b610b9982f87f26324eba96b7db322018b379e6f8,广州期货交易所,https://www.gfex.com.cn/gfex/cdrb/hqsj_tjsj.shtml,2026-08-14T18:26:02+08:00
LC-TEXT-0017,2025-02-04,verified_repository_input:raw_documents.csv,reused_audited_corpus:ok,189,2618,958ecddcaeb06dbd82f03d80fa29d5e4c954f789f9678500dc6eb537f09ee85a,东方财富网,https://caifuhao.eastmoney.com/news/20250204221643886792100,2026-08-14T18:26:02+08:00
GFEX-WR-20250210,2025-02-10,gfex_warehouse_receipt_structured_fact:discovery_abs_change_q75_ge_819,derived_from_audited_official_json,46,46,cc08bb0e81401783461bf9d6680e1b5cbd586e6718b96483fc8efd72195b8bc3,广州期货交易所,https://www.gfex.com.cn/gfex/cdrb/hqsj_tjsj.shtml,2026-08-14T18:26:02+08:00
GFEX-WR-20250213,2025-02-13,gfex_warehouse_receipt_structured_fact:discovery_abs_change_q75_ge_819,derived_from_audited_official_json,47,47,eaaa6fbeb085189b478bced79556547e5556806250a85433b654f27b969f390f,广州期货交易所,https://www.gfex.com.cn/gfex/cdrb/hqsj_tjsj.shtml,2026-08-14T18:26:02+08:00
GFEX-WR-20250227,2025-02-27,gfex_warehouse_receipt_structured_fact:discovery_abs_change_q75_ge_819,derived_from_audited_official_json,47,47,ec2e9ba4f112ff00d4c360c2869d1f5acfa7cac8e96e9159744a27fa1df614ff,广州期货交易所,https://www.gfex.com.cn/gfex/cdrb/hqsj_tjsj.shtml,2026-08-14T18:26:02+08:00
GFEX-WR-20250306,2025-03-06,gfex_warehouse_receipt_structured_fact:discovery_abs_change_q75_ge_819,derived_from_audited_official_json,47,47,16e96ae473f0d2b7128beec9514a5d30c8a17a662d7ca1778c495f48f252d1b2,广州期货交易所,https://www.gfex.com.cn/gfex/cdrb/hqsj_tjsj.shtml,2026-08-14T18:26:02+08:00
GFEX-WR-20250307,2025-03-07,gfex_warehouse_receipt_structured_fact:discovery_abs_change_q75_ge_819,derived_from_audited_official_json,47,47,d086f9510237a44fec4dd35e4b81aa4e7b52629b345275f5fb2a29b5ce037b38,广州期货交易所,https://www.gfex.com.cn/gfex/cdrb/hqsj_tjsj.shtml,2026-08-14T18:26:02+08:00
GFEX-WR-20250310,2025-03-10,gfex_warehouse_receipt_structured_fact:discovery_abs_change_q75_ge_819,derived_from_audited_official_json,47,47,c9a7a322094fb30dcdb83a1fbacba91a0bfdd62be7671b37ab390b182082bc9b,广州期货交易所,https://www.gfex.com.cn/gfex/cdrb/hqsj_tjsj.shtml,2026-08-14T18:26:02+08:00
GFEX-WR-20250313,2025-03-13,gfex_warehouse_receipt_structured_fact:discovery_abs_change_q75_ge_819,derived_from_audited_official_json,47,47,6fc6f48cc1c444f54cf237021418808e876caf4f6019b880af0d85c6f4f4fdc6,广州期货交易所,https://www.gfex.com.cn/gfex/cdrb/hqsj_tjsj.shtml,2026-08-14T18:26:02+08:00
GFEX-WR-20250314,2025-03-14,gfex_warehouse_receipt_structured_fact:discovery_abs_change_q75_ge_819,derived_from_audited_official_json,46,46,52c0b3c925cc65f237625b99c550c6a85b75d37029832f1ec4fb2810502ff476,广州期货交易所,https://www.gfex.com.cn/gfex/cdrb/hqsj_tjsj.shtml,2026-08-14T18:26:02+08:00
GFEX-WR-20250319,2025-03-19,gfex_warehouse_receipt_structured_fact:discovery_abs_change_q75_ge_819,derived_from_audited_official_json,46,46,358230cbae73448195d9e9944be6f015ea8471a5b778bb67ff80aa4c328637d3,广州期货交易所,https://www.gfex.com.cn/gfex/cdrb/hqsj_tjsj.shtml,2026-08-14T18:26:02+08:00
GFEX-WR-20250320,2025-03-20,gfex_warehouse_receipt_structured_fact:discovery_abs_change_q75_ge_819,derived_from_audited_official_json,47,47,f87f883859621167b65a00625728d8a07442a6991e3a184ff71ba3319e707e80,广州期货交易所,https://www.gfex.com.cn/gfex/cdrb/hqsj_tjsj.shtml,2026-08-14T18:26:02+08:00
GFEX-WR-20250324,2025-03-24,gfex_warehouse_receipt_structured_fact:discovery_abs_change_q75_ge_819,derived_from_audited_official_json,46,46,8d871359d458d3d03431c992933d8698042d2fc3bf4fc4aa7585075e50efb871,广州期货交易所,https://www.gfex.com.cn/gfex/cdrb/hqsj_tjsj.shtml,2026-08-14T18:26:02+08:00
GFEX-WR-20250331,2025-03-31,gfex_warehouse_receipt_structured_fact:discovery_abs_change_q75_ge_819,derived_from_audited_official_json,48,48,79905a74665a409c3f8b78e762f5f89d992829f9c565854660a1f54df8e6da1c,广州期货交易所,https://www.gfex.com.cn/gfex/cdrb/hqsj_tjsj.shtml,2026-08-14T18:26:02+08:00
GFEX-WR-20250401,2025-04-01,gfex_warehouse_receipt_structured_fact:discovery_abs_change_q75_ge_819,derived_from_audited_official_json,47,47,cf2a27af1be9836330bc1f697e5400fa38ef655e89d72ed091c9c6b7386b2145,广州期货交易所,https://www.gfex.com.cn/gfex/cdrb/hqsj_tjsj.shtml,2026-08-14T18:26:02+08:00
GFEX-WR-20250402,2025-04-02,gfex_warehouse_receipt_structured_fact:discovery_abs_change_q75_ge_819,derived_from_audited_official_json,47,47,b24973c73eae23f3a6d96d142a0fb87beea6d646a5ce607f0c26fb2394a5621a,广州期货交易所,https://www.gfex.com.cn/gfex/cdrb/hqsj_tjsj.shtml,2026-08-14T18:26:02+08:00
GFEX-WR-20250403,2025-04-03,gfex_warehouse_receipt_structured_fact:discovery_abs_change_q75_ge_819,derived_from_audited_official_json,47,47,c112ada5fe1d75e62da0b45786b7b34e31ddd3ef2c0193270c4e6d2fbabdb573,广州期货交易所,https://www.gfex.com.cn/gfex/cdrb/hqsj_tjsj.shtml,2026-08-14T18:26:02+08:00
GFEX-WR-20250407,2025-04-07,gfex_warehouse_receipt_structured_fact:discovery_abs_change_q75_ge_819,derived_from_audited_official_json,47,47,e611df8a601acf3d9be7b2b33153a1f9f0eb24a09fb108923a1369b7b2bc5cbd,广州期货交易所,https://www.gfex.com.cn/gfex/cdrb/hqsj_tjsj.shtml,2026-08-14T18:26:02+08:00
GFEX-WR-20250408,2025-04-08,gfex_warehouse_receipt_structured_fact:discovery_abs_change_q75_ge_819,derived_from_audited_official_json,47,47,d22278be2e332e3b4cdf2cad71a2509d853a7db5793fa17468f37507d123810a,广州期货交易所,https://www.gfex.com.cn/gfex/cdrb/hqsj_tjsj.shtml,2026-08-14T18:26:02+08:00
LC-TEXT-0018,2025-04-12,verified_repository_input:raw_documents.csv,reused_audited_corpus:failed,346,346,b90ed81c52ac97865ddd1ab63ad2b80621064cec3dcd5ec7fe46ed6db16e6a1e,中国证券报,https://epaper.cs.com.cn/zgzqb/html/2025-04/12/nw.D110000zgzqb_20250412_1-A05.htm,2026-08-14T18:26:02+08:00
GFEX-WR-20250421,2025-04-21,gfex_warehouse_receipt_structured_fact:discovery_abs_change_q75_ge_819,derived_from_audited_official_json,46,46,7c0eb38f52daae60fdcec5a54ab8c6849a9b0ee93ae14c6ee70d4f13fa34fcd6,广州期货交易所,https://www.gfex.com.cn/gfex/cdrb/hqsj_tjsj.shtml,2026-08-14T18:26:02+08:00
GFEX-WR-20250422,2025-04-22,gfex_warehouse_receipt_structured_fact:discovery_abs_change_q75_ge_819,derived_from_audited_official_json,46,46,8c49e36a023e474a44e05654dc19f785af64d942af3a86d371fb0cb514f5d6be,广州期货交易所,https://www.gfex.com.cn/gfex/cdrb/hqsj_tjsj.shtml,2026-08-14T18:26:02+08:00
GFEX-WR-20250428,2025-04-28,gfex_warehouse_receipt_structured_fact:discovery_abs_change_q75_ge_819,derived_from_audited_official_json,47,47,2da8802fa67264ed8ed18036baef604e17077ad6c6902852cf016ea01e296b74,广州期货交易所,https://www.gfex.com.cn/gfex/cdrb/hqsj_tjsj.shtml,2026-08-14T18:26:02+08:00
GFEX-WR-20250506,2025-05-06,gfex_warehouse_receipt_structured_fact:discovery_abs_change_q75_ge_819,derived_from_audited_official_json,47,47,6c38287916d5a43ee2f911574d0fcd2ad119db0b4f3402619c1a112879a6f272,广州期货交易所,https://www.gfex.com.cn/gfex/cdrb/hqsj_tjsj.shtml,2026-08-14T18:26:02+08:00
GFEX-WR-20250507,2025-05-07,gfex_warehouse_receipt_structured_fact:discovery_abs_change_q75_ge_819,derived_from_audited_official_json,47,47,05b0fad43709fceca7d12794f70d44fe5ccde58bebd94214cd1be874366d0583,广州期货交易所,https://www.gfex.com.cn/gfex/cdrb/hqsj_tjsj.shtml,2026-08-14T18:26:02+08:00
GFEX-WR-20250527,2025-05-27,gfex_warehouse_receipt_structured_fact:discovery_abs_change_q75_ge_819,derived_from_audited_official_json,46,46,4340d13dd794a8b295e4001957f309a6856c62d8873a5d76431fd16ac7e6e63f,广州期货交易所,https://www.gfex.com.cn/gfex/cdrb/hqsj_tjsj.shtml,2026-08-14T18:26:02+08:00
LC-TEXT-0019,2025-06-13,verified_repository_input:raw_documents.csv,reused_audited_corpus:ok,183,6637,0760b3340e6ee8c2bbe44aea09d9a56528f8c2de8770701dac48cf6b88fcd7d2,中国政府网,https://www.gov.cn/zhengce/zhengceku/202507/content_7030863.htm,2026-08-14T18:26:02+08:00
GFEX-WR-20250618,2025-06-18,gfex_warehouse_receipt_structured_fact:discovery_abs_change_q75_ge_819,derived_from_audited_official_json,47,47,03901b450595a076729e644c5fd1e081ba8ac33e5dc4151fb0dd912f491fcd09,广州期货交易所,https://www.gfex.com.cn/gfex/cdrb/hqsj_tjsj.shtml,2026-08-14T18:26:02+08:00
GFEX-WR-20250620,2025-06-20,gfex_warehouse_receipt_structured_fact:discovery_abs_change_q75_ge_819,derived_from_audited_official_json,47,47,63a0ea0f8dfdeae118438b59fe638590810b67ccb9194ddbb77bc98b3e492ce1,广州期货交易所,https://www.gfex.com.cn/gfex/cdrb/hqsj_tjsj.shtml,2026-08-14T18:26:02+08:00
GFEX-WR-20250623,2025-06-23,gfex_warehouse_receipt_structured_fact:discovery_abs_change_q75_ge_819,derived_from_audited_official_json,47,47,2ac7fbd016cf7a7b7e3dd9147583c9afd6d553e3a47f2aa93eb5c51d77b3529a,广州期货交易所,https://www.gfex.com.cn/gfex/cdrb/hqsj_tjsj.shtml,2026-08-14T18:26:02+08:00
GFEX-WR-20250624,2025-06-24,gfex_warehouse_receipt_structured_fact:discovery_abs_change_q75_ge_819,derived_from_audited_official_json,47,47,5e3b3d63be52dfb069bfa21706ddc8a7a4a0633caba01c094e5774ff6ef95ac9,广州期货交易所,https://www.gfex.com.cn/gfex/cdrb/hqsj_tjsj.shtml,2026-08-14T18:26:02+08:00
GFEX-WR-20250704,2025-07-04,gfex_warehouse_receipt_structured_fact:discovery_abs_change_q75_ge_819,derived_from_audited_official_json,47,47,93d633750335f40dcd237791caf2f2109ff614935f37ca91e2edcef72ad4f004,广州期货交易所,https://www.gfex.com.cn/gfex/cdrb/hqsj_tjsj.shtml,2026-08-14T18:26:02+08:00
GFEX-WR-20250707,2025-07-07,gfex_warehouse_receipt_structured_fact:discovery_abs_change_q75_ge_819,derived_from_audited_official_json,47,47,76ea47c50f98da9a02223305bccf3a6539ed9f15b3e3ae6caa98b8b3dc804dc8,广州期货交易所,https://www.gfex.com.cn/gfex/cdrb/hqsj_tjsj.shtml,2026-08-14T18:26:02+08:00
GFEX-WR-20250708,2025-07-08,gfex_warehouse_receipt_structured_fact:discovery_abs_change_q75_ge_819,derived_from_audited_official_json,47,47,1587157212e5096e1ef282930ffcc511c1d12f6fb31edeca08a58bb3f9b28ef0,广州期货交易所,https://www.gfex.com.cn/gfex/cdrb/hqsj_tjsj.shtml,2026-08-14T18:26:02+08:00
GFEX-WR-20250711,2025-07-11,gfex_warehouse_receipt_structured_fact:discovery_abs_change_q75_ge_819,derived_from_audited_official_json,47,47,ac57a70660775c06f160be0118040e561ec426d949f366cdebd4c7c7f3dc0c34,广州期货交易所,https://www.gfex.com.cn/gfex/cdrb/hqsj_tjsj.shtml,2026-08-14T18:26:02+08:00
GFEX-WR-20250724,2025-07-24,gfex_warehouse_receipt_structured_fact:discovery_abs_change_q75_ge_819,derived_from_audited_official_json,46,46,ef4ffcc8b04d678101a320dbb80b4acd98ae24e979a3c0f41bd0329230c6e569,广州期货交易所,https://www.gfex.com.cn/gfex/cdrb/hqsj_tjsj.shtml,2026-08-14T18:26:02+08:00
GFEX-WR-20250730,2025-07-30,gfex_warehouse_receipt_structured_fact:discovery_abs_change_q75_ge_819,derived_from_audited_official_json,46,46,81b6d4be37d33d08c2bf697651395a71cba46acd662818cf777ef78400cf1a90,广州期货交易所,https://www.gfex.com.cn/gfex/cdrb/hqsj_tjsj.shtml,2026-08-14T18:26:02+08:00
GFEX-WR-20250731,2025-07-31,gfex_warehouse_receipt_structured_fact:discovery_abs_change_q75_ge_819,derived_from_audited_official_json,46,46,3aef4e62f8152f7449acb52b038c04fca6041455256b601d2178c0f3d8dda749,广州期货交易所,https://www.gfex.com.cn/gfex/cdrb/hqsj_tjsj.shtml,2026-08-14T18:26:02+08:00
GFEX-WR-20250801,2025-08-01,gfex_warehouse_receipt_structured_fact:discovery_abs_change_q75_ge_819,derived_from_audited_official_json,46,46,8fd47eb14500b63d44d29ce99cf030e488bcd002eba6c1a40c1f8cf342803ec9,广州期货交易所,https://www.gfex.com.cn/gfex/cdrb/hqsj_tjsj.shtml,2026-08-14T18:26:02+08:00
GFEX-WR-20250804,2025-08-04,gfex_warehouse_receipt_structured_fact:discovery_abs_change_q75_ge_819,derived_from_audited_official_json,47,47,47d10f05a8074b3c7dd3cbf8199ad5abc5aa0f9ae928fc11f90cbb2d8ebfdc04,广州期货交易所,https://www.gfex.com.cn/gfex/cdrb/hqsj_tjsj.shtml,2026-08-14T18:26:02+08:00
GFEX-WR-20250805,2025-08-05,gfex_warehouse_receipt_structured_fact:discovery_abs_change_q75_ge_819,derived_from_audited_official_json,47,47,4907f65522fbac9c13fd52bf33d209f12bf09394fc6e3fc7273ef894089ac3a2,广州期货交易所,https://www.gfex.com.cn/gfex/cdrb/hqsj_tjsj.shtml,2026-08-14T18:26:02+08:00
GFEX-WR-20250807,2025-08-07,gfex_warehouse_receipt_structured_fact:discovery_abs_change_q75_ge_819,derived_from_audited_official_json,47,47,123b5b2eed5ceb954d114fe73b1fe95979977e922464465e0e6efa7e3948c933,广州期货交易所,https://www.gfex.com.cn/gfex/cdrb/hqsj_tjsj.shtml,2026-08-14T18:26:02+08:00
GFEX-WR-20250808,2025-08-08,gfex_warehouse_receipt_structured_fact:discovery_abs_change_q75_ge_819,derived_from_audited_official_json,47,47,cb81d5db489609d62981858d9ee09c4f305b75bf7047fa8a7c8007fb49667005,广州期货交易所,https://www.gfex.com.cn/gfex/cdrb/hqsj_tjsj.shtml,2026-08-14T18:26:02+08:00
GFEX-WR-20250812,2025-08-12,gfex_warehouse_receipt_structured_fact:discovery_abs_change_q75_ge_819,derived_from_audited_official_json,47,47,0bad80239423b024f0654caf653da23aee2282efd7158592c34b08718d13bde7,广州期货交易所,https://www.gfex.com.cn/gfex/cdrb/hqsj_tjsj.shtml,2026-08-14T18:26:02+08:00
GFEX-WR-20250813,2025-08-13,gfex_warehouse_receipt_structured_fact:discovery_abs_change_q75_ge_819,derived_from_audited_official_json,46,46,7e8d1eb225c871a9dc60ce8542df4fe30efb5fb2c082dec9789b5ba57dc350c6,广州期货交易所,https://www.gfex.com.cn/gfex/cdrb/hqsj_tjsj.shtml,2026-08-14T18:26:02+08:00
GFEX-WR-20250815,2025-08-15,gfex_warehouse_receipt_structured_fact:discovery_abs_change_q75_ge_819,derived_from_audited_official_json,47,47,4f1cddd528ad877792d62fe8d6c4ae9581e81530d62d89dd84fe9e3c9f6f5924,广州期货交易所,https://www.gfex.com.cn/gfex/cdrb/hqsj_tjsj.shtml,2026-08-14T18:26:02+08:00
GFEX-WR-20250826,2025-08-26,gfex_warehouse_receipt_structured_fact:discovery_abs_change_q75_ge_819,derived_from_audited_official_json,47,47,1f732c56b990a885c9bbd0af226b529b802936da3da5e308a9a22c098e1697d4,广州期货交易所,https://www.gfex.com.cn/gfex/cdrb/hqsj_tjsj.shtml,2026-08-14T18:26:02+08:00
LC-TEXT-0020,2025-08-27,verified_repository_input:raw_documents.csv,reused_audited_corpus:ok,96,536,3ac84e07ad8c97e28c0177d3a7f25fdbc703261ee4ab5f3bc1af0ff47459f466,国家能源局,https://www.nea.gov.cn/20250912/73455a1a61b248d4aef65cc124631398/c.html,2026-08-14T18:26:02+08:00
LC-TEXT-0021,2025-08-27,verified_repository_input:raw_documents.csv,reused_audited_corpus:ok,169,1807,dd8b6a211b60f7b203395ff946b08da344f035e4eaa5a7ad2df3158d0ea78099,中国政府网,https://www.gov.cn/zhengce/zhengceku/202509/content_7040296.htm,2026-08-14T18:26:02+08:00
GFEX-WR-20250828,2025-08-28,gfex_warehouse_receipt_structured_fact:discovery_abs_change_q75_ge_819,derived_from_audited_official_json,47,47,45c48e6ec3fc9d14acd6b87c38c08f1f6a9baf4681b6eb8fc5cd7d5671031af8,广州期货交易所,https://www.gfex.com.cn/gfex/cdrb/hqsj_tjsj.shtml,2026-08-14T18:26:02+08:00
GFEX-WR-20250829,2025-08-29,gfex_warehouse_receipt_structured_fact:discovery_abs_change_q75_ge_819,derived_from_audited_official_json,46,46,175bddcfc3227eb9a317cfa948caacef0c10b611a13e1c4beab2ecd0321ed81c,广州期货交易所,https://www.gfex.com.cn/gfex/cdrb/hqsj_tjsj.shtml,2026-08-14T18:26:02+08:00
GFEX-WR-20250901,2025-09-01,gfex_warehouse_receipt_structured_fact:discovery_abs_change_q75_ge_819,derived_from_audited_official_json,47,47,fc34b93a833907e362fa1541b37dfa13497263b3b7cf5577a75a58ca7f61c282,广州期货交易所,https://www.gfex.com.cn/gfex/cdrb/hqsj_tjsj.shtml,2026-08-14T18:26:02+08:00
GFEX-WR-20250903,2025-09-03,gfex_warehouse_receipt_structured_fact:discovery_abs_change_q75_ge_819,derived_from_audited_official_json,47,47,169a85bec6e5bc2e67434a930b6c2f95f295dfb74f4f404e97330fc89359e6ef,广州期货交易所,https://www.gfex.com.cn/gfex/cdrb/hqsj_tjsj.shtml,2026-08-14T18:26:02+08:00
GFEX-WR-20250904,2025-09-04,gfex_warehouse_receipt_structured_fact:discovery_abs_change_q75_ge_819,derived_from_audited_official_json,46,46,542ee607edcf4cc0455544883b4ab0999dbb6deb84cc64b455ce8a5c13eb8509,广州期货交易所,https://www.gfex.com.cn/gfex/cdrb/hqsj_tjsj.shtml,2026-08-14T18:26:02+08:00
GFEX-WR-20250905,2025-09-05,gfex_warehouse_receipt_structured_fact:discovery_abs_change_q75_ge_819,derived_from_audited_official_json,47,47,b06dc73e035d0584a076b12301871624842810e1116ff54c565ded413214b803,广州期货交易所,https://www.gfex.com.cn/gfex/cdrb/hqsj_tjsj.shtml,2026-08-14T18:26:02+08:00
GFEX-WR-20250908,2025-09-08,gfex_warehouse_receipt_structured_fact:discovery_abs_change_q75_ge_819,derived_from_audited_official_json,46,46,9413472d6598a5812aa8d5d809d8f1f8b5ab92bc23956963db3733c9c1e05483,广州期货交易所,https://www.gfex.com.cn/gfex/cdrb/hqsj_tjsj.shtml,2026-08-14T18:26:02+08:00
LC-TEXT-0022,2025-09-22,verified_repository_input:raw_documents.csv,reused_audited_corpus:ok,183,3851,6024ec21309d1831801ac34b22794d86dabd48c9b4d928af3d716aee2706969e,中国政府网,https://www.gov.cn/zhengce/zhengceku/202510/content_7053638.htm,2026-08-14T18:26:02+08:00
LC-TEXT-0023,2025-10-09,verified_repository_input:raw_documents.csv,reused_audited_corpus:ok,291,1624,e7ab8dd59b3d886959949b27d6cee3ca1cf7b583576213e26720302a89985452,工业和信息化部,https://www.miit.gov.cn/zwgk/zcwj/wjfb/gg/art/2025/art_cc2e2f43c220460f96b57405b49bae7c.html,2026-08-14T18:26:02+08:00
GFEX-WR-20251013,2025-10-13,gfex_warehouse_receipt_structured_fact:discovery_abs_change_q75_ge_819,derived_from_audited_official_json,47,47,0c436351a6f2210ce1e6d8654ba2d2b757b42a4ca3e0ef0d52d38985d9638b52,广州期货交易所,https://www.gfex.com.cn/gfex/cdrb/hqsj_tjsj.shtml,2026-08-14T18:26:02+08:00
GFEX-WR-20251014,2025-10-14,gfex_warehouse_receipt_structured_fact:discovery_abs_change_q75_ge_819,derived_from_audited_official_json,47,47,446487fa8fde2055e240270246c859c0024c25d630b12bea67a1a4683e4909c7,广州期货交易所,https://www.gfex.com.cn/gfex/cdrb/hqsj_tjsj.shtml,2026-08-14T18:26:02+08:00
GFEX-WR-20251015,2025-10-15,gfex_warehouse_receipt_structured_fact:discovery_abs_change_q75_ge_819,derived_from_audited_official_json,47,47,cdf144a7441feecab3fd34dbaf30e618c5869ee187e280143f418e18a3275347,广州期货交易所,https://www.gfex.com.cn/gfex/cdrb/hqsj_tjsj.shtml,2026-08-14T18:26:02+08:00
GFEX-WR-20251016,2025-10-16,gfex_warehouse_receipt_structured_fact:discovery_abs_change_q75_ge_819,derived_from_audited_official_json,47,47,ab1c411c7a77c96ffe8c35e78e1c2db3c36640ff905a557fcee334641428ef56,广州期货交易所,https://www.gfex.com.cn/gfex/cdrb/hqsj_tjsj.shtml,2026-08-14T18:26:02+08:00
GFEX-WR-20251022,2025-10-22,gfex_warehouse_receipt_structured_fact:discovery_abs_change_q75_ge_819,derived_from_audited_official_json,46,46,7e073c92f46b6ea20b6b0477e209217c752e797c3b8e1069eb5d8984d4fdc3bd,广州期货交易所,https://www.gfex.com.cn/gfex/cdrb/hqsj_tjsj.shtml,2026-08-14T18:26:02+08:00
GFEX-WR-20251027,2025-10-27,gfex_warehouse_receipt_structured_fact:discovery_abs_change_q75_ge_819,derived_from_audited_official_json,46,46,cd6fc045106e718f0edd4dbef5f620b6bf070b30ab3863a13f598e6d9eaaadf8,广州期货交易所,https://www.gfex.com.cn/gfex/cdrb/hqsj_tjsj.shtml,2026-08-14T18:26:02+08:00
GFEX-WR-20251107,2025-11-07,gfex_warehouse_receipt_structured_fact:discovery_abs_change_q75_ge_819,derived_from_audited_official_json,46,46,97895548feaacbd7c12b0f6210a8bcc714604ed117e1bf38c5b2a9bc6e4508be,广州期货交易所,https://www.gfex.com.cn/gfex/cdrb/hqsj_tjsj.shtml,2026-08-14T18:26:02+08:00
GFEX-WR-20251128,2025-11-28,gfex_warehouse_receipt_structured_fact:discovery_abs_change_q75_ge_819,derived_from_audited_official_json,47,47,deb5292bf7b8e25f4266878db9d0f0a87a06f443b64c1bbb5f433f3c9fcbcbca,广州期货交易所,https://www.gfex.com.cn/gfex/cdrb/hqsj_tjsj.shtml,2026-08-14T18:26:02+08:00
GFEX-WR-20251201,2025-12-01,gfex_warehouse_receipt_structured_fact:discovery_abs_change_q75_ge_819,derived_from_audited_official_json,46,46,3c38222021014f747eef85ef84ba91a8ff7288aa2502f1a69bcdc54a745803b8,广州期货交易所,https://www.gfex.com.cn/gfex/cdrb/hqsj_tjsj.shtml,2026-08-14T18:26:02+08:00
LC-TEXT-0024,2025-12-02,verified_repository_input:raw_documents.csv,reused_audited_corpus:ok,179,3434,90fda32386262e29c5bcec3e9fb124304857f5fc7e6755fd44f3105f80560240,证券日报,http://www.zqrb.cn/gscy/gongsi/2025-12-02/A1764664492934.html,2026-08-14T18:26:02+08:00
GFEX-WR-20251208,2025-12-08,gfex_warehouse_receipt_structured_fact:discovery_abs_change_q75_ge_819,derived_from_audited_official_json,47,47,daecc971ea7df1489caee8c3e92347d84c57a65be0f45b9699177bf43655be7d,广州期货交易所,https://www.gfex.com.cn/gfex/cdrb/hqsj_tjsj.shtml,2026-08-14T18:26:02+08:00
GFEX-WR-20251211,2025-12-11,gfex_warehouse_receipt_structured_fact:discovery_abs_change_q75_ge_819,derived_from_audited_official_json,47,47,1fc1c3a73b78534fc70c61eea3001c6410fe3e4fc4adfb441f5b1678383a7c81,广州期货交易所,https://www.gfex.com.cn/gfex/cdrb/hqsj_tjsj.shtml,2026-08-14T18:26:02+08:00
LC-TEXT-0025,2025-12-11,verified_repository_input:raw_documents.csv,reused_audited_corpus:ok,776,5922,80c8f00cb4dda64a7ca2fa081d2b498b846922c5e425a27884048584d733e13b,东方财富网,https://fund.eastmoney.com/a/202512113588688012.html,2026-08-14T18:26:02+08:00
LC-TEXT-0026,2025-12-16,verified_repository_input:raw_documents.csv,reused_audited_corpus:ok,832,5472,45c792a219078a935a44607301bf9f58fc7d45f0f0642c2ed2a6aeb07bf16a8b,中国能源新闻网,https://www.cnenergynews.cn/article/4Pa065zug7k,2026-08-14T18:26:02+08:00
GFEX-WR-20251222,2025-12-22,gfex_warehouse_receipt_structured_fact:discovery_abs_change_q75_ge_819,derived_from_audited_official_json,46,46,3f393eac041106a50e03cddf2b6fa35bc623291f101f490477407c0e0b398b10,广州期货交易所,https://www.gfex.com.cn/gfex/cdrb/hqsj_tjsj.shtml,2026-08-14T18:26:02+08:00
GFEX-WR-20251230,2025-12-30,gfex_warehouse_receipt_structured_fact:discovery_abs_change_q75_ge_819,derived_from_audited_official_json,47,47,c1c82c6ff916e0f96ef5e61e48a12b761163f863961bf61d1cdd934615664810,广州期货交易所,https://www.gfex.com.cn/gfex/cdrb/hqsj_tjsj.shtml,2026-08-14T18:26:02+08:00
GFEX-WR-20260106,2026-01-06,gfex_warehouse_receipt_structured_fact:discovery_abs_change_q75_ge_819,derived_from_audited_official_json,47,47,ac64e43086b89661ebc5d5b62e6e4892c9648d8f06a558059d6fce180375b79b,广州期货交易所,https://www.gfex.com.cn/gfex/cdrb/hqsj_tjsj.shtml,2026-08-14T18:26:02+08:00
GFEX-WR-20260107,2026-01-07,gfex_warehouse_receipt_structured_fact:discovery_abs_change_q75_ge_819,derived_from_audited_official_json,47,47,87fe3562abe1c0a66b1c8316e455c35cb4ae0d39023050c0f222339886109368,广州期货交易所,https://www.gfex.com.cn/gfex/cdrb/hqsj_tjsj.shtml,2026-08-14T18:26:02+08:00
LC-TEXT-0027,2026-01-08,verified_repository_input:raw_documents.csv,reused_audited_corpus:ok,835,4718,a5f17ec6b8a278cd28f358d00323d962d659df341966c40b854f0bae901c9af2,国家发展改革委 财政部,https://www.ndrc.gov.cn/xwdt/ztzl/tddgmsbgxhxfpyjhx/gzdt/202601/t20260108_1403124_ext.html,2026-08-14T18:26:02+08:00
LC-TEXT-0028,2026-01-12,verified_repository_input:raw_documents.csv,reused_audited_corpus:ok,823,3941,3a1126424ba76be1a2cbebb3678c89f8acab14198d501ffbe7b3df5c28d118b3,国家发展改革委 国家能源局,https://www.cweea.com.cn/zcfg/html/41078.html,2026-08-14T18:26:02+08:00
GFEX-WR-20260113,2026-01-13,gfex_warehouse_receipt_structured_fact:discovery_abs_change_q75_ge_819,derived_from_audited_official_json,46,46,af2ae8e94397ae179f5113cf0296f2353a4c8c41ed6826de4bee12b044134020,广州期货交易所,https://www.gfex.com.cn/gfex/cdrb/hqsj_tjsj.shtml,2026-08-14T18:26:02+08:00
LC-TEXT-0029,2026-01-16,verified_repository_input:raw_documents.csv,reused_audited_corpus:ok,240,301,250f2e942302d743c592e20b1999f6f7bd9848a315beb60c39609dd394dce047,腾讯新闻,https://news.qq.com/rain/a/20260116A04UNO00,2026-08-14T18:26:02+08:00
GFEX-WR-20260121,2026-01-21,gfex_warehouse_receipt_structured_fact:discovery_abs_change_q75_ge_819,derived_from_audited_official_json,46,46,5ab32026c8e589a9f367967f17fff34c34aa01affe16a2aa2765429a68baa428,广州期货交易所,https://www.gfex.com.cn/gfex/cdrb/hqsj_tjsj.shtml,2026-08-14T18:26:02+08:00
LC-TEXT-0030,2026-01-22,verified_repository_input:raw_documents.csv,reused_audited_corpus:ok,159,3733,f826ae0f8a4c4c931352a1a19f9327016532aaf6456e647a03f74d6c1c858cda,东方财富网,https://caifuhao.eastmoney.com/news/20260122103734951243020,2026-08-14T18:26:02+08:00
LC-TEXT-0031,2026-01-30,verified_repository_input:raw_documents.csv,reused_audited_corpus:partial,776,141,e8f4bf7f8d2c743e2df77a4d6ed5c4f8c998de9f9b9c8eea6c0cdff21361d278,国家发展改革委 国家能源局,https://fgw.hunan.gov.cn/fgw/xxgk_70899/zcfg/gjjfg/202602/t20260203_33908548.html,2026-08-14T18:26:02+08:00
LC-TEXT-0032,2026-01-30,verified_repository_input:raw_documents.csv,reused_audited_corpus:ok,91,1372,3521bbd9017759fe50679588c0053326a59342ed28540cea6d9bb60cad46425a,国家能源局,https://www.nea.gov.cn/20260130/50f657ce87f848e1a9a1861d1fd9aa23/c.html,2026-08-14T18:26:02+08:00
LC-TEXT-0033,2026-01-30,verified_repository_input:raw_documents.csv,reused_audited_corpus:ok,414,1089,5cd50e0eafd8211a54caed704e22af006d42c340070527e6f61d4a6f586d6fe2,巨潮资讯网,http://static.cninfo.com.cn/finalpage/2026-01-30/1224956453.PDF,2026-08-14T18:26:02+08:00
GFEX-WR-20260202,2026-02-02,gfex_warehouse_receipt_structured_fact:discovery_abs_change_q75_ge_819,derived_from_audited_official_json,47,47,ece5fd285470ba1d1e85d514960e0f898abd6958cf8bbbc3bd49acb850f9b24a,广州期货交易所,https://www.gfex.com.cn/gfex/cdrb/hqsj_tjsj.shtml,2026-08-14T18:26:02+08:00
GFEX-WR-20260203,2026-02-03,gfex_warehouse_receipt_structured_fact:discovery_abs_change_q75_ge_819,derived_from_audited_official_json,46,46,71a873042a9c144fdc48e0a74c6e4feec06be4c8a91841d3769ad6443fae3e41,广州期货交易所,https://www.gfex.com.cn/gfex/cdrb/hqsj_tjsj.shtml,2026-08-14T18:26:02+08:00
GFEX-WR-20260204,2026-02-04,gfex_warehouse_receipt_structured_fact:discovery_abs_change_q75_ge_819,derived_from_audited_official_json,47,47,15963b76fbba0e86cf40ca0cb8c6d5fb410c521e9f00883c6e27edfa66f71b27,广州期货交易所,https://www.gfex.com.cn/gfex/cdrb/hqsj_tjsj.shtml,2026-08-14T18:26:02+08:00
LC-TEXT-0034,2026-02-04,verified_repository_input:raw_documents.csv,reused_audited_corpus:ok,770,7248,b82393c88b7aa990f0393cb0ecba27518cace3c54899bbd89add0a72c38f8919,湖北省商务厅等8部门,http://zwgk.jianli.gov.cn/jlsswj/12036/103220263/t110220263034/676278.shtml,2026-08-14T18:26:02+08:00
GFEX-WR-20260209,2026-02-09,gfex_warehouse_receipt_structured_fact:discovery_abs_change_q75_ge_819,derived_from_audited_official_json,46,46,164715ccf096550bc5f13ad6d86f8e5576994a27cf33d6d35b5df2e01f5f3631,广州期货交易所,https://www.gfex.com.cn/gfex/cdrb/hqsj_tjsj.shtml,2026-08-14T18:26:02+08:00
GFEX-WR-20260210,2026-02-10,gfex_warehouse_receipt_structured_fact:discovery_abs_change_q75_ge_819,derived_from_audited_official_json,46,46,43ff1043716b3231287271475e04c51a7f34b3e9cad20a8726e2f8728cad106e,广州期货交易所,https://www.gfex.com.cn/gfex/cdrb/hqsj_tjsj.shtml,2026-08-14T18:26:02+08:00
GFEX-WR-20260212,2026-02-12,gfex_warehouse_receipt_structured_fact:discovery_abs_change_q75_ge_819,derived_from_audited_official_json,47,47,e5afcf914838ef3efcc17829e0775e416ae8fefbd5b82221ebc1821f2c292f53,广州期货交易所,https://www.gfex.com.cn/gfex/cdrb/hqsj_tjsj.shtml,2026-08-14T18:26:02+08:00
GFEX-WR-20260213,2026-02-13,gfex_warehouse_receipt_structured_fact:discovery_abs_change_q75_ge_819,derived_from_audited_official_json,47,47,0c6258266fca5ab3878b6802d79ea1513cc94908b9ac088d6a10e0cb2146e30e,广州期货交易所,https://www.gfex.com.cn/gfex/cdrb/hqsj_tjsj.shtml,2026-08-14T18:26:02+08:00
LC-TEXT-0035,2026-03-03,verified_repository_input:raw_documents.csv,reused_audited_corpus:ok,769,2082,54cec28b268324d2037ef9c8c534e9ce25a9de372126ee6baf9c9f31e32e6395,SOLARZOOM光储亿家,http://m.solarzoom.com/article-199464-1.html,2026-08-14T18:26:02+08:00
LC-TEXT-0036,2026-03-03,verified_repository_input:raw_documents.csv,reused_audited_corpus:ok,840,5052,adbb5203436e21413c1c61c4baeb7d2aaab31aba997bb88c95841832e9cb5448,华电集团电子商务平台,http://www.cbcu.com.cn:81/m/view.php?aid=45445,2026-08-14T18:26:02+08:00
LC-TEXT-0037,2026-03-06,verified_repository_input:raw_documents.csv,reused_audited_corpus:ok,840,2664,0bb0dd62352f2ff763469d7a0817ee855b83106177c9590764fbdbf1e4c018c5,财政部办公厅 工业和信息化部办公厅 交通运输部办公厅,https://czt.gd.gov.cn/czxw/content/post_4867133.html,2026-08-14T18:26:02+08:00
LC-TEXT-0038,2026-03-12,verified_repository_input:raw_documents.csv,reused_audited_corpus:ok,797,1856,8f46e083aeb5eb28807a044f15b53c0264cb5958aa54da1ef35b816445025003,经济参考网,http://jjckb.xinhuanet.com/20260312/8c28af2af136426bafc8ad2b4eb665d0/c.html,2026-08-14T18:26:02+08:00
LC-TEXT-0039,2026-03-13,verified_repository_input:raw_documents.csv,reused_audited_corpus:ok,550,2302,dc7775e552ed846c108ad9c3413e7b6c33bbf8afc0b0281cec2a1fc18717f77e,中商情报网,https://www.askci.com/news/20260313/103800277336947915573174.shtml,2026-08-14T18:26:02+08:00
GFEX-WR-20260319,2026-03-19,gfex_warehouse_receipt_structured_fact:discovery_abs_change_q75_ge_819,derived_from_audited_official_json,47,47,65dcaf1fb80244432343704b9a1313a4dfe4b2b640f76feaf97e0ee9f7d095b7,广州期货交易所,https://www.gfex.com.cn/gfex/cdrb/hqsj_tjsj.shtml,2026-08-14T18:26:02+08:00
LC-TEXT-0040,2026-03-23,verified_repository_input:raw_documents.csv,reused_audited_corpus:ok,833,5165,343d0171b9a7202c6a900a096003ac0b5e416b9e33fe56ad0ac670ef469725e2,天津市发展改革委,https://fzgg.tj.gov.cn/zwgk_47325/zcfg_47338/zcwjx/fgwj/202603/t20260323_7267626.html,2026-08-14T18:26:02+08:00
GFEX-WR-20260324,2026-03-24,gfex_warehouse_receipt_structured_fact:discovery_abs_change_q75_ge_819,derived_from_audited_official_json,47,47,3162dc944b281d665cc772ae4575bbe5cb4d5c4d40555eb0daf1f29aa15606c6,广州期货交易所,https://www.gfex.com.cn/gfex/cdrb/hqsj_tjsj.shtml,2026-08-14T18:26:02+08:00
LC-TEXT-0041,2026-03-27,verified_repository_input:raw_documents.csv,reused_audited_corpus:ok,757,3084,bd0b91a8ee62c39c1b59b91b65e720451f48bdbcfac5a9ea0961b50f4220089b,北极星储能网,https://www.escn.com.cn/news/show-2245284.html,2026-08-14T18:26:02+08:00
GFEX-WR-20260330,2026-03-30,gfex_warehouse_receipt_structured_fact:discovery_abs_change_q75_ge_819,derived_from_audited_official_json,46,46,c406d56760b6c8db902245dbfe0763892abd2871c6b7d3e7f6055644c500201e,广州期货交易所,https://www.gfex.com.cn/gfex/cdrb/hqsj_tjsj.shtml,2026-08-14T18:26:02+08:00
GFEX-WR-20260331,2026-03-31,gfex_warehouse_receipt_structured_fact:discovery_abs_change_q75_ge_819,derived_from_audited_official_json,48,48,67a72adce5dd07eaf7f3fd2813171238699d5595b696651b7c8de3225ad273cd,广州期货交易所,https://www.gfex.com.cn/gfex/cdrb/hqsj_tjsj.shtml,2026-08-14T18:26:02+08:00
GFEX-WR-20260401,2026-04-01,gfex_warehouse_receipt_structured_fact:discovery_abs_change_q75_ge_819,derived_from_audited_official_json,47,47,aed1f91444fc6168ed3f01cddc1532bb69d4e579f5d779d1954cdbda75b5e583,广州期货交易所,https://www.gfex.com.cn/gfex/cdrb/hqsj_tjsj.shtml,2026-08-14T18:26:02+08:00
LC-TEXT-0042,2026-04-01,verified_repository_input:raw_documents.csv,reused_audited_corpus:ok,427,1229,d86cb219aa8220da40bad68cc17735ccd976c8799b014a88a3a672be851b0c4a,巨潮资讯网,http://static.cninfo.com.cn/finalpage/2026-04-01/1225068737.PDF,2026-08-14T18:26:02+08:00
GFEX-WR-20260402,2026-04-02,gfex_warehouse_receipt_structured_fact:discovery_abs_change_q75_ge_819,derived_from_audited_official_json,47,47,35134277d75fc7a5ea23a4909964da509cebb7e158a347cb0898b597376faeb8,广州期货交易所,https://www.gfex.com.cn/gfex/cdrb/hqsj_tjsj.shtml,2026-08-14T18:26:02+08:00
GFEX-WR-20260403,2026-04-03,gfex_warehouse_receipt_structured_fact:discovery_abs_change_q75_ge_819,derived_from_audited_official_json,47,47,4ca41915bd8d4c561fd29c3edb5960afb0590d02e646fb3ad489bd574739e444,广州期货交易所,https://www.gfex.com.cn/gfex/cdrb/hqsj_tjsj.shtml,2026-08-14T18:26:02+08:00
GFEX-WR-20260408,2026-04-08,gfex_warehouse_receipt_structured_fact:discovery_abs_change_q75_ge_819,derived_from_audited_official_json,47,47,7812ae746761e65300c6df5a8a2c18035feb7c374185aafab5585a2ea5febd3e,广州期货交易所,https://www.gfex.com.cn/gfex/cdrb/hqsj_tjsj.shtml,2026-08-14T18:26:02+08:00
LC-TEXT-0043,2026-04-08,verified_repository_input:raw_documents.csv,reused_audited_corpus:ok,833,2698,1111b4d81b09eb540afcf3445a2dd8080890fc54de934eddae6ef15acd8ae442,国家能源局,http://www.cnnes.cc/hangye/20260408/13148.html,2026-08-14T18:26:02+08:00
GFEX-WR-20260409,2026-04-09,gfex_warehouse_receipt_structured_fact:discovery_abs_change_q75_ge_819,derived_from_audited_official_json,47,47,39c2153bc7ecd7a57f6ef00ec47a185db165d24ba35ad1dd7e116230f1c2c55a,广州期货交易所,https://www.gfex.com.cn/gfex/cdrb/hqsj_tjsj.shtml,2026-08-14T18:26:02+08:00
LC-TEXT-0044,2026-04-13,verified_repository_input:raw_documents.csv,reused_audited_corpus:ok,789,2489,91f382762d8b7551a6ef4bbf0b7877d3d9f0b5fa8a487601704a9058f7765a0d,世纪新能源网,https://m.ne21.com/news/show-226386.html,2026-08-14T18:26:02+08:00
LC-TEXT-0045,2026-04-13,verified_repository_input:raw_documents.csv,reused_audited_corpus:ok,208,4798,0346b2d638ab91e36aa9eecd7a17c3ead1d86fad31494d0f71a77bace4ee64f3,新浪财经,https://finance.sina.com.cn/roll/2026-04-13/doc-inhuihzi9772164.shtml,2026-08-14T18:26:02+08:00
GFEX-WR-20260414,2026-04-14,gfex_warehouse_receipt_structured_fact:discovery_abs_change_q75_ge_819,derived_from_audited_official_json,47,47,afffc7ff77add6b7696f5335942a9db2e8251a147eb84066a87110ba0b7382ab,广州期货交易所,https://www.gfex.com.cn/gfex/cdrb/hqsj_tjsj.shtml,2026-08-14T18:26:02+08:00
GFEX-WR-20260415,2026-04-15,gfex_warehouse_receipt_structured_fact:discovery_abs_change_q75_ge_819,derived_from_audited_official_json,46,46,1ef4163e06d8ba1fbce44ef74f6be98e57e1edd919b964539013689007ed2487,广州期货交易所,https://www.gfex.com.cn/gfex/cdrb/hqsj_tjsj.shtml,2026-08-14T18:26:02+08:00
GFEX-WR-20260416,2026-04-16,gfex_warehouse_receipt_structured_fact:discovery_abs_change_q75_ge_819,derived_from_audited_official_json,47,47,c6081cb3ebf9d8168d71ebc01da73f92b961392d51e99873ba8cb16404f3c5b8,广州期货交易所,https://www.gfex.com.cn/gfex/cdrb/hqsj_tjsj.shtml,2026-08-14T18:26:02+08:00
LC-TEXT-0046,2026-04-17,verified_repository_input:raw_documents.csv,reused_audited_corpus:ok,94,1437,b19c1bd284875852bd8e379e68acdfee512f10115938d10e3e1865fa43f71bf9,国家能源局,https://www.nea.gov.cn/20260417/a6ef89bc89eb4814872959c4b10fd731/c.html,2026-08-14T18:26:02+08:00
GFEX-WR-20260421,2026-04-21,gfex_warehouse_receipt_structured_fact:discovery_abs_change_q75_ge_819,derived_from_audited_official_json,47,47,7146007004c35e5558b19895c3ff3f35566daa224be1ba46b5e7efc89cddb8d1,广州期货交易所,https://www.gfex.com.cn/gfex/cdrb/hqsj_tjsj.shtml,2026-08-14T18:26:02+08:00
LC-TEXT-0047,2026-04-21,verified_repository_input:raw_documents.csv,reused_audited_corpus:ok,727,3235,bc0cc733a80e764b1da6a0d79e4c44a649751a9ba9378ced0d38adc382183ae9,中国储能网,https://www.escn.com.cn/news/show-2248541.html,2026-08-14T18:26:02+08:00
GFEX-WR-20260424,2026-04-24,gfex_warehouse_receipt_structured_fact:discovery_abs_change_q75_ge_819,derived_from_audited_official_json,46,46,6d595560d764224b3b727b5b558266696159b72f76ec6446c4f0a8f561884dfa,广州期货交易所,https://www.gfex.com.cn/gfex/cdrb/hqsj_tjsj.shtml,2026-08-14T18:26:02+08:00
GFEX-WR-20260427,2026-04-27,gfex_warehouse_receipt_structured_fact:discovery_abs_change_q75_ge_819,derived_from_audited_official_json,47,47,07357b21f47b906bde3c8bae1cbcafeb1e692c53f6abfffd958f85cf2c0da0b1,广州期货交易所,https://www.gfex.com.cn/gfex/cdrb/hqsj_tjsj.shtml,2026-08-14T18:26:02+08:00
LC-TEXT-0048,2026-04-27,verified_repository_input:raw_documents.csv,reused_audited_corpus:ok,841,1611,0e4cf609e66a20c697e14238c027d6e9a293646be27b2e4f0d13202a13f00fb8,工业和信息化部办公厅等五部门,https://www.gov.cn/lianbo/202604/content_7067154.htm,2026-08-14T18:26:02+08:00
LC-TEXT-0049,2026-04-27,verified_repository_input:raw_documents.csv,reused_audited_corpus:ok,418,6030,b8f4fb36665b0092c9bfe4c5c0ba7485bcc3ab7c7e7fc09ab1d2d26d94db30f6,巨潮资讯网,http://static.cninfo.com.cn/finalpage/2026-04-27/1225194956.PDF,2026-08-14T18:26:02+08:00
GFEX-WR-20260428,2026-04-28,gfex_warehouse_receipt_structured_fact:discovery_abs_change_q75_ge_819,derived_from_audited_official_json,47,47,7b8e54b5c5993efb504c0970a7e38ebc4b30f82218d74dd995f8fcebe1065b2b,广州期货交易所,https://www.gfex.com.cn/gfex/cdrb/hqsj_tjsj.shtml,2026-08-14T18:26:02+08:00
LC-TEXT-0050,2026-04-28,verified_repository_input:raw_documents.csv,reused_audited_corpus:partial,250,250,3c167e9395beb00ff07ce393277e7dbea26697b5caba382867e3c9e98d17a82f,深交所互动易,https://irm.cninfo.com.cn/ircs/question/questionDetail?questionId=2255848637597982720,2026-08-14T18:26:02+08:00
GFEX-WR-20260430,2026-04-30,gfex_warehouse_receipt_structured_fact:discovery_abs_change_q75_ge_819,derived_from_audited_official_json,47,47,86dd5503aa420eae4d5d9e544553de07b9a4a4d4b1fa509a6cddef7b4ccb52fe,广州期货交易所,https://www.gfex.com.cn/gfex/cdrb/hqsj_tjsj.shtml,2026-08-14T18:26:02+08:00
GFEX-WR-20260506,2026-05-06,gfex_warehouse_receipt_structured_fact:discovery_abs_change_q75_ge_819,derived_from_audited_official_json,47,47,6c0816fbc630e81edbc0c7b8a26eb98ae7a1d48b7dcaafff7b5d413bede41760,广州期货交易所,https://www.gfex.com.cn/gfex/cdrb/hqsj_tjsj.shtml,2026-08-14T18:26:02+08:00
GFEX-WR-20260507,2026-05-07,gfex_warehouse_receipt_structured_fact:discovery_abs_change_q75_ge_819,derived_from_audited_official_json,47,47,83dfc257067c6c8757af075a438afe91e2ec13f6198484ec72af694015cc2c88,广州期货交易所,https://www.gfex.com.cn/gfex/cdrb/hqsj_tjsj.shtml,2026-08-14T18:26:02+08:00
GFEX-WR-20260508,2026-05-08,gfex_warehouse_receipt_structured_fact:discovery_abs_change_q75_ge_819,derived_from_audited_official_json,47,47,38f3c1b46b1e8e3f67a0b1c61077f4680cf5fe7e2ede9a77702cc69aedc4ad7e,广州期货交易所,https://www.gfex.com.cn/gfex/cdrb/hqsj_tjsj.shtml,2026-08-14T18:26:02+08:00
LC-TEXT-0051,2026-05-09,verified_repository_input:raw_documents.csv,reused_audited_corpus:ok,767,1072,950ad15969f000783bb0e19f7d51fbfde16806e38a70b3dd3f45b8092aea03dc,工业和信息化部,https://www.miit.gov.cn/zwgk/zcwj/wjfb/gg/art/2026/art_1b3cc214aff949839f8e7f63c8fc7549.html,2026-08-14T18:26:02+08:00
GFEX-WR-20260512,2026-05-12,gfex_warehouse_receipt_structured_fact:discovery_abs_change_q75_ge_819,derived_from_audited_official_json,47,47,ab558cd769cfc6a16d71272ab23cc643433ecbc5e158c68e76d72dd16c6080f9,广州期货交易所,https://www.gfex.com.cn/gfex/cdrb/hqsj_tjsj.shtml,2026-08-14T18:26:02+08:00
GFEX-WR-20260513,2026-05-13,gfex_warehouse_receipt_structured_fact:discovery_abs_change_q75_ge_819,derived_from_audited_official_json,47,47,978ab9015ddef2ac0dcdc3e02f8ef78cf2f73d386b18956722fc4fa518442c64,广州期货交易所,https://www.gfex.com.cn/gfex/cdrb/hqsj_tjsj.shtml,2026-08-14T18:26:02+08:00
GFEX-WR-20260514,2026-05-14,gfex_warehouse_receipt_structured_fact:discovery_abs_change_q75_ge_819,derived_from_audited_official_json,47,47,3dfbe3a216907f8f06621f5647955dd31d7366ec2390f3cf84dd5d22f0f86022,广州期货交易所,https://www.gfex.com.cn/gfex/cdrb/hqsj_tjsj.shtml,2026-08-14T18:26:02+08:00
GFEX-WR-20260515,2026-05-15,gfex_warehouse_receipt_structured_fact:discovery_abs_change_q75_ge_819,derived_from_audited_official_json,47,47,3f749d98f0252ca85453f15ce042fc18076a56ccece749290643ad2ac649fc59,广州期货交易所,https://www.gfex.com.cn/gfex/cdrb/hqsj_tjsj.shtml,2026-08-14T18:26:02+08:00
GFEX-WR-20260518,2026-05-18,gfex_warehouse_receipt_structured_fact:discovery_abs_change_q75_ge_819,derived_from_audited_official_json,47,47,a9831c166513ac2cb35059eba7d2d932fc326468b4f6bfe13becae1015bdfffc,广州期货交易所,https://www.gfex.com.cn/gfex/cdrb/hqsj_tjsj.shtml,2026-08-14T18:26:02+08:00
LC-TEXT-0052,2026-05-18,verified_repository_input:raw_documents.csv,reused_audited_corpus:partial,250,250,ba0c5e2c2698e330dfc605d343ce951a9d57f835580c6f290fdb48bf7458ee1a,深交所互动易,https://irm.cninfo.com.cn/ircs/question/questionDetail?questionId=2270765178556080128,2026-08-14T18:26:02+08:00
GFEX-WR-20260525,2026-05-25,gfex_warehouse_receipt_structured_fact:discovery_abs_change_q75_ge_819,derived_from_audited_official_json,46,46,09a7a5a5ad9ac7560a888fdd5f48de37c6debe4318d11bbf9ffc53dec8b546f5,广州期货交易所,https://www.gfex.com.cn/gfex/cdrb/hqsj_tjsj.shtml,2026-08-14T18:26:02+08:00
GFEX-WR-20260526,2026-05-26,gfex_warehouse_receipt_structured_fact:discovery_abs_change_q75_ge_819,derived_from_audited_official_json,47,47,99bcc571f619b522cbb25a5840a18fa7505bfe2f2f2b2c60b6e4e41ef3f961ba,广州期货交易所,https://www.gfex.com.cn/gfex/cdrb/hqsj_tjsj.shtml,2026-08-14T18:26:02+08:00
LC-TEXT-0053,2026-05-27,verified_repository_input:raw_documents.csv,reused_audited_corpus:partial,283,283,9266f52c0a5ab2794cb3e6dae3a632f648069cecce0dada5e7a276bf039342d7,深交所互动易,https://irm.cninfo.com.cn/ircs/question/questionDetail?questionId=2277484989699702784,2026-08-14T18:26:02+08:00
GFEX-WR-20260601,2026-06-01,gfex_warehouse_receipt_structured_fact:discovery_abs_change_q75_ge_819,derived_from_audited_official_json,47,47,cf86af5ab5cff056e18d46eff1ac2af31e4226514213bbc040311c44bb4a3e84,广州期货交易所,https://www.gfex.com.cn/gfex/cdrb/hqsj_tjsj.shtml,2026-08-14T18:26:02+08:00
LC-TEXT-0054,2026-06-01,verified_repository_input:raw_documents.csv,reused_audited_corpus:partial,274,274,18cce203d425ef2a72c2061655ae163908838bb852d741dfb384bdfd6a946728,深交所互动易,https://irm.cninfo.com.cn/ircs/question/questionDetail?questionId=2280805952902250496,2026-08-14T18:26:02+08:00
GFEX-WR-20260605,2026-06-05,gfex_warehouse_receipt_structured_fact:discovery_abs_change_q75_ge_819,derived_from_audited_official_json,46,46,8b279d33864a89cd7202b52e9326c32a650d2e7fea09dba373d967686ff540db,广州期货交易所,https://www.gfex.com.cn/gfex/cdrb/hqsj_tjsj.shtml,2026-08-14T18:26:02+08:00
LC-TEXT-0055,2026-06-05,verified_repository_input:raw_documents.csv,reused_audited_corpus:ok,610,3405,2253d4e6a0dd1bd5ac121c1f0c3e115910a6b94f72e68de95abc4facb1f7b834,国家能源局综合司,https://www.escn.com.cn/news/show-2258423.html,2026-08-14T18:26:02+08:00
LC-TEXT-0056,2026-06-08,verified_repository_input:raw_documents.csv,reused_audited_corpus:ok,731,5316,7093c97c1db528f6bc5548b5098dcac2e24ffa62df48abd1f195918d19f282ea,山西省能源局 山西省发展改革委,http://sxszfzgzb.shanxi.gov.cn/zshz/tzzc/202606/t20260608_10141806.shtml,2026-08-14T18:26:02+08:00
LC-TEXT-0057,2026-06-09,verified_repository_input:raw_documents.csv,reused_audited_corpus:partial,281,281,b6b0bbbc2094711e904ed3d39cd2f76cb7ff9699b34f01714ea347681f6f68fc,深交所互动易,https://irm.cninfo.com.cn/ircs/question/questionDetail?questionId=2286982656973606912,2026-08-14T18:26:02+08:00
LC-TEXT-0058,2026-06-09,verified_repository_input:raw_documents.csv,reused_audited_corpus:ok,444,836,2eb5926b767cfa60b11f0a263f6d2db6bf7dd576b651fd7e0d76eb3da1798273,巨潮资讯网,http://static.cninfo.com.cn/finalpage/2026-06-09/1225356678.PDF,2026-08-14T18:26:02+08:00
GFEX-WR-20260611,2026-06-11,gfex_warehouse_receipt_structured_fact:discovery_abs_change_q75_ge_819,derived_from_audited_official_json,46,46,cb9803a759349cf540de954ca09b5bb97e164e64a56a8d304dd489b6770576ca,广州期货交易所,https://www.gfex.com.cn/gfex/cdrb/hqsj_tjsj.shtml,2026-08-14T18:26:02+08:00
GFEX-WR-20260612,2026-06-12,gfex_warehouse_receipt_structured_fact:discovery_abs_change_q75_ge_819,derived_from_audited_official_json,46,46,099d1595b406fe9216490a599c3110d822bdf2dc72336ac7d7305945b17fb51d,广州期货交易所,https://www.gfex.com.cn/gfex/cdrb/hqsj_tjsj.shtml,2026-08-14T18:26:02+08:00
LC-TEXT-0059,2026-06-15,verified_repository_input:raw_documents.csv,reused_audited_corpus:ok,258,1314,4abcb2a00be42d9d285c8416766038f52cfb83c87d8fdef99b1ed2f81366f621,腾讯新闻,https://news.qq.com/rain/a/20260615A071YK00,2026-08-14T18:26:02+08:00
LC-TEXT-0060,2026-06-18,verified_repository_input:raw_documents.csv,reused_audited_corpus:ok,807,1748,4cc4d0e7fc7f819716fd6829a07908927fa26545bbc22e99998e673899342434,工业和信息化部等五部门,https://www.miit.gov.cn/zwgk/zcwj/wjfb/tz/art/2026/art_addcc0a2fd3f4bf6993e3e48f7b8d4c3.html?dzb=true,2026-08-14T18:26:02+08:00
GFEX-WR-20260622,2026-06-22,gfex_warehouse_receipt_structured_fact:discovery_abs_change_q75_ge_819,derived_from_audited_official_json,47,47,c301f475d74d40862b73e3944ba16bf27902f18babf029e7e61e88c2a85b5cb0,广州期货交易所,https://www.gfex.com.cn/gfex/cdrb/hqsj_tjsj.shtml,2026-08-14T18:26:02+08:00
GFEX-WR-20260624,2026-06-24,gfex_warehouse_receipt_structured_fact:discovery_abs_change_q75_ge_819,derived_from_audited_official_json,47,47,28ce1eaa080e06f4cebb0af1ba0088b775b8460cd51d5020e12e3ad0bd74468d,广州期货交易所,https://www.gfex.com.cn/gfex/cdrb/hqsj_tjsj.shtml,2026-08-14T18:26:02+08:00
LC-TEXT-0061,2026-06-24,verified_repository_input:raw_documents.csv,reused_audited_corpus:ok,429,3306,8a5ba559e0822909271f33ca0e87163de75ea4277a4890d8d6f7e604763fd6c5,巨潮资讯网,http://static.cninfo.com.cn/finalpage/2026-06-24/1225383163.PDF,2026-08-14T18:26:02+08:00
GFEX-WR-20260706,2026-07-06,gfex_warehouse_receipt_structured_fact:discovery_abs_change_q75_ge_819,derived_from_audited_official_json,47,47,ad034d0eb02dfcf536b66c232230668ff5a901be33f98a495187691e6c8177cf,广州期货交易所,https://www.gfex.com.cn/gfex/cdrb/hqsj_tjsj.shtml,2026-08-14T18:26:02+08:00
GFEX-WR-20260708,2026-07-08,gfex_warehouse_receipt_structured_fact:discovery_abs_change_q75_ge_819,derived_from_audited_official_json,47,47,8fb32abe3e307328a9cfaeb99a38598c63dc27cdeaaef4a6e58604eb07f3fbf0,广州期货交易所,https://www.gfex.com.cn/gfex/cdrb/hqsj_tjsj.shtml,2026-08-14T18:26:02+08:00
GFEX-WR-20260710,2026-07-10,gfex_warehouse_receipt_structured_fact:discovery_abs_change_q75_ge_819,derived_from_audited_official_json,47,47,db56a63145ad65d5e585def34b88f567f28107566ce9f4e0e3b1410075f113f5,广州期货交易所,https://www.gfex.com.cn/gfex/cdrb/hqsj_tjsj.shtml,2026-08-14T18:26:02+08:00
GFEX-WR-20260716,2026-07-16,gfex_warehouse_receipt_structured_fact:discovery_abs_change_q75_ge_819,derived_from_audited_official_json,47,47,7886194918aef636fe5e6f2e8ede412cc68c76d9db7cba0f0914d8dbcc969de0,广州期货交易所,https://www.gfex.com.cn/gfex/cdrb/hqsj_tjsj.shtml,2026-08-14T18:26:02+08:00
GFEX-WR-20260717,2026-07-17,gfex_warehouse_receipt_structured_fact:discovery_abs_change_q75_ge_819,derived_from_audited_official_json,46,46,4c2a46ee7c59a1f53257d72f29f3c3509aa25cecf4434f09d19e04ae9460db78,广州期货交易所,https://www.gfex.com.cn/gfex/cdrb/hqsj_tjsj.shtml,2026-08-14T18:26:02+08:00
GFEX-WR-20260720,2026-07-20,gfex_warehouse_receipt_structured_fact:discovery_abs_change_q75_ge_819,derived_from_audited_official_json,47,47,15888c243816dd73740117996a1c0a42cc01827cdecd87a308d62fe430e6a55e,广州期货交易所,https://www.gfex.com.cn/gfex/cdrb/hqsj_tjsj.shtml,2026-08-14T18:26:02+08:00
GFEX-WR-20260727,2026-07-27,gfex_warehouse_receipt_structured_fact:discovery_abs_change_q75_ge_819,derived_from_audited_official_json,47,47,d661c9cea32b9489b80b628539261539cd6fefc6bf522c7f0bbcb080a7228ab9,广州期货交易所,https://www.gfex.com.cn/gfex/cdrb/hqsj_tjsj.shtml,2026-08-14T18:26:02+08:00
GFEX-WR-20260729,2026-07-29,gfex_warehouse_receipt_structured_fact:discovery_abs_change_q75_ge_819,derived_from_audited_official_json,47,47,d1b92770e5ebf853f4ecf63ab7dfec67b39f7dda3cddb9a4f852cde953d902bf,广州期货交易所,https://www.gfex.com.cn/gfex/cdrb/hqsj_tjsj.shtml,2026-08-14T18:26:02+08:00
GFEX-WR-20260731,2026-07-31,gfex_warehouse_receipt_structured_fact:discovery_abs_change_q75_ge_819,derived_from_audited_official_json,48,48,e2c08c048229aab22c58af4c78cc81bc3a370b342c94579a803bb25a18a4a5fc,广州期货交易所,https://www.gfex.com.cn/gfex/cdrb/hqsj_tjsj.shtml,2026-08-14T18:26:02+08:00
GFEX-WR-20260803,2026-08-03,gfex_warehouse_receipt_structured_fact:discovery_abs_change_q75_ge_819,derived_from_audited_official_json,47,47,be038274a47a5427b0a1a6ab79040c1b5baa0f4b11f6ce2ddd2ad17f726cb6da,广州期货交易所,https://www.gfex.com.cn/gfex/cdrb/hqsj_tjsj.shtml,2026-08-14T18:26:02+08:00
GFEX-WR-20260804,2026-08-04,gfex_warehouse_receipt_structured_fact:discovery_abs_change_q75_ge_819,derived_from_audited_official_json,47,47,a439933a83e12c0c2d42b2154c2cc3d7714d6813829f1ca443692c9db4fc41b5,广州期货交易所,https://www.gfex.com.cn/gfex/cdrb/hqsj_tjsj.shtml,2026-08-14T18:26:02+08:00
GFEX-WR-20260807,2026-08-07,gfex_warehouse_receipt_structured_fact:discovery_abs_change_q75_ge_819,derived_from_audited_official_json,47,47,c675754b152ffb8e93986250ac4f99b02c2a829b9c690c422981c4b8d60df1f5,广州期货交易所,https://www.gfex.com.cn/gfex/cdrb/hqsj_tjsj.shtml,2026-08-14T18:26:02+08:00
GFEX-WR-20260810,2026-08-10,gfex_warehouse_receipt_structured_fact:discovery_abs_change_q75_ge_819,derived_from_audited_official_json,47,47,ed832bbb5c78581428f25c53b44d4ea70deb415ed4bf938dcc732b3dd926bfce,广州期货交易所,https://www.gfex.com.cn/gfex/cdrb/hqsj_tjsj.shtml,2026-08-14T18:26:02+08:00
GFEX-WR-20260811,2026-08-11,gfex_warehouse_receipt_structured_fact:discovery_abs_change_q75_ge_819,derived_from_audited_official_json,46,46,1c93a7147c58aadf8aaaf6cd6cb7d17cd684ec18451199e587a864ef52f68ceb,广州期货交易所,https://www.gfex.com.cn/gfex/cdrb/hqsj_tjsj.shtml,2026-08-14T18:26:02+08:00
GFEX-WR-20260812,2026-08-12,gfex_warehouse_receipt_structured_fact:discovery_abs_change_q75_ge_819,derived_from_audited_official_json,47,47,8a048e0299653b9765a0668673fd7620ae4821af0662ebc88e6bd7432ef27fd9,广州期货交易所,https://www.gfex.com.cn/gfex/cdrb/hqsj_tjsj.shtml,2026-08-14T18:26:02+08:00
