doc_id,publish_time,status,model,request_id,error,annotation_input_sha256,prompt_version,annotated_at
LC-TEXT-0001,2023-08-15,accepted,Qwen/Qwen2.5-0.5B-Instruct,local-7b04be079c09304c,,73938e1b76209683cc57ffc1404ab1a9ac5af200c7d1fc8d367a307a1cd0b6a7,local-qwen-two-pass-v5-balanced-warehouse,2026-08-14T15:05:14+08:00
LC-TEXT-0002,2023-09-15,accepted,Qwen/Qwen2.5-0.5B-Instruct,local-722a5c3f31a28730,,917741b505de56318169b7b808b04883b6cc848cab172d5a1c4700b3a3a9ddeb,local-qwen-two-pass-v5-balanced-warehouse,2026-08-14T15:05:19+08:00
LC-TEXT-0003,2023-10-18,accepted,Qwen/Qwen2.5-0.5B-Instruct,local-696728bab89e0cf1,,3736da76c08fcc2f4d0e0c2a11bbd310ee86a0ec6f610e420dfdd2427306d143,local-qwen-two-pass-v5-balanced-warehouse,2026-08-14T15:05:24+08:00
LC-TEXT-0004,2023-11-15,accepted,Qwen/Qwen2.5-0.5B-Instruct,local-6e558fb1022e9dcf,,62e48133558dd72ce106527f7e79c652da3208564ad54a495e7f2fafde161217,local-qwen-two-pass-v5-balanced-warehouse,2026-08-14T15:05:33+08:00
LC-TEXT-0008,2024-05-15,accepted,Qwen/Qwen2.5-0.5B-Instruct,local-424b28fca31a8cdf,,9d514585c5277c8d92c5b1c49832512ad9193a9f8ff0cb5540c83b0fbd54af71,local-qwen-two-pass-v5-balanced-warehouse,2026-08-14T15:08:36+08:00
LC-TEXT-0009,2024-08-16,accepted,Qwen/Qwen2.5-0.5B-Instruct,local-4ea3601b8643558f,,9f3f3dc5eb9535e1f4679317fe271e0688554dcc8322d5ccdb4bad164b8d5a7d,local-qwen-two-pass-v5-balanced-warehouse,2026-08-14T15:09:37+08:00
LC-TEXT-0011,2024-12-24,accepted,Qwen/Qwen2.5-0.5B-Instruct,local-3431a956e4dd96c3,,e812ccae2ced2e56835567c4c6d74fa3eaa798a81918825a3c6de7af0a99fd9d,local-qwen-two-pass-v5-balanced-warehouse,2026-08-14T15:12:39+08:00
LC-TEXT-0013,2025-01-14,accepted,Qwen/Qwen2.5-0.5B-Instruct,local-b170ba869443dee1,,ec12996a061be6e1f512f817b6d7d31989a80084b9ea580cce39038687d09810,local-qwen-two-pass-v5-balanced-warehouse,2026-08-14T15:54:39+08:00
LC-TEXT-0014,2025-01-16,accepted,Qwen/Qwen2.5-0.5B-Instruct,local-763282e558916664,,1976c897e0a5e1afad26808c86a2b206cd494c1209501d44ccce3b150ae63415,local-qwen-two-pass-v5-balanced-warehouse,2026-08-14T15:54:53+08:00
LC-TEXT-0016,2025-01-23,accepted,Qwen/Qwen2.5-0.5B-Instruct,local-2038766e1ff18ed9,,8dddd184c04f19bfa84a26dcf8ae47efb3e31d741ce8a859c15672e2b2b852f9,local-qwen-two-pass-v5-balanced-warehouse,2026-08-14T15:56:17+08:00
LC-TEXT-0025,2025-12-11,accepted,Qwen/Qwen2.5-0.5B-Instruct,local-dcd35601f5aefdc9,,2c2e589f06b0346802e44bbcca4c2ca7ff6b55986904de49e4f175e0ea9f9896,local-qwen-two-pass-v5-balanced-warehouse,2026-08-14T16:04:39+08:00
LC-TEXT-0028,2026-01-12,accepted,Qwen/Qwen2.5-0.5B-Instruct,local-7bee24c6c702ff6e,,2f6934d85bf67cd50b452101c85a1141a19785037b0e79ec8dc804ecbdbc665c,local-qwen-two-pass-v5-balanced-warehouse,2026-08-14T16:05:49+08:00
LC-TEXT-0033,2026-01-30,accepted,Qwen/Qwen2.5-0.5B-Instruct,local-1b66bc7fa04dcfc9,,09a663b1a9e0591273b3d3613192094bd9893b81f5521f1c4d08961501f779a2,local-qwen-two-pass-v5-balanced-warehouse,2026-08-14T16:09:00+08:00
LC-TEXT-0034,2026-02-04,accepted,Qwen/Qwen2.5-0.5B-Instruct,local-f62722a0c271c87d,,bd4e7e87d737f69889a949c87c776619e0e37e024ac0d8cf3188a932f417abc9,local-qwen-two-pass-v5-balanced-warehouse,2026-08-14T16:09:18+08:00
LC-TEXT-0042,2026-04-01,accepted,Qwen/Qwen2.5-0.5B-Instruct,local-279898a0730b32b2,,b03869f912bfbd2339584e26531330eff0f23989f9ce8a908b165daec5f13026,local-qwen-two-pass-v5-balanced-warehouse,2026-08-14T16:12:33+08:00
LC-TEXT-0052,2026-05-18,accepted,Qwen/Qwen2.5-0.5B-Instruct,local-6834c8836eab887e,,5a23762a3f9b7a6dd8d9c256290fab52b76fc3dbf6f711217ff5c35e991008b7,local-qwen-two-pass-v5-balanced-warehouse,2026-08-14T16:17:19+08:00
LC-TEXT-0054,2026-06-01,accepted,Qwen/Qwen2.5-0.5B-Instruct,local-22faecc392ff09d8,,b0220c74b678b6d9e6077ce83adad7cf82571c0461f4afcfced412e23d39aa21,local-qwen-two-pass-v5-balanced-warehouse,2026-08-14T16:17:48+08:00
LC-TEXT-0061,2026-06-24,accepted,Qwen/Qwen2.5-0.5B-Instruct,local-e3bfb157310e039a,,7dcd2f6064de0e0d473b205f778d3ce26551d6b17a8f13bd7c3e159f7aff9b16,local-qwen-two-pass-v5-balanced-warehouse,2026-08-14T16:20:28+08:00
LC-TEXT-0005,2023-12-15,accepted,Qwen/Qwen2.5-0.5B-Instruct,local-f3d2626a6b187eca,,c745e1f65b9c641da7b3d0c62ed8e0faf120d1536613d9723b2c5c642de0b671,local-qwen-two-pass-v5-balanced-warehouse,2026-08-14T16:32:41+08:00
GFEX-WR-20231222,2023-12-22,accepted,Qwen/Qwen2.5-0.5B-Instruct,local-582161676c5fd8a1,,ac4cd865c82bed92b89d72e44875bbae2e72624402ac9e499f9c0ce619272412,local-qwen-two-pass-v5-balanced-warehouse,2026-08-14T16:32:47+08:00
GFEX-WR-20231229,2023-12-29,accepted,Qwen/Qwen2.5-0.5B-Instruct,local-814c7ee90d70c760,,834ffcd6f03c10944df3a4397b759e176c6917dab74c9cebbc45ac5caf1f8f4b,local-qwen-two-pass-v5-balanced-warehouse,2026-08-14T16:32:50+08:00
GFEX-WR-20240105,2024-01-05,accepted,Qwen/Qwen2.5-0.5B-Instruct,local-ee6d4609601e7361,,3cce38debd57ebbc49971fa3c7932fc2a6e519eb602365e48f91855973ad471d,local-qwen-two-pass-v5-balanced-warehouse,2026-08-14T16:32:53+08:00
GFEX-WR-20240112,2024-01-12,accepted,Qwen/Qwen2.5-0.5B-Instruct,local-74055f4c12c0e5ae,,347f2f435fdd84351df54eda8066ae200a60026fbcdcd46d99a8ec254d81d966,local-qwen-two-pass-v5-balanced-warehouse,2026-08-14T16:32:55+08:00
GFEX-WR-20240207,2024-02-07,accepted,Qwen/Qwen2.5-0.5B-Instruct,local-d7c8bd37430a547e,,564df9bc795ed0e082b1fe6fae5492ff1679d6c6acdae48fbcec3b54b30e2647,local-qwen-two-pass-v5-balanced-warehouse,2026-08-14T16:32:58+08:00
LC-TEXT-0006,2024-02-20,accepted,Qwen/Qwen2.5-0.5B-Instruct,local-c2fdbc1fcbe90097,,7ae4760c753237cca50ec88b728feb70ee9e216fa1f3e244eb302c09a322d2d3,local-qwen-two-pass-v5-balanced-warehouse,2026-08-14T16:33:04+08:00
GFEX-WR-20240306,2024-03-06,accepted,Qwen/Qwen2.5-0.5B-Instruct,local-9a958502c272ee9a,,d4554c2076c0429e25f070dc4a1edfc152cd81bff7fa86adeab6f8738cb17300,local-qwen-two-pass-v5-balanced-warehouse,2026-08-14T16:33:04+08:00
GFEX-WR-20240325,2024-03-25,accepted,Qwen/Qwen2.5-0.5B-Instruct,local-b55ae209f59b5ddc,,1459f2fb74ba451bf24df901d26e7abb7eddc8c50a8f131116a915713b8261c3,local-qwen-two-pass-v5-balanced-warehouse,2026-08-14T16:33:08+08:00
GFEX-WR-20240328,2024-03-28,accepted,Qwen/Qwen2.5-0.5B-Instruct,local-fac74c1b901510fb,,5f1088bba57eb0d556a81689bb1d1e2e9d38fa3b9fbb30eafb8e1878c5852cb5,local-qwen-two-pass-v5-balanced-warehouse,2026-08-14T16:33:11+08:00
GFEX-WR-20240329,2024-03-29,accepted,Qwen/Qwen2.5-0.5B-Instruct,local-3db264a30c82dbfa,,36722375db290625f780204536ea294121e70db46586b603b51dae82c64b767a,local-qwen-two-pass-v5-balanced-warehouse,2026-08-14T16:33:14+08:00
GFEX-WR-20240401,2024-04-01,accepted,Qwen/Qwen2.5-0.5B-Instruct,local-2e19a1ee1437302f,,39f9fc7bc7395cddb847ad5a6db42381762c8f0ed465509abe377de58be04dc8,local-qwen-two-pass-v5-balanced-warehouse,2026-08-14T16:33:17+08:00
GFEX-WR-20240402,2024-04-02,accepted,Qwen/Qwen2.5-0.5B-Instruct,local-6520270c6fd1d55f,,84fd011b43764e79d7f9719856701b3df409f95fffc7b1ae8a5b3c3e15222a30,local-qwen-two-pass-v5-balanced-warehouse,2026-08-14T16:33:19+08:00
LC-TEXT-0007,2024-04-02,accepted,Qwen/Qwen2.5-0.5B-Instruct,local-899bc3eb98e4744e,,6b820d94a6bd4261412500949dd2ccb76a3926f43dd75df31f9303b59765dc7d,local-qwen-two-pass-v5-balanced-warehouse,2026-08-14T16:33:27+08:00
GFEX-WR-20240403,2024-04-03,accepted,Qwen/Qwen2.5-0.5B-Instruct,local-79acc9a5b52803ec,,2c13edfc16631e953dc3972c3c39029f85a74e2f651a00091c69906fdd47edae,local-qwen-two-pass-v5-balanced-warehouse,2026-08-14T16:33:29+08:00
GFEX-WR-20240408,2024-04-08,accepted,Qwen/Qwen2.5-0.5B-Instruct,local-5bb5345366330a40,,c651e7ce771deb2834766a143b74206f178f89dfee5a46da438ebd771e295948,local-qwen-two-pass-v5-balanced-warehouse,2026-08-14T16:33:32+08:00
GFEX-WR-20240409,2024-04-09,accepted,Qwen/Qwen2.5-0.5B-Instruct,local-d1f33ae6b3367fe3,,20fa43f6674a18089b6ee934986d08e3451715a6d8e0cc0fbdbfcad44ca84645,local-qwen-two-pass-v5-balanced-warehouse,2026-08-14T16:33:35+08:00
GFEX-WR-20240411,2024-04-11,accepted,Qwen/Qwen2.5-0.5B-Instruct,local-30dd55b5fd7e4dd2,,3e081dacc4a65c5e4ec331c82e4df10fa40521811dd037a88bdb065278788c44,local-qwen-two-pass-v5-balanced-warehouse,2026-08-14T16:33:38+08:00
GFEX-WR-20240416,2024-04-16,accepted,Qwen/Qwen2.5-0.5B-Instruct,local-99390f32607cd781,,83ceda0a3a81cccf3fd7aea9950eb85df59528052fa46cc331933ea4d80739d4,local-qwen-two-pass-v5-balanced-warehouse,2026-08-14T16:33:41+08:00
GFEX-WR-20240508,2024-05-08,accepted,Qwen/Qwen2.5-0.5B-Instruct,local-0d24f3c3a172a0cc,,71ecc797603df6c30aea6822c433849b48b1c94863431c38ac555417c444136a,local-qwen-two-pass-v5-balanced-warehouse,2026-08-14T16:33:45+08:00
GFEX-WR-20240603,2024-06-03,accepted,Qwen/Qwen2.5-0.5B-Instruct,local-a90772f1f3de3ce0,,9d6ca0063c2e24b0780eca0b082f4de111d8c6ed72a31f3362155a7bc83500a5,local-qwen-two-pass-v5-balanced-warehouse,2026-08-14T16:33:48+08:00
GFEX-WR-20240605,2024-06-05,accepted,Qwen/Qwen2.5-0.5B-Instruct,local-bbdc0de7f2cbb638,,69c11345cf9f75e992b1beed0534fc4437ba4b0c7b7f6bbca4bface4b05ab7e0,local-qwen-two-pass-v5-balanced-warehouse,2026-08-14T16:33:51+08:00
GFEX-WR-20240704,2024-07-04,accepted,Qwen/Qwen2.5-0.5B-Instruct,local-6dbe4afed4b005b2,,692209755636ce24300c568bf33e1321585ee352f9d3b4c2093f4104e673c24d,local-qwen-two-pass-v5-balanced-warehouse,2026-08-14T16:33:54+08:00
GFEX-WR-20240708,2024-07-08,accepted,Qwen/Qwen2.5-0.5B-Instruct,local-2c587bd8c72207c0,,c07b39fc31f7c87503c9cfe500a71d8481d91816dc101fa056237d449173b834,local-qwen-two-pass-v5-balanced-warehouse,2026-08-14T16:33:57+08:00
GFEX-WR-20240717,2024-07-17,accepted,Qwen/Qwen2.5-0.5B-Instruct,local-cf151e2e6389842b,,97b377cfcdac5182badbfabd70174d912873f358a7d8d1178b67e11d1413c348,local-qwen-two-pass-v5-balanced-warehouse,2026-08-14T16:33:59+08:00
GFEX-WR-20240719,2024-07-19,accepted,Qwen/Qwen2.5-0.5B-Instruct,local-94f52e701621eeb9,,dcb5c9620337b4fe4b7102c7eb5f310fab84373d6d4647be8d8c6e2c69c75363,local-qwen-two-pass-v5-balanced-warehouse,2026-08-14T16:34:02+08:00
GFEX-WR-20240723,2024-07-23,accepted,Qwen/Qwen2.5-0.5B-Instruct,local-506f4c3694f1b9cb,,8ad170c85d2babc637d5a9c24be7785b0c558651d191eb28a72925ce57b27a95,local-qwen-two-pass-v5-balanced-warehouse,2026-08-14T16:34:05+08:00
GFEX-WR-20240729,2024-07-29,accepted,Qwen/Qwen2.5-0.5B-Instruct,local-44fe64e42ae007ab,,11301474ff7b5a3e77dd39304593e80931095bf75dafd7da2a168717cdf3c7e5,local-qwen-two-pass-v5-balanced-warehouse,2026-08-14T16:34:08+08:00
GFEX-WR-20240730,2024-07-30,accepted,Qwen/Qwen2.5-0.5B-Instruct,local-3704afa70cdfa89b,,712a166bc0fb55f9b31b7bb05c0431730d1f7a52ec65a6cb287be725e059a608,local-qwen-two-pass-v5-balanced-warehouse,2026-08-14T16:34:11+08:00
GFEX-WR-20240731,2024-07-31,accepted,Qwen/Qwen2.5-0.5B-Instruct,local-4bbfc3782f75566c,,7c84b76b01c7e7c5ae5ce53344fcb324f98b07aa64db2e1b7cceb3f4a99e9800,local-qwen-two-pass-v5-balanced-warehouse,2026-08-14T16:34:13+08:00
GFEX-WR-20240801,2024-08-01,accepted,Qwen/Qwen2.5-0.5B-Instruct,local-7112bf2b537ab1a8,,795fb9c00cd95946632bb62a133f737f3a9d5ef26496f48df74258fbaae8e3e5,local-qwen-two-pass-v5-balanced-warehouse,2026-08-14T16:34:16+08:00
GFEX-WR-20240802,2024-08-02,accepted,Qwen/Qwen2.5-0.5B-Instruct,local-c00dc2e0711904c5,,785d47b57ee63ea4c498e20886ced54562d60d8284370c31328f5fc633d2ea86,local-qwen-two-pass-v5-balanced-warehouse,2026-08-14T16:34:19+08:00
GFEX-WR-20240805,2024-08-05,accepted,Qwen/Qwen2.5-0.5B-Instruct,local-72ff9cb67673be92,,a96a23518afcc4b03e261a963f3c1b7379584767ad36f64f405ba442dbaf1db6,local-qwen-two-pass-v5-balanced-warehouse,2026-08-14T16:34:22+08:00
GFEX-WR-20240806,2024-08-06,accepted,Qwen/Qwen2.5-0.5B-Instruct,local-be35bcff0d7005d6,,b9a75471261f7b1074ed33ab2f2250659df2ae0bd024b979d440783db41b03ea,local-qwen-two-pass-v5-balanced-warehouse,2026-08-14T16:34:25+08:00
GFEX-WR-20240807,2024-08-07,accepted,Qwen/Qwen2.5-0.5B-Instruct,local-d22ca459ff81c68e,,fed4776318774ed1db85674399aa6eaa0513f7d6075e312a8bb0e63d2487625c,local-qwen-two-pass-v5-balanced-warehouse,2026-08-14T16:34:28+08:00
GFEX-WR-20240812,2024-08-12,accepted,Qwen/Qwen2.5-0.5B-Instruct,local-7acb9f7634ed9550,,35d34cc7635ac76bd730f35319f50ae29ab81c40a311058daedf56ada1db5fbf,local-qwen-two-pass-v5-balanced-warehouse,2026-08-14T16:34:31+08:00
GFEX-WR-20240821,2024-08-21,accepted,Qwen/Qwen2.5-0.5B-Instruct,local-eb547dd1f377ea77,,b37e0c7e4956225a113c1eba4a4af78304f40b1bddcc6d98e1f27cd487b9a81d,local-qwen-two-pass-v5-balanced-warehouse,2026-08-14T16:34:34+08:00
GFEX-WR-20240823,2024-08-23,accepted,Qwen/Qwen2.5-0.5B-Instruct,local-cd59bdb6af4d7c81,,4977a088914b7120d4bc2277c3e56771e94d7282638f531fdba846a94d518a4e,local-qwen-two-pass-v5-balanced-warehouse,2026-08-14T16:34:37+08:00
GFEX-WR-20240827,2024-08-27,accepted,Qwen/Qwen2.5-0.5B-Instruct,local-fb8f09c9522d5a16,,3dda9288274a4754c729c1758735ce46c228f83bc00a4f91af7114efae417674,local-qwen-two-pass-v5-balanced-warehouse,2026-08-14T16:34:40+08:00
GFEX-WR-20240830,2024-08-30,accepted,Qwen/Qwen2.5-0.5B-Instruct,local-f41d25fad0e11ecd,,41d05504d9f3049eb97b31109dd5a015631cae96c78ab03164aab1a69ccc6fa0,local-qwen-two-pass-v5-balanced-warehouse,2026-08-14T16:34:43+08:00
GFEX-WR-20240904,2024-09-04,accepted,Qwen/Qwen2.5-0.5B-Instruct,local-1081aa583e6d7db0,,41da9b178cb958f74ae8c9269abd5d8f02149665de0b76d8944ef1a9e11da6bf,local-qwen-two-pass-v5-balanced-warehouse,2026-08-14T16:34:46+08:00
GFEX-WR-20240912,2024-09-12,accepted,Qwen/Qwen2.5-0.5B-Instruct,local-ee86a15d33c8ac2e,,40d9dfe7436f68a8e80caac146951430cf8ff22d8ec6331f810f5dfadc1e4162,local-qwen-two-pass-v5-balanced-warehouse,2026-08-14T16:34:49+08:00
GFEX-WR-20241008,2024-10-08,accepted,Qwen/Qwen2.5-0.5B-Instruct,local-a0dd1a94aba2a988,,97a953b09f11182e42fba9a8d5b90cf38075081a0a48f78fa12edfe6e34eb9ae,local-qwen-two-pass-v5-balanced-warehouse,2026-08-14T16:34:52+08:00
GFEX-WR-20241014,2024-10-14,accepted,Qwen/Qwen2.5-0.5B-Instruct,local-7230a9b673d052f8,,820cd7e44b4b4004d60eece80a0961c669d50eda12d95aff4b9bfe47570ef64b,local-qwen-two-pass-v5-balanced-warehouse,2026-08-14T16:34:55+08:00
GFEX-WR-20241021,2024-10-21,accepted,Qwen/Qwen2.5-0.5B-Instruct,local-54e380ba2adfd0c6,,8990ec67fd69820a1260a0154b6ec1fa083add7849a77f7df7d412caf33198ab,local-qwen-two-pass-v5-balanced-warehouse,2026-08-14T16:34:58+08:00
GFEX-WR-20241104,2024-11-04,accepted,Qwen/Qwen2.5-0.5B-Instruct,local-055816fecb782046,,d38f41b46a28bf66b4bd29fd2ba2515abe988ae8c16d55c88e8618261b6bc506,local-qwen-two-pass-v5-balanced-warehouse,2026-08-14T16:35:01+08:00
GFEX-WR-20241105,2024-11-05,accepted,Qwen/Qwen2.5-0.5B-Instruct,local-084f3e16376fa500,,8d4d4272e8afad160c9e46609a0143c9cf79a6457720b5fd5f235e1e7dbeb8c9,local-qwen-two-pass-v5-balanced-warehouse,2026-08-14T16:35:04+08:00
GFEX-WR-20241111,2024-11-11,accepted,Qwen/Qwen2.5-0.5B-Instruct,local-88e6cad206abe0eb,,22d9a9c29d2c14e4b661248e42c63c3377eaf36e3f2afe520adb8cb87c1fe58b,local-qwen-two-pass-v5-balanced-warehouse,2026-08-14T16:35:06+08:00
GFEX-WR-20241113,2024-11-13,accepted,Qwen/Qwen2.5-0.5B-Instruct,local-bd2b0915b31aa10a,,feb4e872fbfafff56a8106684874a82f00a43211eabfee3aa19513be7e30288b,local-qwen-two-pass-v5-balanced-warehouse,2026-08-14T16:35:10+08:00
GFEX-WR-20241118,2024-11-18,accepted,Qwen/Qwen2.5-0.5B-Instruct,local-561ad51abdd66358,,c4c33e964ea4420939c34c2e71920228a6a30bc66ad0ce668014d23e40c1175f,local-qwen-two-pass-v5-balanced-warehouse,2026-08-14T16:35:13+08:00
GFEX-WR-20241127,2024-11-27,accepted,Qwen/Qwen2.5-0.5B-Instruct,local-85cf6a1a890b396e,,655794947baa09ffec61c8a67b0acecad8940d519fb8ef9736250d3dfe8185d1,local-qwen-two-pass-v5-balanced-warehouse,2026-08-14T16:35:15+08:00
GFEX-WR-20241129,2024-11-29,accepted,Qwen/Qwen2.5-0.5B-Instruct,local-b31e6b490f56ab2c,,dc9417c280a453e33d98da8745b5948690b9d0dc712fe9d8c50867c62acfa7d9,local-qwen-two-pass-v5-balanced-warehouse,2026-08-14T16:35:19+08:00
GFEX-WR-20241202,2024-12-02,accepted,Qwen/Qwen2.5-0.5B-Instruct,local-8113b951d6368ab0,,8d8feee26aba721b37a5728d8a41edeadcf2bb4e8cd2cd04f821e272c1552c38,local-qwen-two-pass-v5-balanced-warehouse,2026-08-14T16:35:22+08:00
GFEX-WR-20241204,2024-12-04,accepted,Qwen/Qwen2.5-0.5B-Instruct,local-090e1eb3d34f5e59,,324912929956f6fa919447acde211ebb050ea8856b7591e0faabb18888ddce6b,local-qwen-two-pass-v5-balanced-warehouse,2026-08-14T16:35:25+08:00
GFEX-WR-20241205,2024-12-05,accepted,Qwen/Qwen2.5-0.5B-Instruct,local-ff96a8655a3344bc,,b76bf4081d6bb8c9ef86c5a68c3d63a9afde7795a79c13eb023ecdd16500d714,local-qwen-two-pass-v5-balanced-warehouse,2026-08-14T16:35:28+08:00
GFEX-WR-20241206,2024-12-06,accepted,Qwen/Qwen2.5-0.5B-Instruct,local-068ec88c0d588576,,f4c75d84e9a82b4762221d477a8040e2f0ed6a75890fb1f0663cec719eec0325,local-qwen-two-pass-v5-balanced-warehouse,2026-08-14T16:35:31+08:00
GFEX-WR-20241209,2024-12-09,accepted,Qwen/Qwen2.5-0.5B-Instruct,local-011a5e4e2c60470c,,b27d646ad6ebb5ccd3af2a504f3d6c75031f7020f7dfd6fd5fc3695476a53655,local-qwen-two-pass-v5-balanced-warehouse,2026-08-14T16:35:34+08:00
GFEX-WR-20241210,2024-12-10,accepted,Qwen/Qwen2.5-0.5B-Instruct,local-aeb91433584cdc0d,,971433a9aec93d8d6abef1f32c903266fc5d809aa95ac49aac47119086e1c7a0,local-qwen-two-pass-v5-balanced-warehouse,2026-08-14T16:35:37+08:00
GFEX-WR-20241211,2024-12-11,accepted,Qwen/Qwen2.5-0.5B-Instruct,local-69a1704a609706e3,,f6d0e4b177e11e06d88855d108667a679a4c8ef28e76bd0904a0c327f59ca8a6,local-qwen-two-pass-v5-balanced-warehouse,2026-08-14T16:35:40+08:00
GFEX-WR-20241212,2024-12-12,accepted,Qwen/Qwen2.5-0.5B-Instruct,local-42fe37a0bc87f954,,1b827e2ab7142a3cd08fb3ebcf80418d982588ec5caf7e2e200c0d001e52b8f5,local-qwen-two-pass-v5-balanced-warehouse,2026-08-14T16:35:42+08:00
GFEX-WR-20241217,2024-12-17,accepted,Qwen/Qwen2.5-0.5B-Instruct,local-cca9f19500a516ed,,7470d80a25fbc1aba65bdf0eb4c495c0a0cc8880c86c3d2fadf9532c827b801d,local-qwen-two-pass-v5-balanced-warehouse,2026-08-14T16:35:45+08:00
GFEX-WR-20241218,2024-12-18,accepted,Qwen/Qwen2.5-0.5B-Instruct,local-77e6e68e450ee295,,e25ef8d49686d01f3d20a1680b4cff85f3bbf756e3f07bef38f970c7d13671e7,local-qwen-two-pass-v5-balanced-warehouse,2026-08-14T16:35:49+08:00
GFEX-WR-20241220,2024-12-20,accepted,Qwen/Qwen2.5-0.5B-Instruct,local-ab50aa047925afeb,,6e8492c0c21114c0f0e19e5b87f690e12186bead3abeb0b9fc44e985ec4ce49a,local-qwen-two-pass-v5-balanced-warehouse,2026-08-14T16:35:52+08:00
LC-TEXT-0010,2024-12-20,accepted,Qwen/Qwen2.5-0.5B-Instruct,local-ae37c6249afed065,,1129e72899d6242a2cf071cbfedac5e4c66c64f972eca8f3647244789287aa99,local-qwen-two-pass-v5-balanced-warehouse,2026-08-14T16:36:08+08:00
GFEX-WR-20241224,2024-12-24,accepted,Qwen/Qwen2.5-0.5B-Instruct,local-e9205a8e2a1c8e71,,5183cf15a3fed14e352cd50339cd47f27b7b0c7992bb3de74e4c11bcbc9b4027,local-qwen-two-pass-v5-balanced-warehouse,2026-08-14T16:36:11+08:00
GFEX-WR-20241226,2024-12-26,accepted,Qwen/Qwen2.5-0.5B-Instruct,local-1ded43150791227e,,d03f9f816930d558f6e2e342ab8bba580144d2aab5806ba956bdf57aabe72a55,local-qwen-two-pass-v5-balanced-warehouse,2026-08-14T16:36:14+08:00
GFEX-WR-20241231,2024-12-31,accepted,Qwen/Qwen2.5-0.5B-Instruct,local-d050ece9de652b07,,a179209686c16b0fd4a58be9acf80b475bcaabb350fa64b807ab80e61346e0f3,local-qwen-two-pass-v5-balanced-warehouse,2026-08-14T16:36:56+08:00
GFEX-WR-20250102,2025-01-02,accepted,Qwen/Qwen2.5-0.5B-Instruct,local-8771d7cdd682411f,,ecd05d1b943505cccf24a1ecff5ae7ea899406ec12b3f3f0da6022364bef973e,local-qwen-two-pass-v5-balanced-warehouse,2026-08-14T16:37:10+08:00
GFEX-WR-20250108,2025-01-08,accepted,Qwen/Qwen2.5-0.5B-Instruct,local-b2fa4d048e0cd585,,152953e892945f282202382bb463c088ee0f2e13df9269afe17ab45a9c84b68b,local-qwen-two-pass-v5-balanced-warehouse,2026-08-14T16:37:15+08:00
GFEX-WR-20250110,2025-01-10,accepted,Qwen/Qwen2.5-0.5B-Instruct,local-892c3fed7a0e4912,,75c0386f9786aa8c0954c47cfe87c23f63e8ec21a35050a2667d70c8e01a2168,local-qwen-two-pass-v5-balanced-warehouse,2026-08-14T16:37:19+08:00
GFEX-WR-20250116,2025-01-16,accepted,Qwen/Qwen2.5-0.5B-Instruct,local-57d5f811b44cc79a,,b3a5fa804ba72e5670401ec383d9f40065475cc400bdf389c012da380657bed0,local-qwen-two-pass-v5-balanced-warehouse,2026-08-14T16:37:23+08:00
GFEX-WR-20250121,2025-01-21,accepted,Qwen/Qwen2.5-0.5B-Instruct,local-adae7d2e7be78562,,3ab003b94443c6a6942e026074926bd9cbba49eea37695e5df7998f9cfb0dbff,local-qwen-two-pass-v5-balanced-warehouse,2026-08-14T16:37:51+08:00
GFEX-WR-20250122,2025-01-22,accepted,Qwen/Qwen2.5-0.5B-Instruct,local-9ff36b34e2bb7fb5,,beea603d7159be5b9cc840122914f608d56b3dc73b7e68304cfca410726fe905,local-qwen-two-pass-v5-balanced-warehouse,2026-08-14T16:37:56+08:00
GFEX-WR-20250127,2025-01-27,accepted,Qwen/Qwen2.5-0.5B-Instruct,local-71f04ce658e9978b,,4a6f00f32acb5f2799b8b5d78a3628a1c05e1181185d2f02b327e1e48d8e97d9,local-qwen-two-pass-v5-balanced-warehouse,2026-08-14T16:38:01+08:00
LC-TEXT-0017,2025-02-04,accepted,Qwen/Qwen2.5-0.5B-Instruct,local-8471e9de77fc8c67,,fb011161c99f064e2ea072ceaa850b6ef49f5825de2f20ffe776a49d937c617c,local-qwen-two-pass-v5-balanced-warehouse,2026-08-14T16:38:55+08:00
GFEX-WR-20250210,2025-02-10,accepted,Qwen/Qwen2.5-0.5B-Instruct,local-387393803b463ef8,,440073ec9b74a27b7f9e170bc852fad2d27dee50acf9b1bcba44eb88074b14d6,local-qwen-two-pass-v5-balanced-warehouse,2026-08-14T16:39:00+08:00
GFEX-WR-20250213,2025-02-13,accepted,Qwen/Qwen2.5-0.5B-Instruct,local-dc98b15ebcad3f08,,82f5c082388de32b033562c0d22471da1c348d82d3438a47bcd335389ed8edcf,local-qwen-two-pass-v5-balanced-warehouse,2026-08-14T16:39:04+08:00
GFEX-WR-20250227,2025-02-27,accepted,Qwen/Qwen2.5-0.5B-Instruct,local-e93e5ca28e9fac10,,f26c0a9352a696862e3423ca32cb5ff717b378451c2c870c825bae153e8157c2,local-qwen-two-pass-v5-balanced-warehouse,2026-08-14T16:39:08+08:00
GFEX-WR-20250306,2025-03-06,accepted,Qwen/Qwen2.5-0.5B-Instruct,local-be25c566ce6b3d4e,,ebac7366d24fa48a90878a3e8de2cdc25eb6cfe2df9b2866dc447c8f0a807cb1,local-qwen-two-pass-v5-balanced-warehouse,2026-08-14T16:39:12+08:00
GFEX-WR-20250307,2025-03-07,accepted,Qwen/Qwen2.5-0.5B-Instruct,local-7a9fbd927a71491f,,42f50597b8ecde2ccc5b1c8bf65b767bde58b2f8bcbc7a0f461774cec55956ab,local-qwen-two-pass-v5-balanced-warehouse,2026-08-14T16:39:17+08:00
GFEX-WR-20250310,2025-03-10,accepted,Qwen/Qwen2.5-0.5B-Instruct,local-24e35ec42cf12e45,,a23c9a10bb1c405133a9033fa91ed3c7f2bd6d43689c87afa951afb2da5fecc7,local-qwen-two-pass-v5-balanced-warehouse,2026-08-14T16:39:20+08:00
GFEX-WR-20250313,2025-03-13,accepted,Qwen/Qwen2.5-0.5B-Instruct,local-e643832b9e06df68,,2c65ce5660eb2adb9f71985c8708e5221e3082d60edf76494175681dcdefdf7a,local-qwen-two-pass-v5-balanced-warehouse,2026-08-14T16:39:24+08:00
GFEX-WR-20250314,2025-03-14,accepted,Qwen/Qwen2.5-0.5B-Instruct,local-d10f1b00893858ae,,a94044b5ed2d8e51b10aa7da32c6e97c038994d21df593e56ec60e3bfa9908ba,local-qwen-two-pass-v5-balanced-warehouse,2026-08-14T16:39:28+08:00
GFEX-WR-20250319,2025-03-19,accepted,Qwen/Qwen2.5-0.5B-Instruct,local-124d14321979f262,,d1f75eda9defa05907f495b1a4a51dde7141a85f3a970254ae6faf57eefae9b2,local-qwen-two-pass-v5-balanced-warehouse,2026-08-14T16:39:33+08:00
GFEX-WR-20250320,2025-03-20,accepted,Qwen/Qwen2.5-0.5B-Instruct,local-55fbc83f3344deda,,921bcc4d3c5cbb2dc2974d1c63974875a872cd2d2c44f4e79989903b4c47b06a,local-qwen-two-pass-v5-balanced-warehouse,2026-08-14T16:39:37+08:00
GFEX-WR-20250324,2025-03-24,accepted,Qwen/Qwen2.5-0.5B-Instruct,local-c696048337e63e46,,ab4f6f86e71817032398b92c9e6c8b3953e4ddb80d9214d6cf5d6cce0b46d46c,local-qwen-two-pass-v5-balanced-warehouse,2026-08-14T16:39:41+08:00
GFEX-WR-20250331,2025-03-31,accepted,Qwen/Qwen2.5-0.5B-Instruct,local-6b50da99852b37f4,,192e54e19538d7d4f680224eabdf816c2af7ff243ed02510effb1a7d45e4c2f6,local-qwen-two-pass-v5-balanced-warehouse,2026-08-14T16:39:47+08:00
GFEX-WR-20250401,2025-04-01,accepted,Qwen/Qwen2.5-0.5B-Instruct,local-d097df39b99e6231,,4b50101fe4e7914dd89d8fc7e7943495a7a8a0b25c856f1b8db7a756f1cb2b41,local-qwen-two-pass-v5-balanced-warehouse,2026-08-14T16:39:51+08:00
GFEX-WR-20250402,2025-04-02,accepted,Qwen/Qwen2.5-0.5B-Instruct,local-cb328335858e5d4e,,b7c5ca20c29f1cf4ab225f26944fd9ec27078c8bb0262a9d5a3d3227e49dfc28,local-qwen-two-pass-v5-balanced-warehouse,2026-08-14T16:39:55+08:00
GFEX-WR-20250403,2025-04-03,accepted,Qwen/Qwen2.5-0.5B-Instruct,local-046951c483321202,,e0b393cff32c9328db84d2427b57aa3e4d7daf1dc8f6207e593b9673acbebf83,local-qwen-two-pass-v5-balanced-warehouse,2026-08-14T16:39:58+08:00
GFEX-WR-20250407,2025-04-07,accepted,Qwen/Qwen2.5-0.5B-Instruct,local-663c96366cfa143a,,94dc0e7143c6d46b17f8ba83705609405ffd1c4279638793e032fff0037796c8,local-qwen-two-pass-v5-balanced-warehouse,2026-08-14T16:40:02+08:00
GFEX-WR-20250408,2025-04-08,accepted,Qwen/Qwen2.5-0.5B-Instruct,local-63c48494ffd334fa,,fea1f80212fc74b505b490466ce89928240fe367910506a4342d9757b7d31f5f,local-qwen-two-pass-v5-balanced-warehouse,2026-08-14T16:40:06+08:00
GFEX-WR-20250421,2025-04-21,accepted,Qwen/Qwen2.5-0.5B-Instruct,local-bc4937deb4338a73,,9cbc2f0f04e244867b1aa458f07a7cda1ddaa0512720e7cc80733a35eaf6500b,local-qwen-two-pass-v5-balanced-warehouse,2026-08-14T16:40:41+08:00
GFEX-WR-20250422,2025-04-22,accepted,Qwen/Qwen2.5-0.5B-Instruct,local-f8d801b877ce8fd4,,2f77a881277338c7316704ca41774c247b1c9fd48ed926e9a97a6531582aba83,local-qwen-two-pass-v5-balanced-warehouse,2026-08-14T16:40:45+08:00
GFEX-WR-20250428,2025-04-28,accepted,Qwen/Qwen2.5-0.5B-Instruct,local-3ebb511370b015f2,,463ad580ee9842e3dfe266521a3feb4e39a245150e144307bd8f3e984dca8dfa,local-qwen-two-pass-v5-balanced-warehouse,2026-08-14T16:40:50+08:00
GFEX-WR-20250506,2025-05-06,accepted,Qwen/Qwen2.5-0.5B-Instruct,local-f9c3de75b0654990,,625e93eb91880266f831ccbc2deb66e5d7ac7c0585213044d2ee99aae3fcd3b8,local-qwen-two-pass-v5-balanced-warehouse,2026-08-14T16:40:54+08:00
GFEX-WR-20250507,2025-05-07,accepted,Qwen/Qwen2.5-0.5B-Instruct,local-975e537d6b347f46,,13a517cecfc5ba404892111ff29f51b1132370f1f17b89e45b76b25e6f8a9ba6,local-qwen-two-pass-v5-balanced-warehouse,2026-08-14T16:40:58+08:00
GFEX-WR-20250527,2025-05-27,accepted,Qwen/Qwen2.5-0.5B-Instruct,local-0baf45cea2752283,,5c1e2ce70c78ed6277986e0eb34d25b36c9db11223fdb59218cf799c05d67524,local-qwen-two-pass-v5-balanced-warehouse,2026-08-14T16:41:03+08:00
GFEX-WR-20250618,2025-06-18,accepted,Qwen/Qwen2.5-0.5B-Instruct,local-3a9feab4338bd668,,91feda1666b385fbc9c40ec60edceb854b6a1881ba01ae286ef23eec64a00fb5,local-qwen-two-pass-v5-balanced-warehouse,2026-08-14T16:41:50+08:00
GFEX-WR-20250620,2025-06-20,accepted,Qwen/Qwen2.5-0.5B-Instruct,local-93419d0f15e6ff5d,,9966b098f442bcf7818f068f858839d3a30ff8a5d66963d1e2fcb46abfc24de9,local-qwen-two-pass-v5-balanced-warehouse,2026-08-14T16:41:54+08:00
GFEX-WR-20250623,2025-06-23,accepted,Qwen/Qwen2.5-0.5B-Instruct,local-c95248947dd1be4e,,dd04d4d64d49f6be1a73d208b7bbd0cb18b083a02a3cb3800491516385eba79e,local-qwen-two-pass-v5-balanced-warehouse,2026-08-14T16:41:58+08:00
GFEX-WR-20250624,2025-06-24,accepted,Qwen/Qwen2.5-0.5B-Instruct,local-ecaf5dcca3676a5e,,106a0cdcfaa97d217644d41679c0977b733e6121c9c35cf12592b5dbb81c558b,local-qwen-two-pass-v5-balanced-warehouse,2026-08-14T16:42:02+08:00
GFEX-WR-20250704,2025-07-04,accepted,Qwen/Qwen2.5-0.5B-Instruct,local-dd646690b0e0ff49,,267e27026edb809654f3d4d8972785391e4232211f1b79abb5e0d4e9b94a69db,local-qwen-two-pass-v5-balanced-warehouse,2026-08-14T16:42:06+08:00
GFEX-WR-20250707,2025-07-07,accepted,Qwen/Qwen2.5-0.5B-Instruct,local-3c42379ad8745ef4,,d0a9fcb86c8af78664c03e1e8d144144eeff6df6d1b3a2d13ead8ad5e81b6a65,local-qwen-two-pass-v5-balanced-warehouse,2026-08-14T16:42:10+08:00
GFEX-WR-20250708,2025-07-08,accepted,Qwen/Qwen2.5-0.5B-Instruct,local-2b980e2717cffcb7,,64d79b24ba8b2a67b4704609f6ee141006860658a61be59966a923f8c56a5e51,local-qwen-two-pass-v5-balanced-warehouse,2026-08-14T16:42:15+08:00
GFEX-WR-20250711,2025-07-11,accepted,Qwen/Qwen2.5-0.5B-Instruct,local-312a6a264d6efac8,,778417824304dc539cec3cca5a81d21b42bacf5022c97b9dec40ace830625ec2,local-qwen-two-pass-v5-balanced-warehouse,2026-08-14T16:42:19+08:00
GFEX-WR-20250724,2025-07-24,accepted,Qwen/Qwen2.5-0.5B-Instruct,local-472b58f158e73c0e,,f8c1aaccc1c261356dd9c90409ad0bded8550fd29e171d68d37c7ec2f54b75f8,local-qwen-two-pass-v5-balanced-warehouse,2026-08-14T16:42:23+08:00
GFEX-WR-20250730,2025-07-30,accepted,Qwen/Qwen2.5-0.5B-Instruct,local-270c47c927abbb8f,,b95d75b0e8ff11fc11957742e916fe0c03e7a7b0d382ac70c42775b2c6400962,local-qwen-two-pass-v5-balanced-warehouse,2026-08-14T16:42:28+08:00
GFEX-WR-20250731,2025-07-31,accepted,Qwen/Qwen2.5-0.5B-Instruct,local-e744b32fd6854874,,c938f42074025a1dea8c29f2a46c8b78ec618b093701360b6ffac6d52ff5461a,local-qwen-two-pass-v5-balanced-warehouse,2026-08-14T16:42:32+08:00
GFEX-WR-20250801,2025-08-01,accepted,Qwen/Qwen2.5-0.5B-Instruct,local-33b8eb889c567ced,,c720e2147b13c17a390ee812677f11235c0db2eef9d5244774f4a9cd45196ada,local-qwen-two-pass-v5-balanced-warehouse,2026-08-14T16:42:37+08:00
GFEX-WR-20250804,2025-08-04,accepted,Qwen/Qwen2.5-0.5B-Instruct,local-fdd43ffad973f18b,,4052e1f23593e8faab6948deb2835a79a0a1ddeff9c38e4261d756062cf26026,local-qwen-two-pass-v5-balanced-warehouse,2026-08-14T16:42:41+08:00
GFEX-WR-20250805,2025-08-05,accepted,Qwen/Qwen2.5-0.5B-Instruct,local-819aa03ac544ee73,,f898f9119ee68df473cea48cdfe3b19c3841a4133ea45998b3730dbc1e3b28cc,local-qwen-two-pass-v5-balanced-warehouse,2026-08-14T16:42:45+08:00
GFEX-WR-20250807,2025-08-07,accepted,Qwen/Qwen2.5-0.5B-Instruct,local-74cf94f8e76280b4,,705aa5d9cfb8478fb71cfc57611a420693057f596dc672adfaf53f755ae7d08a,local-qwen-two-pass-v5-balanced-warehouse,2026-08-14T16:42:49+08:00
GFEX-WR-20250808,2025-08-08,accepted,Qwen/Qwen2.5-0.5B-Instruct,local-93b573ae4e1dc386,,b438d6fa5979c46363f33d0a5b052d920de33583c81f63d084408d1f4cd99f63,local-qwen-two-pass-v5-balanced-warehouse,2026-08-14T16:42:54+08:00
GFEX-WR-20250812,2025-08-12,accepted,Qwen/Qwen2.5-0.5B-Instruct,local-0e274134cc68eebe,,7fdc57c6e77188e5034dc2a596781191ae11b825d6f893233bcf12b22fbc847a,local-qwen-two-pass-v5-balanced-warehouse,2026-08-14T16:42:58+08:00
GFEX-WR-20250813,2025-08-13,accepted,Qwen/Qwen2.5-0.5B-Instruct,local-ecaa666a68a1c5e3,,c2b4f19a58aa6f466ede78f3d5e43ac0dc23684bceedb789db64025e93a37acf,local-qwen-two-pass-v5-balanced-warehouse,2026-08-14T16:43:02+08:00
GFEX-WR-20250815,2025-08-15,accepted,Qwen/Qwen2.5-0.5B-Instruct,local-e0db93c93f9fb6d9,,ef4d412fed09f796e67350da38bf2cd2f18071b215004fb9abb52cf4fe716307,local-qwen-two-pass-v5-balanced-warehouse,2026-08-14T16:43:07+08:00
GFEX-WR-20250826,2025-08-26,accepted,Qwen/Qwen2.5-0.5B-Instruct,local-dc5c7e221afe7bec,,95ae7707fbb79ef2b92930a8a5221b78a996d4aee03183a714f468348a39c314,local-qwen-two-pass-v5-balanced-warehouse,2026-08-14T16:43:11+08:00
LC-TEXT-0020,2025-08-27,accepted,Qwen/Qwen2.5-0.5B-Instruct,local-ceb277fc67e0b08c,,d96b7a6847701e557e3d27c2b8b7ced2c2485b9955cdac515c24fa39f1fb526d,local-qwen-two-pass-v5-balanced-warehouse,2026-08-14T16:43:55+08:00
GFEX-WR-20250828,2025-08-28,accepted,Qwen/Qwen2.5-0.5B-Instruct,local-a5e4f30770156091,,7c824dab23d1b7bf2959df3c5f25d0491832257df21622bef74f49a94b030d2e,local-qwen-two-pass-v5-balanced-warehouse,2026-08-14T16:44:28+08:00
GFEX-WR-20250829,2025-08-29,accepted,Qwen/Qwen2.5-0.5B-Instruct,local-8425cc1cb4351ba8,,97f9861541ffc3ea54a5b724953fc3be73bba67587bff36530d9f7af2bdd81c6,local-qwen-two-pass-v5-balanced-warehouse,2026-08-14T16:44:32+08:00
GFEX-WR-20250901,2025-09-01,accepted,Qwen/Qwen2.5-0.5B-Instruct,local-925a7e8a3af36bb3,,06683b33dda8a6d20301e8fbc0bc4e019f0fc88c8b1b3f32ea27750e3319ab8e,local-qwen-two-pass-v5-balanced-warehouse,2026-08-14T16:44:36+08:00
GFEX-WR-20250903,2025-09-03,accepted,Qwen/Qwen2.5-0.5B-Instruct,local-c320fe07226b0029,,2fc08a26fb9787d64bc2bddf0598c9e679eed2f8a93f45ed3c014983ddc56377,local-qwen-two-pass-v5-balanced-warehouse,2026-08-14T16:44:41+08:00
GFEX-WR-20250904,2025-09-04,accepted,Qwen/Qwen2.5-0.5B-Instruct,local-bf75a425129d5fde,,87adf2442fbfcb0f998abf489ec0623b9c8d07be86cbc2bbde3265bc869d3170,local-qwen-two-pass-v5-balanced-warehouse,2026-08-14T16:44:45+08:00
GFEX-WR-20250905,2025-09-05,accepted,Qwen/Qwen2.5-0.5B-Instruct,local-7c6aba677cdb90ac,,5334de30822df44900ea41af0675422edbf7d19899d01a17ac380cd1475dbe69,local-qwen-two-pass-v5-balanced-warehouse,2026-08-14T16:44:49+08:00
GFEX-WR-20250908,2025-09-08,accepted,Qwen/Qwen2.5-0.5B-Instruct,local-6344e2013eaa43cc,,04c5d12b82474f8c211f93c98a0a2597fed7e5bcd2866925a2dca031d7f4747b,local-qwen-two-pass-v5-balanced-warehouse,2026-08-14T16:44:54+08:00
LC-TEXT-0022,2025-09-22,accepted,Qwen/Qwen2.5-0.5B-Instruct,local-7d196f456490bc68,,7af84f06ec48807ce641c0cb51d9863578950b9cd4cf04788082dd03823a83fa,local-qwen-two-pass-v5-balanced-warehouse,2026-08-14T16:45:41+08:00
GFEX-WR-20251013,2025-10-13,accepted,Qwen/Qwen2.5-0.5B-Instruct,local-4303dfdd058d4925,,c26b165751b8d066718d84b82e34fb24fc7a6b24aea6848c6bcb102e07c53f0b,local-qwen-two-pass-v5-balanced-warehouse,2026-08-14T16:46:21+08:00
GFEX-WR-20251014,2025-10-14,accepted,Qwen/Qwen2.5-0.5B-Instruct,local-e4713a640f74bbe4,,16c719d4267e5f9229d1079d6f52a33c2c40c7f404fa55368fa6948b65f801b0,local-qwen-two-pass-v5-balanced-warehouse,2026-08-14T16:46:25+08:00
GFEX-WR-20251015,2025-10-15,accepted,Qwen/Qwen2.5-0.5B-Instruct,local-fb3d484396e475cb,,ba33f3b106a8b3d9701248334c7d65e48b7247b572a1853558520e99995b02c7,local-qwen-two-pass-v5-balanced-warehouse,2026-08-14T16:46:29+08:00
GFEX-WR-20251016,2025-10-16,accepted,Qwen/Qwen2.5-0.5B-Instruct,local-79c8545827452df2,,dfe292db918c1d465a26e1240226d83ce49cb885a42126670e79e62dfdb76cb3,local-qwen-two-pass-v5-balanced-warehouse,2026-08-14T16:46:32+08:00
GFEX-WR-20251022,2025-10-22,accepted,Qwen/Qwen2.5-0.5B-Instruct,local-9776ebe9c1be1868,,5395be326d104f785193e3996935cf035addff3e4efc0a1a259d3d14514d4e6d,local-qwen-two-pass-v5-balanced-warehouse,2026-08-14T16:46:37+08:00
GFEX-WR-20251027,2025-10-27,accepted,Qwen/Qwen2.5-0.5B-Instruct,local-841db05bb76dab9c,,4af4bbb36c77ce7b96890cd242b4add0b7d1cb693a706e5d34713d4bc3a2d231,local-qwen-two-pass-v5-balanced-warehouse,2026-08-14T16:46:41+08:00
GFEX-WR-20251107,2025-11-07,accepted,Qwen/Qwen2.5-0.5B-Instruct,local-bf288cb41605e3ac,,18087362fa177e1c2dcd87aa360436c02ada10338db450ce30b32a705569f051,local-qwen-two-pass-v5-balanced-warehouse,2026-08-14T16:46:45+08:00
GFEX-WR-20251128,2025-11-28,accepted,Qwen/Qwen2.5-0.5B-Instruct,local-255a67b88485850e,,f3558b005ef294424438c919f7f945ef065064c945ec1355c0f58f814331f41d,local-qwen-two-pass-v5-balanced-warehouse,2026-08-14T16:46:50+08:00
GFEX-WR-20251201,2025-12-01,accepted,Qwen/Qwen2.5-0.5B-Instruct,local-4fd9bdcd73639922,,b7c6d989475089a9eabd3019e0a27469f07d1cca8d00780d19df66a74d509b7f,local-qwen-two-pass-v5-balanced-warehouse,2026-08-14T16:46:55+08:00
LC-TEXT-0024,2025-12-02,accepted,Qwen/Qwen2.5-0.5B-Instruct,local-f15f38637826d493,,900aa4f3f7cb0a7d456521e52bc89e84625de6f5ccfe6245d0b3da3190f269a9,local-qwen-two-pass-v5-balanced-warehouse,2026-08-14T16:47:37+08:00
GFEX-WR-20251208,2025-12-08,accepted,Qwen/Qwen2.5-0.5B-Instruct,local-926179ba1bb88278,,62aa50cd75eb14822532ec46c27985419aca2fa9c933d8d60d2ba52a6bca5138,local-qwen-two-pass-v5-balanced-warehouse,2026-08-14T16:47:41+08:00
GFEX-WR-20251211,2025-12-11,accepted,Qwen/Qwen2.5-0.5B-Instruct,local-61a7b10d322c85b8,,d0f0f23f0bfcefb25ecf766275ea4143b7ab340cc256d3ce7009a4cf25d46200,local-qwen-two-pass-v5-balanced-warehouse,2026-08-14T16:47:45+08:00
GFEX-WR-20251222,2025-12-22,accepted,Qwen/Qwen2.5-0.5B-Instruct,local-3bb125e6eb95a416,,80ef0592fcf719f3642a69ac860ea36dd5317ca94a2f784aba4ed56fda8c7e20,local-qwen-two-pass-v5-balanced-warehouse,2026-08-14T16:49:04+08:00
GFEX-WR-20251230,2025-12-30,accepted,Qwen/Qwen2.5-0.5B-Instruct,local-5f6bc3b888306b30,,99ea31f56476bc840f77f9a2c56904e44ef8e112b263653a7cd7884eea1ebc20,local-qwen-two-pass-v5-balanced-warehouse,2026-08-14T16:49:08+08:00
GFEX-WR-20260106,2026-01-06,accepted,Qwen/Qwen2.5-0.5B-Instruct,local-8c6e2a11a3013016,,b96ecbd08477b4c9e720ff4beff42e86f387eeaf1fffd0a7f1797a1344689fea,local-qwen-two-pass-v5-balanced-warehouse,2026-08-14T16:49:12+08:00
GFEX-WR-20260107,2026-01-07,accepted,Qwen/Qwen2.5-0.5B-Instruct,local-af0a2f3a215d3fd9,,bfd5288320293e962d88fb2da160d373d902419d05dd527bc92069f537e90d22,local-qwen-two-pass-v5-balanced-warehouse,2026-08-14T16:49:16+08:00
LC-TEXT-0027,2026-01-08,accepted,Qwen/Qwen2.5-0.5B-Instruct,local-66c6d4b507bbd961,,9b0bb517510a2955cebf3f0572f2f3c9f1f9799dd263659097237f74352eb7b2,local-qwen-two-pass-v5-balanced-warehouse,2026-08-14T16:49:48+08:00
GFEX-WR-20260121,2026-01-21,accepted,Qwen/Qwen2.5-0.5B-Instruct,local-385f011d985dc605,,ebe09759e0b8d2cf5584d6d12d0a9216b37ea80fa75f98fd799f1ddc390c91f6,local-qwen-two-pass-v5-balanced-warehouse,2026-08-14T16:50:34+08:00
LC-TEXT-0030,2026-01-22,accepted,Qwen/Qwen2.5-0.5B-Instruct,local-dae669b60cb1e372,,3883db67f192b25c02c78f9a776aac02b39c91592c5408c512c82a5656c2563f,local-qwen-two-pass-v5-balanced-warehouse,2026-08-14T16:51:34+08:00
GFEX-WR-20260202,2026-02-02,accepted,Qwen/Qwen2.5-0.5B-Instruct,local-2739e67b3eae2d14,,0d406b858e66625d249febb59140983aafab094b0a0831cba4919fbdec1b8a6d,local-qwen-two-pass-v5-balanced-warehouse,2026-08-14T16:52:35+08:00
GFEX-WR-20260204,2026-02-04,accepted,Qwen/Qwen2.5-0.5B-Instruct,local-0b824bf1aadb9692,,ddffa1b31c4585f2dd7c0a1d9711f034d774598b5e43ba3eaa84a19dfe067fb3,local-qwen-two-pass-v5-balanced-warehouse,2026-08-14T16:52:44+08:00
GFEX-WR-20260209,2026-02-09,accepted,Qwen/Qwen2.5-0.5B-Instruct,local-a9192e7388159ce6,,26a858dda9ded6ddbc0a25dcd438ef3c79ca8cfba1b95052081f01deb55b9775,local-qwen-two-pass-v5-balanced-warehouse,2026-08-14T16:52:48+08:00
GFEX-WR-20260210,2026-02-10,accepted,Qwen/Qwen2.5-0.5B-Instruct,local-92d25d53cb012761,,19740a67f77d44c6efec54e4d3e6a0740258faaf47cf94eeaf62382b93012b26,local-qwen-two-pass-v5-balanced-warehouse,2026-08-14T16:52:52+08:00
GFEX-WR-20260212,2026-02-12,accepted,Qwen/Qwen2.5-0.5B-Instruct,local-0e29a585e4f82832,,98b6e1737fa850feaa1d6b7880c1d6de2ec9066f2f55f29da6936543d8e4cf94,local-qwen-two-pass-v5-balanced-warehouse,2026-08-14T16:52:57+08:00
GFEX-WR-20260213,2026-02-13,accepted,Qwen/Qwen2.5-0.5B-Instruct,local-34979d407e21d3c3,,437ea9d63e9f0c887f98025166934c0da43bda40f6d9a984ccdfc9998ca862d7,local-qwen-two-pass-v5-balanced-warehouse,2026-08-14T16:53:01+08:00
LC-TEXT-0038,2026-03-12,accepted,Qwen/Qwen2.5-0.5B-Instruct,local-6c07e1d27f95fdae,,30339ce79b074a2b95d0a8f30ffc00283851baac30eef0f368ff403e773330d4,local-qwen-two-pass-v5-balanced-warehouse,2026-08-14T16:55:13+08:00
LC-TEXT-0039,2026-03-13,accepted,Qwen/Qwen2.5-0.5B-Instruct,local-724163d09bafdd1c,,998072ea9dadef0c4d8dd591578c49599ff75d5b2b93616b8e67d9a6d6d156ae,local-qwen-two-pass-v5-balanced-warehouse,2026-08-14T16:55:23+08:00
GFEX-WR-20260319,2026-03-19,accepted,Qwen/Qwen2.5-0.5B-Instruct,local-8dda2a02449e9be8,,044af9ed7d866eeaf2e4ce015ddc62d1b0e91dcb168e1db0e2d73df3114dc2b7,local-qwen-two-pass-v5-balanced-warehouse,2026-08-14T16:55:27+08:00
LC-TEXT-0040,2026-03-23,accepted,Qwen/Qwen2.5-0.5B-Instruct,local-3a51c1fc7194a9bc,,4753c6ee746e4a85749c6d25de03b00e2ac0d33887e1a500bfafd752aee7749a,local-qwen-two-pass-v5-balanced-warehouse,2026-08-14T16:55:47+08:00
GFEX-WR-20260324,2026-03-24,accepted,Qwen/Qwen2.5-0.5B-Instruct,local-4c4500c6ce21f9ff,,62ff1b2e243abdd2f9f960aa2a76303738b704d6fca8e3eb40037c9e26ce9109,local-qwen-two-pass-v5-balanced-warehouse,2026-08-14T16:55:51+08:00
GFEX-WR-20260330,2026-03-30,accepted,Qwen/Qwen2.5-0.5B-Instruct,local-7f4031dc61b131a5,,2bb7753b8d93c231b9d4813db665e88301ec2e48542a471df28a5a332dc539df,local-qwen-two-pass-v5-balanced-warehouse,2026-08-14T16:56:56+08:00
GFEX-WR-20260331,2026-03-31,accepted,Qwen/Qwen2.5-0.5B-Instruct,local-533a52902cb2674a,,55febad669c45a6ea515dfd15f515397e9ba0fb94a1cd789d2182f5f17602e8c,local-qwen-two-pass-v5-balanced-warehouse,2026-08-14T16:57:02+08:00
GFEX-WR-20260401,2026-04-01,accepted,Qwen/Qwen2.5-0.5B-Instruct,local-03c1b4bfc9fd786e,,4aa3bed303c5fd9b1e90294808941fc37ebe1b0e326698466a26ac89b27f7b00,local-qwen-two-pass-v5-balanced-warehouse,2026-08-14T16:57:06+08:00
GFEX-WR-20260402,2026-04-02,accepted,Qwen/Qwen2.5-0.5B-Instruct,local-69bed1f44ee12d82,,757f9e6c3c38a16072f20960940f688b8f61c189d78900bee328d032abc4bbd4,local-qwen-two-pass-v5-balanced-warehouse,2026-08-14T16:57:10+08:00
GFEX-WR-20260403,2026-04-03,accepted,Qwen/Qwen2.5-0.5B-Instruct,local-d8462a752edb0489,,974e5fd4efb3fbc8312c0680b7c5c76b50e36493b07b532da8ac59c6243a59df,local-qwen-two-pass-v5-balanced-warehouse,2026-08-14T16:57:14+08:00
GFEX-WR-20260408,2026-04-08,accepted,Qwen/Qwen2.5-0.5B-Instruct,local-8585a8ec432f31b9,,6184337621eace3ddb6e49df3bf33cd593c0989e9e85eb767a8960cb8ffa1bb6,local-qwen-two-pass-v5-balanced-warehouse,2026-08-14T16:57:18+08:00
LC-TEXT-0043,2026-04-08,accepted,Qwen/Qwen2.5-0.5B-Instruct,local-29dadc0b10e1ae94,,f488853b347ef98fa6eb11a5a28c7384ee5260ebbdc3dccad206cfe9b5887d65,local-qwen-two-pass-v5-balanced-warehouse,2026-08-14T16:57:33+08:00
GFEX-WR-20260409,2026-04-09,accepted,Qwen/Qwen2.5-0.5B-Instruct,local-ebbec191b85e7d62,,8ea5a63d670206d2b84aff60d156d538e7279305aa110144d42e94c8f401d42f,local-qwen-two-pass-v5-balanced-warehouse,2026-08-14T16:57:37+08:00
LC-TEXT-0044,2026-04-13,accepted,Qwen/Qwen2.5-0.5B-Instruct,local-2effb729e9f8d938,,a9d445a9623518f999f9fa0e06fae91e227d84978d132a451f3bfdb28d171064,local-qwen-two-pass-v5-balanced-warehouse,2026-08-14T16:57:51+08:00
GFEX-WR-20260414,2026-04-14,accepted,Qwen/Qwen2.5-0.5B-Instruct,local-7bd0fb3b3e6e8e1a,,717a729e184a8db98d2488169fddeadd157f3268ca7c70d396cb3ba7fea19d6c,local-qwen-two-pass-v5-balanced-warehouse,2026-08-14T16:58:58+08:00
GFEX-WR-20260415,2026-04-15,accepted,Qwen/Qwen2.5-0.5B-Instruct,local-60d78cc0e6344af3,,6fb263e5a560ed506f2b681edb0279ce65aa2f0bf4fc542c75c729518a153c41,local-qwen-two-pass-v5-balanced-warehouse,2026-08-14T16:59:03+08:00
GFEX-WR-20260416,2026-04-16,accepted,Qwen/Qwen2.5-0.5B-Instruct,local-fdef7fcf243b64e5,,c51394b20265ee48a5e477c0bcfa7b7e497daebaf9fe26f0aa4b6cf975618d9d,local-qwen-two-pass-v5-balanced-warehouse,2026-08-14T16:59:07+08:00
LC-TEXT-0046,2026-04-17,accepted,Qwen/Qwen2.5-0.5B-Instruct,local-b39d413328449736,,e9504b6e2b967edb14eb9e8472bf27ec0adcb68a4a74a62d6d8e370b80c4baa2,local-qwen-two-pass-v5-balanced-warehouse,2026-08-14T16:59:25+08:00
GFEX-WR-20260421,2026-04-21,accepted,Qwen/Qwen2.5-0.5B-Instruct,local-e7bee36d65df0aa5,,cd394d333105de404755f17949230cce6bcbe009a3f89e9625f4a368408b43aa,local-qwen-two-pass-v5-balanced-warehouse,2026-08-14T16:59:29+08:00
GFEX-WR-20260427,2026-04-27,accepted,Qwen/Qwen2.5-0.5B-Instruct,local-7eb19039301bcffc,,0339b4b38fd16eb0875662bdaf5237d28d557c5d6a2263d6ceb6b2dded783125,local-qwen-two-pass-v5-balanced-warehouse,2026-08-14T16:59:47+08:00
LC-TEXT-0048,2026-04-27,accepted,Qwen/Qwen2.5-0.5B-Instruct,local-6a6fcc48bcb4d697,,9d169855d7084aaa1e6d83911fc4c0f1c8ffbf649a34a9c408dbc6454a5f847e,local-qwen-two-pass-v5-balanced-warehouse,2026-08-14T17:00:23+08:00
LC-TEXT-0049,2026-04-27,accepted,Qwen/Qwen2.5-0.5B-Instruct,local-e70a345c173b206b,,66254465919492414aa36eab6d955fc3d3e0913ece6b7d57f9fe205f7fab4b91,local-qwen-two-pass-v5-balanced-warehouse,2026-08-14T17:00:53+08:00
GFEX-WR-20260428,2026-04-28,accepted,Qwen/Qwen2.5-0.5B-Instruct,local-1d68241abb4f4d53,,fb3240ba498c4445798f65a0f5edc0581e8c1815916d99f973186d0104b2b530,local-qwen-two-pass-v5-balanced-warehouse,2026-08-14T17:00:57+08:00
GFEX-WR-20260430,2026-04-30,accepted,Qwen/Qwen2.5-0.5B-Instruct,local-077cfaee65b36678,,d6a3a326ee4e5c5208a0e0e6543a155f4528ed1d1d2fe424dd008c9209ef447d,local-qwen-two-pass-v5-balanced-warehouse,2026-08-14T17:01:29+08:00
GFEX-WR-20260506,2026-05-06,accepted,Qwen/Qwen2.5-0.5B-Instruct,local-9fd38a8c98985c70,,5a6b0e198c17c39bba5a5b18627d761c131cacd1b5b96e9ed6e282c2026deb48,local-qwen-two-pass-v5-balanced-warehouse,2026-08-14T17:01:34+08:00
GFEX-WR-20260507,2026-05-07,accepted,Qwen/Qwen2.5-0.5B-Instruct,local-efeb4ba96f6c52d6,,2dbe4a85a29ac04a285af64a4c969471809184c508b66c68428426a3727d312e,local-qwen-two-pass-v5-balanced-warehouse,2026-08-14T17:01:38+08:00
GFEX-WR-20260508,2026-05-08,accepted,Qwen/Qwen2.5-0.5B-Instruct,local-1a95d065b5a8aba5,,b8427016d019f18ae240106f331f86648df3a781e36d30ae3d5228336bf1cfdc,local-qwen-two-pass-v5-balanced-warehouse,2026-08-14T17:01:43+08:00
GFEX-WR-20260512,2026-05-12,accepted,Qwen/Qwen2.5-0.5B-Instruct,local-3babecbbe5b39f25,,7d7695e95bd56561d32cca303f075bc69d1ccfb8ab4614f7de96079ceeba7e3f,local-qwen-two-pass-v5-balanced-warehouse,2026-08-14T17:02:25+08:00
GFEX-WR-20260513,2026-05-13,accepted,Qwen/Qwen2.5-0.5B-Instruct,local-748b267b287f810f,,29b4c9409007cd598215a53a218f48d0145d7f31aee4c7ca0ff38f947840d146,local-qwen-two-pass-v5-balanced-warehouse,2026-08-14T17:02:29+08:00
GFEX-WR-20260514,2026-05-14,accepted,Qwen/Qwen2.5-0.5B-Instruct,local-b120ab53b60fca60,,b07b4964914e25d5a92734d7d6d431437afe5987e81123f016ffb5215c5440ba,local-qwen-two-pass-v5-balanced-warehouse,2026-08-14T17:02:34+08:00
GFEX-WR-20260515,2026-05-15,accepted,Qwen/Qwen2.5-0.5B-Instruct,local-cd8b57273f7eae52,,213543a11c92256a9063c7680422b406f480fd32175272d4a189e9cdc9c5b1eb,local-qwen-two-pass-v5-balanced-warehouse,2026-08-14T17:02:38+08:00
GFEX-WR-20260518,2026-05-18,accepted,Qwen/Qwen2.5-0.5B-Instruct,local-421bab724f7f89c9,,c0d90b8fb21cd4b85e326a56c42adeadcfbeb1d85c2e489abdf1adf1d9157489,local-qwen-two-pass-v5-balanced-warehouse,2026-08-14T17:02:42+08:00
GFEX-WR-20260525,2026-05-25,accepted,Qwen/Qwen2.5-0.5B-Instruct,local-f5f3348edd9b0f01,,f2060b67e7cbef42285f46ab8c995848a521c9618325c5f9c08c897dd704dab2,local-qwen-two-pass-v5-balanced-warehouse,2026-08-14T17:02:47+08:00
GFEX-WR-20260526,2026-05-26,accepted,Qwen/Qwen2.5-0.5B-Instruct,local-634f5e06b2a815e3,,41323432daebe6495cc80bbf895dba37690a10ef70ed6313555636462840e07b,local-qwen-two-pass-v5-balanced-warehouse,2026-08-14T17:02:51+08:00
GFEX-WR-20260601,2026-06-01,accepted,Qwen/Qwen2.5-0.5B-Instruct,local-c60b9cc180b9b4b5,,0f6d7d749adec8a16ad62b19289fc78d443b8a098ce2ed78c07393ebf784075a,local-qwen-two-pass-v5-balanced-warehouse,2026-08-14T17:03:18+08:00
GFEX-WR-20260605,2026-06-05,accepted,Qwen/Qwen2.5-0.5B-Instruct,local-1e7169c8757e4ffe,,9e014075e1ec8a0b1ff0b00d82285afa2032717a0e9f66815290a2b591e4a46e,local-qwen-two-pass-v5-balanced-warehouse,2026-08-14T17:03:22+08:00
LC-TEXT-0055,2026-06-05,accepted,Qwen/Qwen2.5-0.5B-Instruct,local-6eedec21f3919f68,,d05cbf451e810a72b56ca8492809c80306ccda3ddef132b176e2a99248c7699d,local-qwen-two-pass-v5-balanced-warehouse,2026-08-14T17:03:31+08:00
LC-TEXT-0057,2026-06-09,accepted,Qwen/Qwen2.5-0.5B-Instruct,local-fd11b22ae3fa782b,,75d35f5706296612efb9c29baf5ae586c729a521ef6c2dfe9fc70dcc595eea33,local-qwen-two-pass-v5-balanced-warehouse,2026-08-14T17:03:49+08:00
LC-TEXT-0058,2026-06-09,accepted,Qwen/Qwen2.5-0.5B-Instruct,local-6eb29b22dd6b3986,,c393e12ad349d032c052093c14bdc0ee6875522a36b7ecc04c6be31512fb2ff9,local-qwen-two-pass-v5-balanced-warehouse,2026-08-14T17:04:08+08:00
GFEX-WR-20260611,2026-06-11,accepted,Qwen/Qwen2.5-0.5B-Instruct,local-3218e17df98871c5,,b56bc6da3f5ad526fbbad0c8f98564f38cbd9eccd1899e085f219e4580da28cf,local-qwen-two-pass-v5-balanced-warehouse,2026-08-14T17:04:13+08:00
GFEX-WR-20260612,2026-06-12,accepted,Qwen/Qwen2.5-0.5B-Instruct,local-bde5015ec1b986c7,,cd8f11e15dd97af22a05c91cb57df7e566aa15acaa67407462e8d9d22bea5b5d,local-qwen-two-pass-v5-balanced-warehouse,2026-08-14T17:04:17+08:00
LC-TEXT-0059,2026-06-15,accepted,Qwen/Qwen2.5-0.5B-Instruct,local-d4cb1ad8217abf5b,,d428e8c3b87068ca77dd3f273c871f8fb7128f1c0a815e3c31507f5111727170,local-qwen-two-pass-v5-balanced-warehouse,2026-08-14T17:04:32+08:00
GFEX-WR-20260622,2026-06-22,accepted,Qwen/Qwen2.5-0.5B-Instruct,local-4fed99757f153bc4,,bc0c8d4e25d8e7037dc25c78c358ea301d48a72cb7cf8d8690564cf989747bdd,local-qwen-two-pass-v5-balanced-warehouse,2026-08-14T17:04:50+08:00
GFEX-WR-20260624,2026-06-24,accepted,Qwen/Qwen2.5-0.5B-Instruct,local-c296715e22c803d7,,8fc2aeae7cb01eb0b9f74f85610b16b2278248c2c490d2f87893154007afcd28,local-qwen-two-pass-v5-balanced-warehouse,2026-08-14T17:04:54+08:00
GFEX-WR-20260706,2026-07-06,accepted,Qwen/Qwen2.5-0.5B-Instruct,local-b8a7aad7e027b8be,,e884606a348a3001a845cf3c13d448c3f30653296116633a137aa86d8cb5b55e,local-qwen-two-pass-v5-balanced-warehouse,2026-08-14T17:04:58+08:00
GFEX-WR-20260708,2026-07-08,accepted,Qwen/Qwen2.5-0.5B-Instruct,local-4d695a4711d5a799,,0b2c900a3ff18d241d9444b2f5e07aa20b796d45937ee5d7bf86b5e303281478,local-qwen-two-pass-v5-balanced-warehouse,2026-08-14T17:05:02+08:00
GFEX-WR-20260710,2026-07-10,accepted,Qwen/Qwen2.5-0.5B-Instruct,local-f0b33babdf6683ab,,8c82b99449db6000ab1ec8a960ef197df3524607b9fdc573a8318e4ef039e7a1,local-qwen-two-pass-v5-balanced-warehouse,2026-08-14T17:05:05+08:00
GFEX-WR-20260716,2026-07-16,accepted,Qwen/Qwen2.5-0.5B-Instruct,local-779eecf20df24f23,,617e0a1b18ba1f0ec3d30951647bebf4a6bd4450a694678cf096eb3703b5307a,local-qwen-two-pass-v5-balanced-warehouse,2026-08-14T17:05:09+08:00
GFEX-WR-20260717,2026-07-17,accepted,Qwen/Qwen2.5-0.5B-Instruct,local-e7c85edf0bf0be3d,,fbcd629f8c4e9dbc8324b5ccae0c54304bafd1b328030925f919102c598229e7,local-qwen-two-pass-v5-balanced-warehouse,2026-08-14T17:05:14+08:00
GFEX-WR-20260720,2026-07-20,accepted,Qwen/Qwen2.5-0.5B-Instruct,local-20447e9a9e1aac46,,9753f3ddd86e40930b8ccaad9cd897c9c1c3ef1f44718f0bc6843cda6c8eec27,local-qwen-two-pass-v5-balanced-warehouse,2026-08-14T17:05:18+08:00
GFEX-WR-20260727,2026-07-27,accepted,Qwen/Qwen2.5-0.5B-Instruct,local-7ff52cf2ba99da3f,,949b5e266cd11fb41bcadb445c25989b8580803fb1ab639ea766f62f59ffdc1f,local-qwen-two-pass-v5-balanced-warehouse,2026-08-14T17:05:22+08:00
GFEX-WR-20260729,2026-07-29,accepted,Qwen/Qwen2.5-0.5B-Instruct,local-14abefb56bdd6136,,ad6c9712382ea9b8434bb5f19b99e4563bd07c1d53ad34cd6445c092b1b09f91,local-qwen-two-pass-v5-balanced-warehouse,2026-08-14T17:05:26+08:00
GFEX-WR-20260731,2026-07-31,accepted,Qwen/Qwen2.5-0.5B-Instruct,local-b934b38a2969f18c,,df4e9ae802d7326bd8cd73dfef5ce1bce4634ab4e86d5a13d088ffe7f1907890,local-qwen-two-pass-v5-balanced-warehouse,2026-08-14T17:05:30+08:00
GFEX-WR-20260803,2026-08-03,accepted,Qwen/Qwen2.5-0.5B-Instruct,local-6cb3c79b1a0e3fdd,,045153a4e0a19e5d95f19d99a79af789018d1c3516ef9e8688ebee1a9c8133d4,local-qwen-two-pass-v5-balanced-warehouse,2026-08-14T17:05:35+08:00
GFEX-WR-20260804,2026-08-04,accepted,Qwen/Qwen2.5-0.5B-Instruct,local-87c10d23059cd8a0,,8e7674049f9fba250d3225626a337f5d14f04563a8f56c0adce7bd9087615360,local-qwen-two-pass-v5-balanced-warehouse,2026-08-14T17:05:39+08:00
LC-TEXT-0012,2024-12-26,rejected,Qwen/Qwen2.5-0.5B-Instruct,,Unterminated string starting at: line 1 column 900 (char 899),5ed386581daec1f9be90b7513de6b28ed65f0ce0b8fd63a03f4a2b922d8aceae,local-qwen-two-pass-v5-balanced-warehouse,2026-08-14T17:33:24+08:00
LC-TEXT-0015,2025-01-17,rejected,Qwen/Qwen2.5-0.5B-Instruct,,Unterminated string starting at: line 1 column 1036 (char 1035),490d3f196c257683ee9c01fddd35c3ba262a1ed5a7d4fccfbb55a0cb7512c6f2,local-qwen-two-pass-v5-balanced-warehouse,2026-08-14T17:33:44+08:00
LC-TEXT-0018,2025-04-12,recovered_prior_rejection,Qwen/Qwen2.5-0.5B-Instruct,,未在冻结信号清单中；仅恢复历史拒绝状态，不伪造原始错误,a5bb82e891a49667b5d3d112b30288636fe80bd87ebd11fa679a740b29c75ffb,local-qwen-two-pass-v5-balanced-warehouse,2026-08-14T17:38:15+08:00
LC-TEXT-0019,2025-06-13,rejected,Qwen/Qwen2.5-0.5B-Instruct,,"Expecting ',' delimiter: line 1 column 138 (char 137)",2698e50b91333771d3b6a966cac0e0a95c33f2bf79f10480e7d111a7dac0e732,local-qwen-two-pass-v5-balanced-warehouse,2026-08-14T17:34:16+08:00
LC-TEXT-0021,2025-08-27,rejected,Qwen/Qwen2.5-0.5B-Instruct,,Unterminated string starting at: line 13 column 59 (char 933),fe13a559f2b1fa635223c9c4e00404555a2ab8d0a11a7450b990c0963a820cfd,local-qwen-two-pass-v5-balanced-warehouse,2026-08-14T17:34:38+08:00
LC-TEXT-0023,2025-10-09,rejected,Qwen/Qwen2.5-0.5B-Instruct,,Unterminated string starting at: line 1 column 133 (char 132),2f67fe8d6f324b7c1a6bcba1c5ce2633b2296cf1e4e4819c6535b3c3230e1b8a,local-qwen-two-pass-v5-balanced-warehouse,2026-08-14T17:34:58+08:00
LC-TEXT-0026,2025-12-16,recovered_prior_rejection,Qwen/Qwen2.5-0.5B-Instruct,,历史拒绝记录在中断写盘中丢失；仅恢复拒绝状态，不伪造原始错误,6c9ff3180ed385178eb99d18813524383f74e13392e5497b294f687f0fc16652,local-qwen-two-pass-v5-balanced-warehouse,2026-08-14T17:37:26+08:00
GFEX-WR-20260113,2026-01-13,recovered_prior_rejection,Qwen/Qwen2.5-0.5B-Instruct,,历史拒绝记录在中断写盘中丢失；仅恢复拒绝状态，不伪造原始错误,3bd717d0cf0799b6003690f6f739b212d5cf189fcf10471d7d8f1d2dbdee9326,local-qwen-two-pass-v5-balanced-warehouse,2026-08-14T17:37:26+08:00
LC-TEXT-0029,2026-01-16,recovered_prior_rejection,Qwen/Qwen2.5-0.5B-Instruct,,历史拒绝记录在中断写盘中丢失；仅恢复拒绝状态，不伪造原始错误,843f5d2fb6e7d1f4bbdac70087578c7aeb82a4e498bc09f8a9501afb3b8f1295,local-qwen-two-pass-v5-balanced-warehouse,2026-08-14T17:37:26+08:00
LC-TEXT-0031,2026-01-30,recovered_prior_rejection,Qwen/Qwen2.5-0.5B-Instruct,,历史拒绝记录在中断写盘中丢失；仅恢复拒绝状态，不伪造原始错误,4ded6dd9d65897cd262feafb4aebba9685ebf77d59bfe606f841bf44d0144476,local-qwen-two-pass-v5-balanced-warehouse,2026-08-14T17:37:26+08:00
LC-TEXT-0032,2026-01-30,recovered_prior_rejection,Qwen/Qwen2.5-0.5B-Instruct,,历史拒绝记录在中断写盘中丢失；仅恢复拒绝状态，不伪造原始错误,d055f7cb53aab0f947b0f9e307bd2a3989c9eec183a764dbc4053b5cb3f8cfc2,local-qwen-two-pass-v5-balanced-warehouse,2026-08-14T17:37:26+08:00
GFEX-WR-20260203,2026-02-03,recovered_prior_rejection,Qwen/Qwen2.5-0.5B-Instruct,,历史拒绝记录在中断写盘中丢失；仅恢复拒绝状态，不伪造原始错误,a5c1699371601ccf565265e17fab7cf88f53380fad5eda9d2d9b0d3ebb878f3a,local-qwen-two-pass-v5-balanced-warehouse,2026-08-14T17:37:26+08:00
LC-TEXT-0035,2026-03-03,recovered_prior_rejection,Qwen/Qwen2.5-0.5B-Instruct,,历史拒绝记录在中断写盘中丢失；仅恢复拒绝状态，不伪造原始错误,2afa8206ffe9ceafa2563cdb4d1934208298cde3025da8cf2d8589d658a180b0,local-qwen-two-pass-v5-balanced-warehouse,2026-08-14T17:37:26+08:00
LC-TEXT-0036,2026-03-03,recovered_prior_rejection,Qwen/Qwen2.5-0.5B-Instruct,,历史拒绝记录在中断写盘中丢失；仅恢复拒绝状态，不伪造原始错误,768297249a66ce1311038b31a720d9b6280241ff51947e5a380d9059b48744eb,local-qwen-two-pass-v5-balanced-warehouse,2026-08-14T17:37:26+08:00
LC-TEXT-0037,2026-03-06,recovered_prior_rejection,Qwen/Qwen2.5-0.5B-Instruct,,历史拒绝记录在中断写盘中丢失；仅恢复拒绝状态，不伪造原始错误,7b2e2a0ed6a6437abc65ab3e90ffef4e8ccc8f0f74009818c366ba6cb76f0efd,local-qwen-two-pass-v5-balanced-warehouse,2026-08-14T17:37:26+08:00
LC-TEXT-0041,2026-03-27,recovered_prior_rejection,Qwen/Qwen2.5-0.5B-Instruct,,历史拒绝记录在中断写盘中丢失；仅恢复拒绝状态，不伪造原始错误,5b2ae1cf7c9a6ad62e173c52cb355a520d3094d66b3205311cd4a69aab403be3,local-qwen-two-pass-v5-balanced-warehouse,2026-08-14T17:37:26+08:00
LC-TEXT-0045,2026-04-13,recovered_prior_rejection,Qwen/Qwen2.5-0.5B-Instruct,,历史拒绝记录在中断写盘中丢失；仅恢复拒绝状态，不伪造原始错误,a69fca51c002dfbcae50966655b3502e5f0d49b7ccbb2024a454432f7633a204,local-qwen-two-pass-v5-balanced-warehouse,2026-08-14T17:37:26+08:00
LC-TEXT-0047,2026-04-21,recovered_prior_rejection,Qwen/Qwen2.5-0.5B-Instruct,,历史拒绝记录在中断写盘中丢失；仅恢复拒绝状态，不伪造原始错误,367e0d21bec16eaee7519e47e0c18ccaee355c58730159c7ce7bd4e654cf39d3,local-qwen-two-pass-v5-balanced-warehouse,2026-08-14T17:37:26+08:00
GFEX-WR-20260424,2026-04-24,recovered_prior_rejection,Qwen/Qwen2.5-0.5B-Instruct,,历史拒绝记录在中断写盘中丢失；仅恢复拒绝状态，不伪造原始错误,c5c5077b08bdce040b2a0d7efc1bbd0913f8d1b912cf6ceb98f92ade725e509f,local-qwen-two-pass-v5-balanced-warehouse,2026-08-14T17:37:26+08:00
LC-TEXT-0050,2026-04-28,recovered_prior_rejection,Qwen/Qwen2.5-0.5B-Instruct,,历史拒绝记录在中断写盘中丢失；仅恢复拒绝状态，不伪造原始错误,465c589d9e0383dea1d25a3f2a56a323253b3b989b474e63fb14b6234f36162c,local-qwen-two-pass-v5-balanced-warehouse,2026-08-14T17:37:26+08:00
LC-TEXT-0051,2026-05-09,recovered_prior_rejection,Qwen/Qwen2.5-0.5B-Instruct,,历史拒绝记录在中断写盘中丢失；仅恢复拒绝状态，不伪造原始错误,8ed3b30fe228b91ce1c4efedbb0bbb5cb24f59631ffa05f29c88ae4835c1bcef,local-qwen-two-pass-v5-balanced-warehouse,2026-08-14T17:37:26+08:00
LC-TEXT-0053,2026-05-27,recovered_prior_rejection,Qwen/Qwen2.5-0.5B-Instruct,,历史拒绝记录在中断写盘中丢失；仅恢复拒绝状态，不伪造原始错误,bb90515b28413a90bf9b5f593bc69d3ced9e5e9c2ff7eee9c562c1f6a17ac828,local-qwen-two-pass-v5-balanced-warehouse,2026-08-14T17:37:26+08:00
LC-TEXT-0056,2026-06-08,recovered_prior_rejection,Qwen/Qwen2.5-0.5B-Instruct,,历史拒绝记录在中断写盘中丢失；仅恢复拒绝状态，不伪造原始错误,5e64f3d33d68e28f84daaae0df59f868c97197f03ee4aa9a3304d38cd03f1811,local-qwen-two-pass-v5-balanced-warehouse,2026-08-14T17:37:26+08:00
LC-TEXT-0060,2026-06-18,recovered_prior_rejection,Qwen/Qwen2.5-0.5B-Instruct,,历史拒绝记录在中断写盘中丢失；仅恢复拒绝状态，不伪造原始错误,33a53994be76dcced39895630f48b8eff8c2d0e9e929e6ec37da07eb30319bab,local-qwen-two-pass-v5-balanced-warehouse,2026-08-14T17:37:26+08:00
