trade_date,variety,warehouse_receipt,change,source_name,source_url
2023-12-06,碳酸锂,40.0,40.0,广州期货交易所,https://www.gfex.com.cn/gfex/cdrb/hqsj_tjsj.shtml
2023-12-07,碳酸锂,40.0,0.0,广州期货交易所,https://www.gfex.com.cn/gfex/cdrb/hqsj_tjsj.shtml
2023-12-08,碳酸锂,100.0,60.0,广州期货交易所,https://www.gfex.com.cn/gfex/cdrb/hqsj_tjsj.shtml
2023-12-11,碳酸锂,300.0,200.0,广州期货交易所,https://www.gfex.com.cn/gfex/cdrb/hqsj_tjsj.shtml
2023-12-12,碳酸锂,510.0,210.0,广州期货交易所,https://www.gfex.com.cn/gfex/cdrb/hqsj_tjsj.shtml
2023-12-13,碳酸锂,710.0,200.0,广州期货交易所,https://www.gfex.com.cn/gfex/cdrb/hqsj_tjsj.shtml
2023-12-14,碳酸锂,1010.0,300.0,广州期货交易所,https://www.gfex.com.cn/gfex/cdrb/hqsj_tjsj.shtml
2023-12-15,碳酸锂,1240.0,230.0,广州期货交易所,https://www.gfex.com.cn/gfex/cdrb/hqsj_tjsj.shtml
2023-12-18,碳酸锂,1540.0,300.0,广州期货交易所,https://www.gfex.com.cn/gfex/cdrb/hqsj_tjsj.shtml
2023-12-19,碳酸锂,1840.0,300.0,广州期货交易所,https://www.gfex.com.cn/gfex/cdrb/hqsj_tjsj.shtml
2023-12-20,碳酸锂,2080.0,240.0,广州期货交易所,https://www.gfex.com.cn/gfex/cdrb/hqsj_tjsj.shtml
2023-12-21,碳酸锂,2580.0,500.0,广州期货交易所,https://www.gfex.com.cn/gfex/cdrb/hqsj_tjsj.shtml
2023-12-22,碳酸锂,3550.0,970.0,广州期货交易所,https://www.gfex.com.cn/gfex/cdrb/hqsj_tjsj.shtml
2023-12-25,碳酸锂,4360.0,810.0,广州期货交易所,https://www.gfex.com.cn/gfex/cdrb/hqsj_tjsj.shtml
2023-12-26,碳酸锂,5160.0,800.0,广州期货交易所,https://www.gfex.com.cn/gfex/cdrb/hqsj_tjsj.shtml
2023-12-27,碳酸锂,5950.0,790.0,广州期货交易所,https://www.gfex.com.cn/gfex/cdrb/hqsj_tjsj.shtml
2023-12-28,碳酸锂,6710.0,760.0,广州期货交易所,https://www.gfex.com.cn/gfex/cdrb/hqsj_tjsj.shtml
2023-12-29,碳酸锂,7530.0,820.0,广州期货交易所,https://www.gfex.com.cn/gfex/cdrb/hqsj_tjsj.shtml
2024-01-02,碳酸锂,8240.0,710.0,广州期货交易所,https://www.gfex.com.cn/gfex/cdrb/hqsj_tjsj.shtml
2024-01-03,碳酸锂,9040.0,800.0,广州期货交易所,https://www.gfex.com.cn/gfex/cdrb/hqsj_tjsj.shtml
2024-01-04,碳酸锂,9718.0,678.0,广州期货交易所,https://www.gfex.com.cn/gfex/cdrb/hqsj_tjsj.shtml
2024-01-05,碳酸锂,10740.0,1022.0,广州期货交易所,https://www.gfex.com.cn/gfex/cdrb/hqsj_tjsj.shtml
2024-01-08,碳酸锂,10975.0,235.0,广州期货交易所,https://www.gfex.com.cn/gfex/cdrb/hqsj_tjsj.shtml
2024-01-09,碳酸锂,11440.0,465.0,广州期货交易所,https://www.gfex.com.cn/gfex/cdrb/hqsj_tjsj.shtml
2024-01-10,碳酸锂,11427.0,-13.0,广州期货交易所,https://www.gfex.com.cn/gfex/cdrb/hqsj_tjsj.shtml
2024-01-11,碳酸锂,11588.0,161.0,广州期货交易所,https://www.gfex.com.cn/gfex/cdrb/hqsj_tjsj.shtml
2024-01-12,碳酸锂,13238.0,1650.0,广州期货交易所,https://www.gfex.com.cn/gfex/cdrb/hqsj_tjsj.shtml
2024-01-15,碳酸锂,13268.0,30.0,广州期货交易所,https://www.gfex.com.cn/gfex/cdrb/hqsj_tjsj.shtml
2024-01-16,碳酸锂,13268.0,0.0,广州期货交易所,https://www.gfex.com.cn/gfex/cdrb/hqsj_tjsj.shtml
2024-01-17,碳酸锂,13418.0,150.0,广州期货交易所,https://www.gfex.com.cn/gfex/cdrb/hqsj_tjsj.shtml
2024-01-18,碳酸锂,13546.0,128.0,广州期货交易所,https://www.gfex.com.cn/gfex/cdrb/hqsj_tjsj.shtml
2024-01-19,碳酸锂,13554.0,8.0,广州期货交易所,https://www.gfex.com.cn/gfex/cdrb/hqsj_tjsj.shtml
2024-01-22,碳酸锂,13700.0,146.0,广州期货交易所,https://www.gfex.com.cn/gfex/cdrb/hqsj_tjsj.shtml
2024-01-23,碳酸锂,13950.0,250.0,广州期货交易所,https://www.gfex.com.cn/gfex/cdrb/hqsj_tjsj.shtml
2024-01-24,碳酸锂,14134.0,184.0,广州期货交易所,https://www.gfex.com.cn/gfex/cdrb/hqsj_tjsj.shtml
2024-01-25,碳酸锂,14134.0,0.0,广州期货交易所,https://www.gfex.com.cn/gfex/cdrb/hqsj_tjsj.shtml
2024-01-26,碳酸锂,14454.0,320.0,广州期货交易所,https://www.gfex.com.cn/gfex/cdrb/hqsj_tjsj.shtml
2024-01-29,碳酸锂,14894.0,440.0,广州期货交易所,https://www.gfex.com.cn/gfex/cdrb/hqsj_tjsj.shtml
2024-01-30,碳酸锂,14987.0,93.0,广州期货交易所,https://www.gfex.com.cn/gfex/cdrb/hqsj_tjsj.shtml
2024-01-31,碳酸锂,14987.0,0.0,广州期货交易所,https://www.gfex.com.cn/gfex/cdrb/hqsj_tjsj.shtml
2024-02-01,碳酸锂,15317.0,330.0,广州期货交易所,https://www.gfex.com.cn/gfex/cdrb/hqsj_tjsj.shtml
2024-02-02,碳酸锂,15587.0,270.0,广州期货交易所,https://www.gfex.com.cn/gfex/cdrb/hqsj_tjsj.shtml
2024-02-05,碳酸锂,15924.0,337.0,广州期货交易所,https://www.gfex.com.cn/gfex/cdrb/hqsj_tjsj.shtml
2024-02-06,碳酸锂,16054.0,130.0,广州期货交易所,https://www.gfex.com.cn/gfex/cdrb/hqsj_tjsj.shtml
2024-02-07,碳酸锂,16894.0,840.0,广州期货交易所,https://www.gfex.com.cn/gfex/cdrb/hqsj_tjsj.shtml
2024-02-08,碳酸锂,16914.0,20.0,广州期货交易所,https://www.gfex.com.cn/gfex/cdrb/hqsj_tjsj.shtml
2024-02-19,碳酸锂,16790.0,-124.0,广州期货交易所,https://www.gfex.com.cn/gfex/cdrb/hqsj_tjsj.shtml
2024-02-20,碳酸锂,16240.0,-550.0,广州期货交易所,https://www.gfex.com.cn/gfex/cdrb/hqsj_tjsj.shtml
2024-02-21,碳酸锂,16232.0,-8.0,广州期货交易所,https://www.gfex.com.cn/gfex/cdrb/hqsj_tjsj.shtml
2024-02-22,碳酸锂,16151.0,-81.0,广州期货交易所,https://www.gfex.com.cn/gfex/cdrb/hqsj_tjsj.shtml
2024-02-23,碳酸锂,15709.0,-442.0,广州期货交易所,https://www.gfex.com.cn/gfex/cdrb/hqsj_tjsj.shtml
2024-02-26,碳酸锂,15639.0,-70.0,广州期货交易所,https://www.gfex.com.cn/gfex/cdrb/hqsj_tjsj.shtml
2024-02-27,碳酸锂,15689.0,50.0,广州期货交易所,https://www.gfex.com.cn/gfex/cdrb/hqsj_tjsj.shtml
2024-02-28,碳酸锂,15355.0,-334.0,广州期货交易所,https://www.gfex.com.cn/gfex/cdrb/hqsj_tjsj.shtml
2024-02-29,碳酸锂,15755.0,400.0,广州期货交易所,https://www.gfex.com.cn/gfex/cdrb/hqsj_tjsj.shtml
2024-03-01,碳酸锂,15520.0,-235.0,广州期货交易所,https://www.gfex.com.cn/gfex/cdrb/hqsj_tjsj.shtml
2024-03-04,碳酸锂,15330.0,-190.0,广州期货交易所,https://www.gfex.com.cn/gfex/cdrb/hqsj_tjsj.shtml
2024-03-05,碳酸锂,15477.0,147.0,广州期货交易所,https://www.gfex.com.cn/gfex/cdrb/hqsj_tjsj.shtml
2024-03-06,碳酸锂,13415.0,-2062.0,广州期货交易所,https://www.gfex.com.cn/gfex/cdrb/hqsj_tjsj.shtml
2024-03-07,碳酸锂,13522.0,107.0,广州期货交易所,https://www.gfex.com.cn/gfex/cdrb/hqsj_tjsj.shtml
2024-03-08,碳酸锂,13466.0,-56.0,广州期货交易所,https://www.gfex.com.cn/gfex/cdrb/hqsj_tjsj.shtml
2024-03-11,碳酸锂,13750.0,284.0,广州期货交易所,https://www.gfex.com.cn/gfex/cdrb/hqsj_tjsj.shtml
2024-03-12,碳酸锂,14426.0,676.0,广州期货交易所,https://www.gfex.com.cn/gfex/cdrb/hqsj_tjsj.shtml
2024-03-13,碳酸锂,14721.0,295.0,广州期货交易所,https://www.gfex.com.cn/gfex/cdrb/hqsj_tjsj.shtml
2024-03-14,碳酸锂,14605.0,-116.0,广州期货交易所,https://www.gfex.com.cn/gfex/cdrb/hqsj_tjsj.shtml
2024-03-15,碳酸锂,14453.0,-152.0,广州期货交易所,https://www.gfex.com.cn/gfex/cdrb/hqsj_tjsj.shtml
2024-03-18,碳酸锂,14363.0,-90.0,广州期货交易所,https://www.gfex.com.cn/gfex/cdrb/hqsj_tjsj.shtml
2024-03-19,碳酸锂,13798.0,-565.0,广州期货交易所,https://www.gfex.com.cn/gfex/cdrb/hqsj_tjsj.shtml
2024-03-20,碳酸锂,13491.0,-307.0,广州期货交易所,https://www.gfex.com.cn/gfex/cdrb/hqsj_tjsj.shtml
2024-03-21,碳酸锂,13503.0,12.0,广州期货交易所,https://www.gfex.com.cn/gfex/cdrb/hqsj_tjsj.shtml
2024-03-22,碳酸锂,14002.0,499.0,广州期货交易所,https://www.gfex.com.cn/gfex/cdrb/hqsj_tjsj.shtml
2024-03-25,碳酸锂,13101.0,-901.0,广州期货交易所,https://www.gfex.com.cn/gfex/cdrb/hqsj_tjsj.shtml
2024-03-26,碳酸锂,13578.0,477.0,广州期货交易所,https://www.gfex.com.cn/gfex/cdrb/hqsj_tjsj.shtml
2024-03-27,碳酸锂,14291.0,713.0,广州期货交易所,https://www.gfex.com.cn/gfex/cdrb/hqsj_tjsj.shtml
2024-03-28,碳酸锂,12980.0,-1311.0,广州期货交易所,https://www.gfex.com.cn/gfex/cdrb/hqsj_tjsj.shtml
2024-03-29,碳酸锂,0.0,-12980.0,广州期货交易所,https://www.gfex.com.cn/gfex/cdrb/hqsj_tjsj.shtml
2024-04-01,碳酸锂,9995.0,9995.0,广州期货交易所,https://www.gfex.com.cn/gfex/cdrb/hqsj_tjsj.shtml
2024-04-02,碳酸锂,11442.0,1447.0,广州期货交易所,https://www.gfex.com.cn/gfex/cdrb/hqsj_tjsj.shtml
2024-04-03,碳酸锂,12702.0,1260.0,广州期货交易所,https://www.gfex.com.cn/gfex/cdrb/hqsj_tjsj.shtml
2024-04-08,碳酸锂,13692.0,990.0,广州期货交易所,https://www.gfex.com.cn/gfex/cdrb/hqsj_tjsj.shtml
2024-04-09,碳酸锂,15232.0,1540.0,广州期货交易所,https://www.gfex.com.cn/gfex/cdrb/hqsj_tjsj.shtml
2024-04-10,碳酸锂,15778.0,546.0,广州期货交易所,https://www.gfex.com.cn/gfex/cdrb/hqsj_tjsj.shtml
2024-04-11,碳酸锂,16830.0,1052.0,广州期货交易所,https://www.gfex.com.cn/gfex/cdrb/hqsj_tjsj.shtml
2024-04-12,碳酸锂,17440.0,610.0,广州期货交易所,https://www.gfex.com.cn/gfex/cdrb/hqsj_tjsj.shtml
2024-04-15,碳酸锂,17869.0,429.0,广州期货交易所,https://www.gfex.com.cn/gfex/cdrb/hqsj_tjsj.shtml
2024-04-16,碳酸锂,18882.0,1013.0,广州期货交易所,https://www.gfex.com.cn/gfex/cdrb/hqsj_tjsj.shtml
2024-04-17,碳酸锂,19422.0,540.0,广州期货交易所,https://www.gfex.com.cn/gfex/cdrb/hqsj_tjsj.shtml
2024-04-18,碳酸锂,19642.0,220.0,广州期货交易所,https://www.gfex.com.cn/gfex/cdrb/hqsj_tjsj.shtml
2024-04-19,碳酸锂,19677.0,35.0,广州期货交易所,https://www.gfex.com.cn/gfex/cdrb/hqsj_tjsj.shtml
2024-04-22,碳酸锂,19727.0,50.0,广州期货交易所,https://www.gfex.com.cn/gfex/cdrb/hqsj_tjsj.shtml
2024-04-23,碳酸锂,19137.0,-590.0,广州期货交易所,https://www.gfex.com.cn/gfex/cdrb/hqsj_tjsj.shtml
2024-04-24,碳酸锂,19524.0,387.0,广州期货交易所,https://www.gfex.com.cn/gfex/cdrb/hqsj_tjsj.shtml
2024-04-25,碳酸锂,19413.0,-111.0,广州期货交易所,https://www.gfex.com.cn/gfex/cdrb/hqsj_tjsj.shtml
2024-04-26,碳酸锂,19613.0,200.0,广州期货交易所,https://www.gfex.com.cn/gfex/cdrb/hqsj_tjsj.shtml
2024-04-29,碳酸锂,19558.0,-55.0,广州期货交易所,https://www.gfex.com.cn/gfex/cdrb/hqsj_tjsj.shtml
2024-04-30,碳酸锂,19558.0,0.0,广州期货交易所,https://www.gfex.com.cn/gfex/cdrb/hqsj_tjsj.shtml
2024-05-06,碳酸锂,20373.0,815.0,广州期货交易所,https://www.gfex.com.cn/gfex/cdrb/hqsj_tjsj.shtml
2024-05-07,碳酸锂,20984.0,611.0,广州期货交易所,https://www.gfex.com.cn/gfex/cdrb/hqsj_tjsj.shtml
2024-05-08,碳酸锂,22834.0,1850.0,广州期货交易所,https://www.gfex.com.cn/gfex/cdrb/hqsj_tjsj.shtml
2024-05-09,碳酸锂,23168.0,334.0,广州期货交易所,https://www.gfex.com.cn/gfex/cdrb/hqsj_tjsj.shtml
2024-05-10,碳酸锂,23124.0,-44.0,广州期货交易所,https://www.gfex.com.cn/gfex/cdrb/hqsj_tjsj.shtml
2024-05-13,碳酸锂,23303.0,179.0,广州期货交易所,https://www.gfex.com.cn/gfex/cdrb/hqsj_tjsj.shtml
2024-05-14,碳酸锂,23783.0,480.0,广州期货交易所,https://www.gfex.com.cn/gfex/cdrb/hqsj_tjsj.shtml
2024-05-15,碳酸锂,23728.0,-55.0,广州期货交易所,https://www.gfex.com.cn/gfex/cdrb/hqsj_tjsj.shtml
2024-05-16,碳酸锂,23848.0,120.0,广州期货交易所,https://www.gfex.com.cn/gfex/cdrb/hqsj_tjsj.shtml
2024-05-17,碳酸锂,23728.0,-120.0,广州期货交易所,https://www.gfex.com.cn/gfex/cdrb/hqsj_tjsj.shtml
2024-05-20,碳酸锂,23858.0,130.0,广州期货交易所,https://www.gfex.com.cn/gfex/cdrb/hqsj_tjsj.shtml
2024-05-21,碳酸锂,23858.0,0.0,广州期货交易所,https://www.gfex.com.cn/gfex/cdrb/hqsj_tjsj.shtml
2024-05-22,碳酸锂,24373.0,515.0,广州期货交易所,https://www.gfex.com.cn/gfex/cdrb/hqsj_tjsj.shtml
2024-05-23,碳酸锂,24052.0,-321.0,广州期货交易所,https://www.gfex.com.cn/gfex/cdrb/hqsj_tjsj.shtml
2024-05-24,碳酸锂,24352.0,300.0,广州期货交易所,https://www.gfex.com.cn/gfex/cdrb/hqsj_tjsj.shtml
2024-05-27,碳酸锂,24311.0,-41.0,广州期货交易所,https://www.gfex.com.cn/gfex/cdrb/hqsj_tjsj.shtml
2024-05-28,碳酸锂,24451.0,140.0,广州期货交易所,https://www.gfex.com.cn/gfex/cdrb/hqsj_tjsj.shtml
2024-05-29,碳酸锂,24726.0,275.0,广州期货交易所,https://www.gfex.com.cn/gfex/cdrb/hqsj_tjsj.shtml
2024-05-30,碳酸锂,24846.0,120.0,广州期货交易所,https://www.gfex.com.cn/gfex/cdrb/hqsj_tjsj.shtml
2024-05-31,碳酸锂,24996.0,150.0,广州期货交易所,https://www.gfex.com.cn/gfex/cdrb/hqsj_tjsj.shtml
2024-06-03,碳酸锂,26176.0,1180.0,广州期货交易所,https://www.gfex.com.cn/gfex/cdrb/hqsj_tjsj.shtml
2024-06-04,碳酸锂,26583.0,407.0,广州期货交易所,https://www.gfex.com.cn/gfex/cdrb/hqsj_tjsj.shtml
2024-06-05,碳酸锂,27424.0,841.0,广州期货交易所,https://www.gfex.com.cn/gfex/cdrb/hqsj_tjsj.shtml
2024-06-06,碳酸锂,27644.0,220.0,广州期货交易所,https://www.gfex.com.cn/gfex/cdrb/hqsj_tjsj.shtml
2024-06-07,碳酸锂,27664.0,20.0,广州期货交易所,https://www.gfex.com.cn/gfex/cdrb/hqsj_tjsj.shtml
2024-06-11,碳酸锂,27960.0,296.0,广州期货交易所,https://www.gfex.com.cn/gfex/cdrb/hqsj_tjsj.shtml
2024-06-12,碳酸锂,27930.0,-30.0,广州期货交易所,https://www.gfex.com.cn/gfex/cdrb/hqsj_tjsj.shtml
2024-06-13,碳酸锂,27900.0,-30.0,广州期货交易所,https://www.gfex.com.cn/gfex/cdrb/hqsj_tjsj.shtml
2024-06-14,碳酸锂,28220.0,320.0,广州期货交易所,https://www.gfex.com.cn/gfex/cdrb/hqsj_tjsj.shtml
2024-06-17,碳酸锂,28220.0,0.0,广州期货交易所,https://www.gfex.com.cn/gfex/cdrb/hqsj_tjsj.shtml
2024-06-18,碳酸锂,28070.0,-150.0,广州期货交易所,https://www.gfex.com.cn/gfex/cdrb/hqsj_tjsj.shtml
2024-06-19,碳酸锂,27950.0,-120.0,广州期货交易所,https://www.gfex.com.cn/gfex/cdrb/hqsj_tjsj.shtml
2024-06-20,碳酸锂,27835.0,-115.0,广州期货交易所,https://www.gfex.com.cn/gfex/cdrb/hqsj_tjsj.shtml
2024-06-21,碳酸锂,28195.0,360.0,广州期货交易所,https://www.gfex.com.cn/gfex/cdrb/hqsj_tjsj.shtml
2024-06-24,碳酸锂,27975.0,-220.0,广州期货交易所,https://www.gfex.com.cn/gfex/cdrb/hqsj_tjsj.shtml
2024-06-25,碳酸锂,28410.0,435.0,广州期货交易所,https://www.gfex.com.cn/gfex/cdrb/hqsj_tjsj.shtml
2024-06-26,碳酸锂,28340.0,-70.0,广州期货交易所,https://www.gfex.com.cn/gfex/cdrb/hqsj_tjsj.shtml
2024-06-27,碳酸锂,28560.0,220.0,广州期货交易所,https://www.gfex.com.cn/gfex/cdrb/hqsj_tjsj.shtml
2024-06-28,碳酸锂,28444.0,-116.0,广州期货交易所,https://www.gfex.com.cn/gfex/cdrb/hqsj_tjsj.shtml
2024-07-01,碳酸锂,28543.0,99.0,广州期货交易所,https://www.gfex.com.cn/gfex/cdrb/hqsj_tjsj.shtml
2024-07-02,碳酸锂,28485.0,-58.0,广州期货交易所,https://www.gfex.com.cn/gfex/cdrb/hqsj_tjsj.shtml
2024-07-03,碳酸锂,28703.0,218.0,广州期货交易所,https://www.gfex.com.cn/gfex/cdrb/hqsj_tjsj.shtml
2024-07-04,碳酸锂,27311.0,-1392.0,广州期货交易所,https://www.gfex.com.cn/gfex/cdrb/hqsj_tjsj.shtml
2024-07-05,碳酸锂,27297.0,-14.0,广州期货交易所,https://www.gfex.com.cn/gfex/cdrb/hqsj_tjsj.shtml
2024-07-08,碳酸锂,30216.0,2919.0,广州期货交易所,https://www.gfex.com.cn/gfex/cdrb/hqsj_tjsj.shtml
2024-07-09,碳酸锂,30103.0,-113.0,广州期货交易所,https://www.gfex.com.cn/gfex/cdrb/hqsj_tjsj.shtml
2024-07-10,碳酸锂,29921.0,-182.0,广州期货交易所,https://www.gfex.com.cn/gfex/cdrb/hqsj_tjsj.shtml
2024-07-11,碳酸锂,29776.0,-145.0,广州期货交易所,https://www.gfex.com.cn/gfex/cdrb/hqsj_tjsj.shtml
2024-07-12,碳酸锂,29753.0,-23.0,广州期货交易所,https://www.gfex.com.cn/gfex/cdrb/hqsj_tjsj.shtml
2024-07-15,碳酸锂,29346.0,-407.0,广州期货交易所,https://www.gfex.com.cn/gfex/cdrb/hqsj_tjsj.shtml
2024-07-16,碳酸锂,29805.0,459.0,广州期货交易所,https://www.gfex.com.cn/gfex/cdrb/hqsj_tjsj.shtml
2024-07-17,碳酸锂,33102.0,3297.0,广州期货交易所,https://www.gfex.com.cn/gfex/cdrb/hqsj_tjsj.shtml
2024-07-18,碳酸锂,32666.0,-436.0,广州期货交易所,https://www.gfex.com.cn/gfex/cdrb/hqsj_tjsj.shtml
2024-07-19,碳酸锂,34349.0,1683.0,广州期货交易所,https://www.gfex.com.cn/gfex/cdrb/hqsj_tjsj.shtml
2024-07-22,碳酸锂,34702.0,353.0,广州期货交易所,https://www.gfex.com.cn/gfex/cdrb/hqsj_tjsj.shtml
2024-07-23,碳酸锂,36125.0,1423.0,广州期货交易所,https://www.gfex.com.cn/gfex/cdrb/hqsj_tjsj.shtml
2024-07-24,碳酸锂,35862.0,-263.0,广州期货交易所,https://www.gfex.com.cn/gfex/cdrb/hqsj_tjsj.shtml
2024-07-25,碳酸锂,36067.0,205.0,广州期货交易所,https://www.gfex.com.cn/gfex/cdrb/hqsj_tjsj.shtml
2024-07-26,碳酸锂,36067.0,0.0,广州期货交易所,https://www.gfex.com.cn/gfex/cdrb/hqsj_tjsj.shtml
2024-07-29,碳酸锂,33645.0,-2422.0,广州期货交易所,https://www.gfex.com.cn/gfex/cdrb/hqsj_tjsj.shtml
2024-07-30,碳酸锂,32177.0,-1468.0,广州期货交易所,https://www.gfex.com.cn/gfex/cdrb/hqsj_tjsj.shtml
2024-07-31,碳酸锂,0.0,-32177.0,广州期货交易所,https://www.gfex.com.cn/gfex/cdrb/hqsj_tjsj.shtml
2024-08-01,碳酸锂,13419.0,13419.0,广州期货交易所,https://www.gfex.com.cn/gfex/cdrb/hqsj_tjsj.shtml
2024-08-02,碳酸锂,26922.0,13503.0,广州期货交易所,https://www.gfex.com.cn/gfex/cdrb/hqsj_tjsj.shtml
2024-08-05,碳酸锂,28973.0,2051.0,广州期货交易所,https://www.gfex.com.cn/gfex/cdrb/hqsj_tjsj.shtml
2024-08-06,碳酸锂,31753.0,2780.0,广州期货交易所,https://www.gfex.com.cn/gfex/cdrb/hqsj_tjsj.shtml
2024-08-07,碳酸锂,33093.0,1340.0,广州期货交易所,https://www.gfex.com.cn/gfex/cdrb/hqsj_tjsj.shtml
2024-08-08,碳酸锂,33191.0,98.0,广州期货交易所,https://www.gfex.com.cn/gfex/cdrb/hqsj_tjsj.shtml
2024-08-09,碳酸锂,33191.0,0.0,广州期货交易所,https://www.gfex.com.cn/gfex/cdrb/hqsj_tjsj.shtml
2024-08-12,碳酸锂,36080.0,2889.0,广州期货交易所,https://www.gfex.com.cn/gfex/cdrb/hqsj_tjsj.shtml
2024-08-13,碳酸锂,36330.0,250.0,广州期货交易所,https://www.gfex.com.cn/gfex/cdrb/hqsj_tjsj.shtml
2024-08-14,碳酸锂,36430.0,100.0,广州期货交易所,https://www.gfex.com.cn/gfex/cdrb/hqsj_tjsj.shtml
2024-08-15,碳酸锂,36780.0,350.0,广州期货交易所,https://www.gfex.com.cn/gfex/cdrb/hqsj_tjsj.shtml
2024-08-16,碳酸锂,36620.0,-160.0,广州期货交易所,https://www.gfex.com.cn/gfex/cdrb/hqsj_tjsj.shtml
2024-08-19,碳酸锂,36700.0,80.0,广州期货交易所,https://www.gfex.com.cn/gfex/cdrb/hqsj_tjsj.shtml
2024-08-20,碳酸锂,36819.0,119.0,广州期货交易所,https://www.gfex.com.cn/gfex/cdrb/hqsj_tjsj.shtml
2024-08-21,碳酸锂,37917.0,1098.0,广州期货交易所,https://www.gfex.com.cn/gfex/cdrb/hqsj_tjsj.shtml
2024-08-22,碳酸锂,38077.0,160.0,广州期货交易所,https://www.gfex.com.cn/gfex/cdrb/hqsj_tjsj.shtml
2024-08-23,碳酸锂,38935.0,858.0,广州期货交易所,https://www.gfex.com.cn/gfex/cdrb/hqsj_tjsj.shtml
2024-08-26,碳酸锂,38875.0,-60.0,广州期货交易所,https://www.gfex.com.cn/gfex/cdrb/hqsj_tjsj.shtml
2024-08-27,碳酸锂,40061.0,1186.0,广州期货交易所,https://www.gfex.com.cn/gfex/cdrb/hqsj_tjsj.shtml
2024-08-28,碳酸锂,40061.0,0.0,广州期货交易所,https://www.gfex.com.cn/gfex/cdrb/hqsj_tjsj.shtml
2024-08-29,碳酸锂,40061.0,0.0,广州期货交易所,https://www.gfex.com.cn/gfex/cdrb/hqsj_tjsj.shtml
2024-08-30,碳酸锂,41908.0,1847.0,广州期货交易所,https://www.gfex.com.cn/gfex/cdrb/hqsj_tjsj.shtml
2024-09-02,碳酸锂,42448.0,540.0,广州期货交易所,https://www.gfex.com.cn/gfex/cdrb/hqsj_tjsj.shtml
2024-09-03,碳酸锂,42888.0,440.0,广州期货交易所,https://www.gfex.com.cn/gfex/cdrb/hqsj_tjsj.shtml
2024-09-04,碳酸锂,43707.0,819.0,广州期货交易所,https://www.gfex.com.cn/gfex/cdrb/hqsj_tjsj.shtml
2024-09-05,碳酸锂,43237.0,-470.0,广州期货交易所,https://www.gfex.com.cn/gfex/cdrb/hqsj_tjsj.shtml
2024-09-06,碳酸锂,43447.0,210.0,广州期货交易所,https://www.gfex.com.cn/gfex/cdrb/hqsj_tjsj.shtml
2024-09-09,碳酸锂,43692.0,245.0,广州期货交易所,https://www.gfex.com.cn/gfex/cdrb/hqsj_tjsj.shtml
2024-09-10,碳酸锂,43582.0,-110.0,广州期货交易所,https://www.gfex.com.cn/gfex/cdrb/hqsj_tjsj.shtml
2024-09-11,碳酸锂,43492.0,-90.0,广州期货交易所,https://www.gfex.com.cn/gfex/cdrb/hqsj_tjsj.shtml
2024-09-12,碳酸锂,42511.0,-981.0,广州期货交易所,https://www.gfex.com.cn/gfex/cdrb/hqsj_tjsj.shtml
2024-09-13,碳酸锂,42190.0,-321.0,广州期货交易所,https://www.gfex.com.cn/gfex/cdrb/hqsj_tjsj.shtml
2024-09-18,碳酸锂,42034.0,-156.0,广州期货交易所,https://www.gfex.com.cn/gfex/cdrb/hqsj_tjsj.shtml
2024-09-19,碳酸锂,41897.0,-137.0,广州期货交易所,https://www.gfex.com.cn/gfex/cdrb/hqsj_tjsj.shtml
2024-09-20,碳酸锂,41762.0,-135.0,广州期货交易所,https://www.gfex.com.cn/gfex/cdrb/hqsj_tjsj.shtml
2024-09-23,碳酸锂,42188.0,426.0,广州期货交易所,https://www.gfex.com.cn/gfex/cdrb/hqsj_tjsj.shtml
2024-09-24,碳酸锂,42233.0,45.0,广州期货交易所,https://www.gfex.com.cn/gfex/cdrb/hqsj_tjsj.shtml
2024-09-25,碳酸锂,42333.0,100.0,广州期货交易所,https://www.gfex.com.cn/gfex/cdrb/hqsj_tjsj.shtml
2024-09-26,碳酸锂,42863.0,530.0,广州期货交易所,https://www.gfex.com.cn/gfex/cdrb/hqsj_tjsj.shtml
2024-09-27,碳酸锂,43563.0,700.0,广州期货交易所,https://www.gfex.com.cn/gfex/cdrb/hqsj_tjsj.shtml
2024-09-30,碳酸锂,43563.0,0.0,广州期货交易所,https://www.gfex.com.cn/gfex/cdrb/hqsj_tjsj.shtml
2024-10-08,碳酸锂,44683.0,1120.0,广州期货交易所,https://www.gfex.com.cn/gfex/cdrb/hqsj_tjsj.shtml
2024-10-09,碳酸锂,44753.0,70.0,广州期货交易所,https://www.gfex.com.cn/gfex/cdrb/hqsj_tjsj.shtml
2024-10-10,碳酸锂,44693.0,-60.0,广州期货交易所,https://www.gfex.com.cn/gfex/cdrb/hqsj_tjsj.shtml
2024-10-11,碳酸锂,44087.0,-606.0,广州期货交易所,https://www.gfex.com.cn/gfex/cdrb/hqsj_tjsj.shtml
2024-10-14,碳酸锂,45084.0,997.0,广州期货交易所,https://www.gfex.com.cn/gfex/cdrb/hqsj_tjsj.shtml
2024-10-15,碳酸锂,45189.0,105.0,广州期货交易所,https://www.gfex.com.cn/gfex/cdrb/hqsj_tjsj.shtml
2024-10-16,碳酸锂,45059.0,-130.0,广州期货交易所,https://www.gfex.com.cn/gfex/cdrb/hqsj_tjsj.shtml
2024-10-17,碳酸锂,44969.0,-90.0,广州期货交易所,https://www.gfex.com.cn/gfex/cdrb/hqsj_tjsj.shtml
2024-10-18,碳酸锂,44341.0,-628.0,广州期货交易所,https://www.gfex.com.cn/gfex/cdrb/hqsj_tjsj.shtml
2024-10-21,碳酸锂,43439.0,-902.0,广州期货交易所,https://www.gfex.com.cn/gfex/cdrb/hqsj_tjsj.shtml
2024-10-22,碳酸锂,43052.0,-387.0,广州期货交易所,https://www.gfex.com.cn/gfex/cdrb/hqsj_tjsj.shtml
2024-10-23,碳酸锂,43499.0,447.0,广州期货交易所,https://www.gfex.com.cn/gfex/cdrb/hqsj_tjsj.shtml
2024-10-24,碳酸锂,43340.0,-159.0,广州期货交易所,https://www.gfex.com.cn/gfex/cdrb/hqsj_tjsj.shtml
2024-10-25,碳酸锂,43416.0,76.0,广州期货交易所,https://www.gfex.com.cn/gfex/cdrb/hqsj_tjsj.shtml
2024-10-28,碳酸锂,44215.0,799.0,广州期货交易所,https://www.gfex.com.cn/gfex/cdrb/hqsj_tjsj.shtml
2024-10-29,碳酸锂,44345.0,130.0,广州期货交易所,https://www.gfex.com.cn/gfex/cdrb/hqsj_tjsj.shtml
2024-10-30,碳酸锂,44405.0,60.0,广州期货交易所,https://www.gfex.com.cn/gfex/cdrb/hqsj_tjsj.shtml
2024-10-31,碳酸锂,44852.0,447.0,广州期货交易所,https://www.gfex.com.cn/gfex/cdrb/hqsj_tjsj.shtml
2024-11-01,碳酸锂,45161.0,309.0,广州期货交易所,https://www.gfex.com.cn/gfex/cdrb/hqsj_tjsj.shtml
2024-11-04,碳酸锂,46522.0,1361.0,广州期货交易所,https://www.gfex.com.cn/gfex/cdrb/hqsj_tjsj.shtml
2024-11-05,碳酸锂,47861.0,1339.0,广州期货交易所,https://www.gfex.com.cn/gfex/cdrb/hqsj_tjsj.shtml
2024-11-06,碳酸锂,47881.0,20.0,广州期货交易所,https://www.gfex.com.cn/gfex/cdrb/hqsj_tjsj.shtml
2024-11-07,碳酸锂,48301.0,420.0,广州期货交易所,https://www.gfex.com.cn/gfex/cdrb/hqsj_tjsj.shtml
2024-11-08,碳酸锂,47959.0,-342.0,广州期货交易所,https://www.gfex.com.cn/gfex/cdrb/hqsj_tjsj.shtml
2024-11-11,碳酸锂,49106.0,1147.0,广州期货交易所,https://www.gfex.com.cn/gfex/cdrb/hqsj_tjsj.shtml
2024-11-12,碳酸锂,48926.0,-180.0,广州期货交易所,https://www.gfex.com.cn/gfex/cdrb/hqsj_tjsj.shtml
2024-11-13,碳酸锂,50196.0,1270.0,广州期货交易所,https://www.gfex.com.cn/gfex/cdrb/hqsj_tjsj.shtml
2024-11-14,碳酸锂,50166.0,-30.0,广州期货交易所,https://www.gfex.com.cn/gfex/cdrb/hqsj_tjsj.shtml
2024-11-15,碳酸锂,49719.0,-447.0,广州期货交易所,https://www.gfex.com.cn/gfex/cdrb/hqsj_tjsj.shtml
2024-11-18,碳酸锂,53115.0,3396.0,广州期货交易所,https://www.gfex.com.cn/gfex/cdrb/hqsj_tjsj.shtml
2024-11-19,碳酸锂,53335.0,220.0,广州期货交易所,https://www.gfex.com.cn/gfex/cdrb/hqsj_tjsj.shtml
2024-11-20,碳酸锂,52988.0,-347.0,广州期货交易所,https://www.gfex.com.cn/gfex/cdrb/hqsj_tjsj.shtml
2024-11-21,碳酸锂,53287.0,299.0,广州期货交易所,https://www.gfex.com.cn/gfex/cdrb/hqsj_tjsj.shtml
2024-11-22,碳酸锂,53317.0,30.0,广州期货交易所,https://www.gfex.com.cn/gfex/cdrb/hqsj_tjsj.shtml
2024-11-25,碳酸锂,53300.0,-17.0,广州期货交易所,https://www.gfex.com.cn/gfex/cdrb/hqsj_tjsj.shtml
2024-11-26,碳酸锂,52556.0,-744.0,广州期货交易所,https://www.gfex.com.cn/gfex/cdrb/hqsj_tjsj.shtml
2024-11-27,碳酸锂,50385.0,-2171.0,广州期货交易所,https://www.gfex.com.cn/gfex/cdrb/hqsj_tjsj.shtml
2024-11-28,碳酸锂,49829.0,-556.0,广州期货交易所,https://www.gfex.com.cn/gfex/cdrb/hqsj_tjsj.shtml
2024-11-29,碳酸锂,21706.0,-28123.0,广州期货交易所,https://www.gfex.com.cn/gfex/cdrb/hqsj_tjsj.shtml
2024-12-02,碳酸锂,22966.0,1260.0,广州期货交易所,https://www.gfex.com.cn/gfex/cdrb/hqsj_tjsj.shtml
2024-12-03,碳酸锂,23096.0,130.0,广州期货交易所,https://www.gfex.com.cn/gfex/cdrb/hqsj_tjsj.shtml
2024-12-04,碳酸锂,27686.0,4590.0,广州期货交易所,https://www.gfex.com.cn/gfex/cdrb/hqsj_tjsj.shtml
2024-12-05,碳酸锂,29446.0,1760.0,广州期货交易所,https://www.gfex.com.cn/gfex/cdrb/hqsj_tjsj.shtml
2024-12-06,碳酸锂,34694.0,5248.0,广州期货交易所,https://www.gfex.com.cn/gfex/cdrb/hqsj_tjsj.shtml
2024-12-09,碳酸锂,36941.0,2247.0,广州期货交易所,https://www.gfex.com.cn/gfex/cdrb/hqsj_tjsj.shtml
2024-12-10,碳酸锂,38784.0,1843.0,广州期货交易所,https://www.gfex.com.cn/gfex/cdrb/hqsj_tjsj.shtml
2024-12-11,碳酸锂,39827.0,1043.0,广州期货交易所,https://www.gfex.com.cn/gfex/cdrb/hqsj_tjsj.shtml
2024-12-12,碳酸锂,41633.0,1806.0,广州期货交易所,https://www.gfex.com.cn/gfex/cdrb/hqsj_tjsj.shtml
2024-12-13,碳酸锂,42268.0,635.0,广州期货交易所,https://www.gfex.com.cn/gfex/cdrb/hqsj_tjsj.shtml
2024-12-16,碳酸锂,42885.0,617.0,广州期货交易所,https://www.gfex.com.cn/gfex/cdrb/hqsj_tjsj.shtml
2024-12-17,碳酸锂,44255.0,1370.0,广州期货交易所,https://www.gfex.com.cn/gfex/cdrb/hqsj_tjsj.shtml
2024-12-18,碳酸锂,46453.0,2198.0,广州期货交易所,https://www.gfex.com.cn/gfex/cdrb/hqsj_tjsj.shtml
2024-12-19,碳酸锂,46353.0,-100.0,广州期货交易所,https://www.gfex.com.cn/gfex/cdrb/hqsj_tjsj.shtml
2024-12-20,碳酸锂,47721.0,1368.0,广州期货交易所,https://www.gfex.com.cn/gfex/cdrb/hqsj_tjsj.shtml
2024-12-23,碳酸锂,48341.0,620.0,广州期货交易所,https://www.gfex.com.cn/gfex/cdrb/hqsj_tjsj.shtml
2024-12-24,碳酸锂,49609.0,1268.0,广州期货交易所,https://www.gfex.com.cn/gfex/cdrb/hqsj_tjsj.shtml
2024-12-25,碳酸锂,50425.0,816.0,广州期货交易所,https://www.gfex.com.cn/gfex/cdrb/hqsj_tjsj.shtml
2024-12-26,碳酸锂,51565.0,1140.0,广州期货交易所,https://www.gfex.com.cn/gfex/cdrb/hqsj_tjsj.shtml
2024-12-27,碳酸锂,52086.0,521.0,广州期货交易所,https://www.gfex.com.cn/gfex/cdrb/hqsj_tjsj.shtml
2024-12-30,碳酸锂,52406.0,320.0,广州期货交易所,https://www.gfex.com.cn/gfex/cdrb/hqsj_tjsj.shtml
2024-12-31,碳酸锂,53356.0,950.0,广州期货交易所,https://www.gfex.com.cn/gfex/cdrb/hqsj_tjsj.shtml
2025-01-02,碳酸锂,54286.0,930.0,广州期货交易所,https://www.gfex.com.cn/gfex/cdrb/hqsj_tjsj.shtml
2025-01-03,碳酸锂,54366.0,80.0,广州期货交易所,https://www.gfex.com.cn/gfex/cdrb/hqsj_tjsj.shtml
2025-01-06,碳酸锂,54364.0,-2.0,广州期货交易所,https://www.gfex.com.cn/gfex/cdrb/hqsj_tjsj.shtml
2025-01-07,碳酸锂,53793.0,-571.0,广州期货交易所,https://www.gfex.com.cn/gfex/cdrb/hqsj_tjsj.shtml
2025-01-08,碳酸锂,52772.0,-1021.0,广州期货交易所,https://www.gfex.com.cn/gfex/cdrb/hqsj_tjsj.shtml
2025-01-09,碳酸锂,52873.0,101.0,广州期货交易所,https://www.gfex.com.cn/gfex/cdrb/hqsj_tjsj.shtml
2025-01-10,碳酸锂,51663.0,-1210.0,广州期货交易所,https://www.gfex.com.cn/gfex/cdrb/hqsj_tjsj.shtml
2025-01-13,碳酸锂,52126.0,463.0,广州期货交易所,https://www.gfex.com.cn/gfex/cdrb/hqsj_tjsj.shtml
2025-01-14,碳酸锂,52660.0,534.0,广州期货交易所,https://www.gfex.com.cn/gfex/cdrb/hqsj_tjsj.shtml
2025-01-15,碳酸锂,52660.0,0.0,广州期货交易所,https://www.gfex.com.cn/gfex/cdrb/hqsj_tjsj.shtml
2025-01-16,碳酸锂,51198.0,-1462.0,广州期货交易所,https://www.gfex.com.cn/gfex/cdrb/hqsj_tjsj.shtml
2025-01-17,碳酸锂,51348.0,150.0,广州期货交易所,https://www.gfex.com.cn/gfex/cdrb/hqsj_tjsj.shtml
2025-01-20,碳酸锂,51128.0,-220.0,广州期货交易所,https://www.gfex.com.cn/gfex/cdrb/hqsj_tjsj.shtml
2025-01-21,碳酸锂,49951.0,-1177.0,广州期货交易所,https://www.gfex.com.cn/gfex/cdrb/hqsj_tjsj.shtml
2025-01-22,碳酸锂,47966.0,-1985.0,广州期货交易所,https://www.gfex.com.cn/gfex/cdrb/hqsj_tjsj.shtml
2025-01-23,碳酸锂,47401.0,-565.0,广州期货交易所,https://www.gfex.com.cn/gfex/cdrb/hqsj_tjsj.shtml
2025-01-24,碳酸锂,47641.0,240.0,广州期货交易所,https://www.gfex.com.cn/gfex/cdrb/hqsj_tjsj.shtml
2025-01-27,碳酸锂,48641.0,1000.0,广州期货交易所,https://www.gfex.com.cn/gfex/cdrb/hqsj_tjsj.shtml
2025-02-05,碳酸锂,48652.0,11.0,广州期货交易所,https://www.gfex.com.cn/gfex/cdrb/hqsj_tjsj.shtml
2025-02-06,碳酸锂,48382.0,-270.0,广州期货交易所,https://www.gfex.com.cn/gfex/cdrb/hqsj_tjsj.shtml
2025-02-07,碳酸锂,48387.0,5.0,广州期货交易所,https://www.gfex.com.cn/gfex/cdrb/hqsj_tjsj.shtml
2025-02-10,碳酸锂,47507.0,-880.0,广州期货交易所,https://www.gfex.com.cn/gfex/cdrb/hqsj_tjsj.shtml
2025-02-11,碳酸锂,47495.0,-12.0,广州期货交易所,https://www.gfex.com.cn/gfex/cdrb/hqsj_tjsj.shtml
2025-02-12,碳酸锂,46762.0,-733.0,广州期货交易所,https://www.gfex.com.cn/gfex/cdrb/hqsj_tjsj.shtml
2025-02-13,碳酸锂,45753.0,-1009.0,广州期货交易所,https://www.gfex.com.cn/gfex/cdrb/hqsj_tjsj.shtml
2025-02-14,碳酸锂,45933.0,180.0,广州期货交易所,https://www.gfex.com.cn/gfex/cdrb/hqsj_tjsj.shtml
2025-02-17,碳酸锂,45350.0,-583.0,广州期货交易所,https://www.gfex.com.cn/gfex/cdrb/hqsj_tjsj.shtml
2025-02-18,碳酸锂,45350.0,0.0,广州期货交易所,https://www.gfex.com.cn/gfex/cdrb/hqsj_tjsj.shtml
2025-02-19,碳酸锂,45025.0,-325.0,广州期货交易所,https://www.gfex.com.cn/gfex/cdrb/hqsj_tjsj.shtml
2025-02-20,碳酸锂,44865.0,-160.0,广州期货交易所,https://www.gfex.com.cn/gfex/cdrb/hqsj_tjsj.shtml
2025-02-21,碳酸锂,44546.0,-319.0,广州期货交易所,https://www.gfex.com.cn/gfex/cdrb/hqsj_tjsj.shtml
2025-02-24,碳酸锂,44497.0,-49.0,广州期货交易所,https://www.gfex.com.cn/gfex/cdrb/hqsj_tjsj.shtml
2025-02-25,碳酸锂,45207.0,710.0,广州期货交易所,https://www.gfex.com.cn/gfex/cdrb/hqsj_tjsj.shtml
2025-02-26,碳酸锂,44542.0,-665.0,广州期货交易所,https://www.gfex.com.cn/gfex/cdrb/hqsj_tjsj.shtml
2025-02-27,碳酸锂,46106.0,1564.0,广州期货交易所,https://www.gfex.com.cn/gfex/cdrb/hqsj_tjsj.shtml
2025-02-28,碳酸锂,45926.0,-180.0,广州期货交易所,https://www.gfex.com.cn/gfex/cdrb/hqsj_tjsj.shtml
2025-03-03,碳酸锂,46147.0,221.0,广州期货交易所,https://www.gfex.com.cn/gfex/cdrb/hqsj_tjsj.shtml
2025-03-04,碳酸锂,46422.0,275.0,广州期货交易所,https://www.gfex.com.cn/gfex/cdrb/hqsj_tjsj.shtml
2025-03-05,碳酸锂,46421.0,-1.0,广州期货交易所,https://www.gfex.com.cn/gfex/cdrb/hqsj_tjsj.shtml
2025-03-06,碳酸锂,44439.0,-1982.0,广州期货交易所,https://www.gfex.com.cn/gfex/cdrb/hqsj_tjsj.shtml
2025-03-07,碳酸锂,42446.0,-1993.0,广州期货交易所,https://www.gfex.com.cn/gfex/cdrb/hqsj_tjsj.shtml
2025-03-10,碳酸锂,38568.0,-3878.0,广州期货交易所,https://www.gfex.com.cn/gfex/cdrb/hqsj_tjsj.shtml
2025-03-11,碳酸锂,38022.0,-546.0,广州期货交易所,https://www.gfex.com.cn/gfex/cdrb/hqsj_tjsj.shtml
2025-03-12,碳酸锂,38532.0,510.0,广州期货交易所,https://www.gfex.com.cn/gfex/cdrb/hqsj_tjsj.shtml
2025-03-13,碳酸锂,36922.0,-1610.0,广州期货交易所,https://www.gfex.com.cn/gfex/cdrb/hqsj_tjsj.shtml
2025-03-14,碳酸锂,35955.0,-967.0,广州期货交易所,https://www.gfex.com.cn/gfex/cdrb/hqsj_tjsj.shtml
2025-03-17,碳酸锂,35882.0,-73.0,广州期货交易所,https://www.gfex.com.cn/gfex/cdrb/hqsj_tjsj.shtml
2025-03-18,碳酸锂,35972.0,90.0,广州期货交易所,https://www.gfex.com.cn/gfex/cdrb/hqsj_tjsj.shtml
2025-03-19,碳酸锂,36832.0,860.0,广州期货交易所,https://www.gfex.com.cn/gfex/cdrb/hqsj_tjsj.shtml
2025-03-20,碳酸锂,38081.0,1249.0,广州期货交易所,https://www.gfex.com.cn/gfex/cdrb/hqsj_tjsj.shtml
2025-03-21,碳酸锂,37587.0,-494.0,广州期货交易所,https://www.gfex.com.cn/gfex/cdrb/hqsj_tjsj.shtml
2025-03-24,碳酸锂,36763.0,-824.0,广州期货交易所,https://www.gfex.com.cn/gfex/cdrb/hqsj_tjsj.shtml
2025-03-25,碳酸锂,36151.0,-612.0,广州期货交易所,https://www.gfex.com.cn/gfex/cdrb/hqsj_tjsj.shtml
2025-03-26,碳酸锂,35807.0,-344.0,广州期货交易所,https://www.gfex.com.cn/gfex/cdrb/hqsj_tjsj.shtml
2025-03-27,碳酸锂,36135.0,328.0,广州期货交易所,https://www.gfex.com.cn/gfex/cdrb/hqsj_tjsj.shtml
2025-03-28,碳酸锂,35782.0,-353.0,广州期货交易所,https://www.gfex.com.cn/gfex/cdrb/hqsj_tjsj.shtml
2025-03-31,碳酸锂,17755.0,-18027.0,广州期货交易所,https://www.gfex.com.cn/gfex/cdrb/hqsj_tjsj.shtml
2025-04-01,碳酸锂,19135.0,1380.0,广州期货交易所,https://www.gfex.com.cn/gfex/cdrb/hqsj_tjsj.shtml
2025-04-02,碳酸锂,21768.0,2633.0,广州期货交易所,https://www.gfex.com.cn/gfex/cdrb/hqsj_tjsj.shtml
2025-04-03,碳酸锂,24603.0,2835.0,广州期货交易所,https://www.gfex.com.cn/gfex/cdrb/hqsj_tjsj.shtml
2025-04-07,碳酸锂,27023.0,2420.0,广州期货交易所,https://www.gfex.com.cn/gfex/cdrb/hqsj_tjsj.shtml
2025-04-08,碳酸锂,28403.0,1380.0,广州期货交易所,https://www.gfex.com.cn/gfex/cdrb/hqsj_tjsj.shtml
2025-04-09,碳酸锂,28783.0,380.0,广州期货交易所,https://www.gfex.com.cn/gfex/cdrb/hqsj_tjsj.shtml
2025-04-10,碳酸锂,28843.0,60.0,广州期货交易所,https://www.gfex.com.cn/gfex/cdrb/hqsj_tjsj.shtml
2025-04-11,碳酸锂,28923.0,80.0,广州期货交易所,https://www.gfex.com.cn/gfex/cdrb/hqsj_tjsj.shtml
2025-04-14,碳酸锂,29033.0,110.0,广州期货交易所,https://www.gfex.com.cn/gfex/cdrb/hqsj_tjsj.shtml
2025-04-15,碳酸锂,29283.0,250.0,广州期货交易所,https://www.gfex.com.cn/gfex/cdrb/hqsj_tjsj.shtml
2025-04-16,碳酸锂,29262.0,-21.0,广州期货交易所,https://www.gfex.com.cn/gfex/cdrb/hqsj_tjsj.shtml
2025-04-17,碳酸锂,29262.0,0.0,广州期货交易所,https://www.gfex.com.cn/gfex/cdrb/hqsj_tjsj.shtml
2025-04-18,碳酸锂,29562.0,300.0,广州期货交易所,https://www.gfex.com.cn/gfex/cdrb/hqsj_tjsj.shtml
2025-04-21,碳酸锂,30445.0,883.0,广州期货交易所,https://www.gfex.com.cn/gfex/cdrb/hqsj_tjsj.shtml
2025-04-22,碳酸锂,31385.0,940.0,广州期货交易所,https://www.gfex.com.cn/gfex/cdrb/hqsj_tjsj.shtml
2025-04-23,碳酸锂,31735.0,350.0,广州期货交易所,https://www.gfex.com.cn/gfex/cdrb/hqsj_tjsj.shtml
2025-04-24,碳酸锂,31555.0,-180.0,广州期货交易所,https://www.gfex.com.cn/gfex/cdrb/hqsj_tjsj.shtml
2025-04-25,碳酸锂,31795.0,240.0,广州期货交易所,https://www.gfex.com.cn/gfex/cdrb/hqsj_tjsj.shtml
2025-04-28,碳酸锂,32847.0,1052.0,广州期货交易所,https://www.gfex.com.cn/gfex/cdrb/hqsj_tjsj.shtml
2025-04-29,碳酸锂,33477.0,630.0,广州期货交易所,https://www.gfex.com.cn/gfex/cdrb/hqsj_tjsj.shtml
2025-04-30,碳酸锂,33477.0,0.0,广州期货交易所,https://www.gfex.com.cn/gfex/cdrb/hqsj_tjsj.shtml
2025-05-06,碳酸锂,35236.0,1759.0,广州期货交易所,https://www.gfex.com.cn/gfex/cdrb/hqsj_tjsj.shtml
2025-05-07,碳酸锂,36244.0,1008.0,广州期货交易所,https://www.gfex.com.cn/gfex/cdrb/hqsj_tjsj.shtml
2025-05-08,碳酸锂,36241.0,-3.0,广州期货交易所,https://www.gfex.com.cn/gfex/cdrb/hqsj_tjsj.shtml
2025-05-09,碳酸锂,36351.0,110.0,广州期货交易所,https://www.gfex.com.cn/gfex/cdrb/hqsj_tjsj.shtml
2025-05-12,碳酸锂,36194.0,-157.0,广州期货交易所,https://www.gfex.com.cn/gfex/cdrb/hqsj_tjsj.shtml
2025-05-13,碳酸锂,36444.0,250.0,广州期货交易所,https://www.gfex.com.cn/gfex/cdrb/hqsj_tjsj.shtml
2025-05-14,碳酸锂,36716.0,272.0,广州期货交易所,https://www.gfex.com.cn/gfex/cdrb/hqsj_tjsj.shtml
2025-05-15,碳酸锂,36664.0,-52.0,广州期货交易所,https://www.gfex.com.cn/gfex/cdrb/hqsj_tjsj.shtml
2025-05-16,碳酸锂,36624.0,-40.0,广州期货交易所,https://www.gfex.com.cn/gfex/cdrb/hqsj_tjsj.shtml
2025-05-19,碳酸锂,36684.0,60.0,广州期货交易所,https://www.gfex.com.cn/gfex/cdrb/hqsj_tjsj.shtml
2025-05-20,碳酸锂,36545.0,-139.0,广州期货交易所,https://www.gfex.com.cn/gfex/cdrb/hqsj_tjsj.shtml
2025-05-21,碳酸锂,36393.0,-152.0,广州期货交易所,https://www.gfex.com.cn/gfex/cdrb/hqsj_tjsj.shtml
2025-05-22,碳酸锂,35863.0,-530.0,广州期货交易所,https://www.gfex.com.cn/gfex/cdrb/hqsj_tjsj.shtml
2025-05-23,碳酸锂,35773.0,-90.0,广州期货交易所,https://www.gfex.com.cn/gfex/cdrb/hqsj_tjsj.shtml
2025-05-26,碳酸锂,34979.0,-794.0,广州期货交易所,https://www.gfex.com.cn/gfex/cdrb/hqsj_tjsj.shtml
2025-05-27,碳酸锂,34154.0,-825.0,广州期货交易所,https://www.gfex.com.cn/gfex/cdrb/hqsj_tjsj.shtml
2025-05-28,碳酸锂,33854.0,-300.0,广州期货交易所,https://www.gfex.com.cn/gfex/cdrb/hqsj_tjsj.shtml
2025-05-29,碳酸锂,33884.0,30.0,广州期货交易所,https://www.gfex.com.cn/gfex/cdrb/hqsj_tjsj.shtml
2025-05-30,碳酸锂,33457.0,-427.0,广州期货交易所,https://www.gfex.com.cn/gfex/cdrb/hqsj_tjsj.shtml
2025-06-03,碳酸锂,33397.0,-60.0,广州期货交易所,https://www.gfex.com.cn/gfex/cdrb/hqsj_tjsj.shtml
2025-06-04,碳酸锂,33461.0,64.0,广州期货交易所,https://www.gfex.com.cn/gfex/cdrb/hqsj_tjsj.shtml
2025-06-05,碳酸锂,33321.0,-140.0,广州期货交易所,https://www.gfex.com.cn/gfex/cdrb/hqsj_tjsj.shtml
2025-06-06,碳酸锂,33309.0,-12.0,广州期货交易所,https://www.gfex.com.cn/gfex/cdrb/hqsj_tjsj.shtml
2025-06-09,碳酸锂,33119.0,-190.0,广州期货交易所,https://www.gfex.com.cn/gfex/cdrb/hqsj_tjsj.shtml
2025-06-10,碳酸锂,32947.0,-172.0,广州期货交易所,https://www.gfex.com.cn/gfex/cdrb/hqsj_tjsj.shtml
2025-06-11,碳酸锂,32837.0,-110.0,广州期货交易所,https://www.gfex.com.cn/gfex/cdrb/hqsj_tjsj.shtml
2025-06-12,碳酸锂,32383.0,-454.0,广州期货交易所,https://www.gfex.com.cn/gfex/cdrb/hqsj_tjsj.shtml
2025-06-13,碳酸锂,32118.0,-265.0,广州期货交易所,https://www.gfex.com.cn/gfex/cdrb/hqsj_tjsj.shtml
2025-06-16,碳酸锂,32043.0,-75.0,广州期货交易所,https://www.gfex.com.cn/gfex/cdrb/hqsj_tjsj.shtml
2025-06-17,碳酸锂,31713.0,-330.0,广州期货交易所,https://www.gfex.com.cn/gfex/cdrb/hqsj_tjsj.shtml
2025-06-18,碳酸锂,29967.0,-1746.0,广州期货交易所,https://www.gfex.com.cn/gfex/cdrb/hqsj_tjsj.shtml
2025-06-19,碳酸锂,29957.0,-10.0,广州期货交易所,https://www.gfex.com.cn/gfex/cdrb/hqsj_tjsj.shtml
2025-06-20,碳酸锂,27793.0,-2164.0,广州期货交易所,https://www.gfex.com.cn/gfex/cdrb/hqsj_tjsj.shtml
2025-06-23,碳酸锂,26779.0,-1014.0,广州期货交易所,https://www.gfex.com.cn/gfex/cdrb/hqsj_tjsj.shtml
2025-06-24,碳酸锂,22375.0,-4404.0,广州期货交易所,https://www.gfex.com.cn/gfex/cdrb/hqsj_tjsj.shtml
2025-06-25,碳酸锂,22370.0,-5.0,广州期货交易所,https://www.gfex.com.cn/gfex/cdrb/hqsj_tjsj.shtml
2025-06-26,碳酸锂,22590.0,220.0,广州期货交易所,https://www.gfex.com.cn/gfex/cdrb/hqsj_tjsj.shtml
2025-06-27,碳酸锂,21998.0,-592.0,广州期货交易所,https://www.gfex.com.cn/gfex/cdrb/hqsj_tjsj.shtml
2025-06-30,碳酸锂,22628.0,630.0,广州期货交易所,https://www.gfex.com.cn/gfex/cdrb/hqsj_tjsj.shtml
2025-07-01,碳酸锂,22940.0,312.0,广州期货交易所,https://www.gfex.com.cn/gfex/cdrb/hqsj_tjsj.shtml
2025-07-02,碳酸锂,23180.0,240.0,广州期货交易所,https://www.gfex.com.cn/gfex/cdrb/hqsj_tjsj.shtml
2025-07-03,碳酸锂,22880.0,-300.0,广州期货交易所,https://www.gfex.com.cn/gfex/cdrb/hqsj_tjsj.shtml
2025-07-04,碳酸锂,21036.0,-1844.0,广州期货交易所,https://www.gfex.com.cn/gfex/cdrb/hqsj_tjsj.shtml
2025-07-07,碳酸锂,15555.0,-5481.0,广州期货交易所,https://www.gfex.com.cn/gfex/cdrb/hqsj_tjsj.shtml
2025-07-08,碳酸锂,12655.0,-2900.0,广州期货交易所,https://www.gfex.com.cn/gfex/cdrb/hqsj_tjsj.shtml
2025-07-09,碳酸锂,13281.0,626.0,广州期货交易所,https://www.gfex.com.cn/gfex/cdrb/hqsj_tjsj.shtml
2025-07-10,碳酸锂,13191.0,-90.0,广州期货交易所,https://www.gfex.com.cn/gfex/cdrb/hqsj_tjsj.shtml
2025-07-11,碳酸锂,11603.0,-1588.0,广州期货交易所,https://www.gfex.com.cn/gfex/cdrb/hqsj_tjsj.shtml
2025-07-14,碳酸锂,11204.0,-399.0,广州期货交易所,https://www.gfex.com.cn/gfex/cdrb/hqsj_tjsj.shtml
2025-07-15,碳酸锂,11203.0,-1.0,广州期货交易所,https://www.gfex.com.cn/gfex/cdrb/hqsj_tjsj.shtml
2025-07-16,碳酸锂,10655.0,-548.0,广州期货交易所,https://www.gfex.com.cn/gfex/cdrb/hqsj_tjsj.shtml
2025-07-17,碳酸锂,10239.0,-416.0,广州期货交易所,https://www.gfex.com.cn/gfex/cdrb/hqsj_tjsj.shtml
2025-07-18,碳酸锂,10239.0,0.0,广州期货交易所,https://www.gfex.com.cn/gfex/cdrb/hqsj_tjsj.shtml
2025-07-21,碳酸锂,9969.0,-270.0,广州期货交易所,https://www.gfex.com.cn/gfex/cdrb/hqsj_tjsj.shtml
2025-07-22,碳酸锂,10089.0,120.0,广州期货交易所,https://www.gfex.com.cn/gfex/cdrb/hqsj_tjsj.shtml
2025-07-23,碳酸锂,10754.0,665.0,广州期货交易所,https://www.gfex.com.cn/gfex/cdrb/hqsj_tjsj.shtml
2025-07-24,碳酸锂,11654.0,900.0,广州期货交易所,https://www.gfex.com.cn/gfex/cdrb/hqsj_tjsj.shtml
2025-07-25,碳酸锂,11996.0,342.0,广州期货交易所,https://www.gfex.com.cn/gfex/cdrb/hqsj_tjsj.shtml
2025-07-28,碳酸锂,12276.0,280.0,广州期货交易所,https://www.gfex.com.cn/gfex/cdrb/hqsj_tjsj.shtml
2025-07-29,碳酸锂,12276.0,0.0,广州期货交易所,https://www.gfex.com.cn/gfex/cdrb/hqsj_tjsj.shtml
2025-07-30,碳酸锂,13131.0,855.0,广州期货交易所,https://www.gfex.com.cn/gfex/cdrb/hqsj_tjsj.shtml
2025-07-31,碳酸锂,5545.0,-7586.0,广州期货交易所,https://www.gfex.com.cn/gfex/cdrb/hqsj_tjsj.shtml
2025-08-01,碳酸锂,6605.0,1060.0,广州期货交易所,https://www.gfex.com.cn/gfex/cdrb/hqsj_tjsj.shtml
2025-08-04,碳酸锂,12603.0,5998.0,广州期货交易所,https://www.gfex.com.cn/gfex/cdrb/hqsj_tjsj.shtml
2025-08-05,碳酸锂,14443.0,1840.0,广州期货交易所,https://www.gfex.com.cn/gfex/cdrb/hqsj_tjsj.shtml
2025-08-06,碳酸锂,15023.0,580.0,广州期货交易所,https://www.gfex.com.cn/gfex/cdrb/hqsj_tjsj.shtml
2025-08-07,碳酸锂,16443.0,1420.0,广州期货交易所,https://www.gfex.com.cn/gfex/cdrb/hqsj_tjsj.shtml
2025-08-08,碳酸锂,18829.0,2386.0,广州期货交易所,https://www.gfex.com.cn/gfex/cdrb/hqsj_tjsj.shtml
2025-08-11,碳酸锂,19389.0,560.0,广州期货交易所,https://www.gfex.com.cn/gfex/cdrb/hqsj_tjsj.shtml
2025-08-12,碳酸锂,20829.0,1440.0,广州期货交易所,https://www.gfex.com.cn/gfex/cdrb/hqsj_tjsj.shtml
2025-08-13,碳酸锂,21679.0,850.0,广州期货交易所,https://www.gfex.com.cn/gfex/cdrb/hqsj_tjsj.shtml
2025-08-14,碳酸锂,21939.0,260.0,广州期货交易所,https://www.gfex.com.cn/gfex/cdrb/hqsj_tjsj.shtml
2025-08-15,碳酸锂,23485.0,1546.0,广州期货交易所,https://www.gfex.com.cn/gfex/cdrb/hqsj_tjsj.shtml
2025-08-18,碳酸锂,23555.0,70.0,广州期货交易所,https://www.gfex.com.cn/gfex/cdrb/hqsj_tjsj.shtml
2025-08-19,碳酸锂,23615.0,60.0,广州期货交易所,https://www.gfex.com.cn/gfex/cdrb/hqsj_tjsj.shtml
2025-08-20,碳酸锂,24045.0,430.0,广州期货交易所,https://www.gfex.com.cn/gfex/cdrb/hqsj_tjsj.shtml
2025-08-21,碳酸锂,24320.0,275.0,广州期货交易所,https://www.gfex.com.cn/gfex/cdrb/hqsj_tjsj.shtml
2025-08-22,碳酸锂,24990.0,670.0,广州期货交易所,https://www.gfex.com.cn/gfex/cdrb/hqsj_tjsj.shtml
2025-08-25,碳酸锂,25630.0,640.0,广州期货交易所,https://www.gfex.com.cn/gfex/cdrb/hqsj_tjsj.shtml
2025-08-26,碳酸锂,26690.0,1060.0,广州期货交易所,https://www.gfex.com.cn/gfex/cdrb/hqsj_tjsj.shtml
2025-08-27,碳酸锂,27477.0,787.0,广州期货交易所,https://www.gfex.com.cn/gfex/cdrb/hqsj_tjsj.shtml
2025-08-28,碳酸锂,28957.0,1480.0,广州期货交易所,https://www.gfex.com.cn/gfex/cdrb/hqsj_tjsj.shtml
2025-08-29,碳酸锂,29887.0,930.0,广州期货交易所,https://www.gfex.com.cn/gfex/cdrb/hqsj_tjsj.shtml
2025-09-01,碳酸锂,31197.0,1310.0,广州期货交易所,https://www.gfex.com.cn/gfex/cdrb/hqsj_tjsj.shtml
2025-09-02,碳酸锂,32007.0,810.0,广州期货交易所,https://www.gfex.com.cn/gfex/cdrb/hqsj_tjsj.shtml
2025-09-03,碳酸锂,34118.0,2111.0,广州期货交易所,https://www.gfex.com.cn/gfex/cdrb/hqsj_tjsj.shtml
2025-09-04,碳酸锂,34948.0,830.0,广州期货交易所,https://www.gfex.com.cn/gfex/cdrb/hqsj_tjsj.shtml
2025-09-05,碳酸锂,36631.0,1683.0,广州期货交易所,https://www.gfex.com.cn/gfex/cdrb/hqsj_tjsj.shtml
2025-09-08,碳酸锂,37451.0,820.0,广州期货交易所,https://www.gfex.com.cn/gfex/cdrb/hqsj_tjsj.shtml
2025-09-09,碳酸锂,38101.0,650.0,广州期货交易所,https://www.gfex.com.cn/gfex/cdrb/hqsj_tjsj.shtml
2025-09-10,碳酸锂,38101.0,0.0,广州期货交易所,https://www.gfex.com.cn/gfex/cdrb/hqsj_tjsj.shtml
2025-09-11,碳酸锂,38391.0,290.0,广州期货交易所,https://www.gfex.com.cn/gfex/cdrb/hqsj_tjsj.shtml
2025-09-12,碳酸锂,38625.0,234.0,广州期货交易所,https://www.gfex.com.cn/gfex/cdrb/hqsj_tjsj.shtml
2025-09-15,碳酸锂,38963.0,338.0,广州期货交易所,https://www.gfex.com.cn/gfex/cdrb/hqsj_tjsj.shtml
2025-09-16,碳酸锂,38824.0,-139.0,广州期货交易所,https://www.gfex.com.cn/gfex/cdrb/hqsj_tjsj.shtml
2025-09-17,碳酸锂,39234.0,410.0,广州期货交易所,https://www.gfex.com.cn/gfex/cdrb/hqsj_tjsj.shtml
2025-09-18,碳酸锂,39354.0,120.0,广州期货交易所,https://www.gfex.com.cn/gfex/cdrb/hqsj_tjsj.shtml
2025-09-19,碳酸锂,39484.0,130.0,广州期货交易所,https://www.gfex.com.cn/gfex/cdrb/hqsj_tjsj.shtml
2025-09-22,碳酸锂,38909.0,-575.0,广州期货交易所,https://www.gfex.com.cn/gfex/cdrb/hqsj_tjsj.shtml
2025-09-23,碳酸锂,39449.0,540.0,广州期货交易所,https://www.gfex.com.cn/gfex/cdrb/hqsj_tjsj.shtml
2025-09-24,碳酸锂,39749.0,300.0,广州期货交易所,https://www.gfex.com.cn/gfex/cdrb/hqsj_tjsj.shtml
2025-09-25,碳酸锂,40309.0,560.0,广州期货交易所,https://www.gfex.com.cn/gfex/cdrb/hqsj_tjsj.shtml
2025-09-26,碳酸锂,40329.0,20.0,广州期货交易所,https://www.gfex.com.cn/gfex/cdrb/hqsj_tjsj.shtml
2025-09-29,碳酸锂,41119.0,790.0,广州期货交易所,https://www.gfex.com.cn/gfex/cdrb/hqsj_tjsj.shtml
2025-09-30,碳酸锂,41709.0,590.0,广州期货交易所,https://www.gfex.com.cn/gfex/cdrb/hqsj_tjsj.shtml
2025-10-09,碳酸锂,42379.0,670.0,广州期货交易所,https://www.gfex.com.cn/gfex/cdrb/hqsj_tjsj.shtml
2025-10-10,碳酸锂,42669.0,290.0,广州期货交易所,https://www.gfex.com.cn/gfex/cdrb/hqsj_tjsj.shtml
2025-10-13,碳酸锂,36718.0,-5951.0,广州期货交易所,https://www.gfex.com.cn/gfex/cdrb/hqsj_tjsj.shtml
2025-10-14,碳酸锂,35180.0,-1538.0,广州期货交易所,https://www.gfex.com.cn/gfex/cdrb/hqsj_tjsj.shtml
2025-10-15,碳酸锂,33076.0,-2104.0,广州期货交易所,https://www.gfex.com.cn/gfex/cdrb/hqsj_tjsj.shtml
2025-10-16,碳酸锂,30456.0,-2620.0,广州期货交易所,https://www.gfex.com.cn/gfex/cdrb/hqsj_tjsj.shtml
2025-10-17,碳酸锂,30686.0,230.0,广州期货交易所,https://www.gfex.com.cn/gfex/cdrb/hqsj_tjsj.shtml
2025-10-20,碳酸锂,30705.0,19.0,广州期货交易所,https://www.gfex.com.cn/gfex/cdrb/hqsj_tjsj.shtml
2025-10-21,碳酸锂,29892.0,-813.0,广州期货交易所,https://www.gfex.com.cn/gfex/cdrb/hqsj_tjsj.shtml
2025-10-22,碳酸锂,29019.0,-873.0,广州期货交易所,https://www.gfex.com.cn/gfex/cdrb/hqsj_tjsj.shtml
2025-10-23,碳酸锂,28759.0,-260.0,广州期货交易所,https://www.gfex.com.cn/gfex/cdrb/hqsj_tjsj.shtml
2025-10-24,碳酸锂,28699.0,-60.0,广州期货交易所,https://www.gfex.com.cn/gfex/cdrb/hqsj_tjsj.shtml
2025-10-27,碳酸锂,27739.0,-960.0,广州期货交易所,https://www.gfex.com.cn/gfex/cdrb/hqsj_tjsj.shtml
2025-10-28,碳酸锂,27335.0,-404.0,广州期货交易所,https://www.gfex.com.cn/gfex/cdrb/hqsj_tjsj.shtml
2025-10-29,碳酸锂,27525.0,190.0,广州期货交易所,https://www.gfex.com.cn/gfex/cdrb/hqsj_tjsj.shtml
2025-10-30,碳酸锂,27641.0,116.0,广州期货交易所,https://www.gfex.com.cn/gfex/cdrb/hqsj_tjsj.shtml
2025-10-31,碳酸锂,27621.0,-20.0,广州期货交易所,https://www.gfex.com.cn/gfex/cdrb/hqsj_tjsj.shtml
2025-11-03,碳酸锂,27290.0,-331.0,广州期货交易所,https://www.gfex.com.cn/gfex/cdrb/hqsj_tjsj.shtml
2025-11-04,碳酸锂,26490.0,-800.0,广州期货交易所,https://www.gfex.com.cn/gfex/cdrb/hqsj_tjsj.shtml
2025-11-05,碳酸锂,26830.0,340.0,广州期货交易所,https://www.gfex.com.cn/gfex/cdrb/hqsj_tjsj.shtml
2025-11-06,碳酸锂,26420.0,-410.0,广州期货交易所,https://www.gfex.com.cn/gfex/cdrb/hqsj_tjsj.shtml
2025-11-07,碳酸锂,27332.0,912.0,广州期货交易所,https://www.gfex.com.cn/gfex/cdrb/hqsj_tjsj.shtml
2025-11-10,碳酸锂,27491.0,159.0,广州期货交易所,https://www.gfex.com.cn/gfex/cdrb/hqsj_tjsj.shtml
2025-11-11,碳酸锂,28099.0,608.0,广州期货交易所,https://www.gfex.com.cn/gfex/cdrb/hqsj_tjsj.shtml
2025-11-12,碳酸锂,28287.0,188.0,广州期货交易所,https://www.gfex.com.cn/gfex/cdrb/hqsj_tjsj.shtml
2025-11-13,碳酸锂,27508.0,-779.0,广州期货交易所,https://www.gfex.com.cn/gfex/cdrb/hqsj_tjsj.shtml
2025-11-14,碳酸锂,27170.0,-338.0,广州期货交易所,https://www.gfex.com.cn/gfex/cdrb/hqsj_tjsj.shtml
2025-11-17,碳酸锂,26953.0,-217.0,广州期货交易所,https://www.gfex.com.cn/gfex/cdrb/hqsj_tjsj.shtml
2025-11-18,碳酸锂,26611.0,-342.0,广州期货交易所,https://www.gfex.com.cn/gfex/cdrb/hqsj_tjsj.shtml
2025-11-19,碳酸锂,26766.0,155.0,广州期货交易所,https://www.gfex.com.cn/gfex/cdrb/hqsj_tjsj.shtml
2025-11-20,碳酸锂,26916.0,150.0,广州期货交易所,https://www.gfex.com.cn/gfex/cdrb/hqsj_tjsj.shtml
2025-11-21,碳酸锂,26848.0,-68.0,广州期货交易所,https://www.gfex.com.cn/gfex/cdrb/hqsj_tjsj.shtml
2025-11-24,碳酸锂,26510.0,-338.0,广州期货交易所,https://www.gfex.com.cn/gfex/cdrb/hqsj_tjsj.shtml
2025-11-25,碳酸锂,26615.0,105.0,广州期货交易所,https://www.gfex.com.cn/gfex/cdrb/hqsj_tjsj.shtml
2025-11-26,碳酸锂,27050.0,435.0,广州期货交易所,https://www.gfex.com.cn/gfex/cdrb/hqsj_tjsj.shtml
2025-11-27,碳酸锂,26781.0,-269.0,广州期货交易所,https://www.gfex.com.cn/gfex/cdrb/hqsj_tjsj.shtml
2025-11-28,碳酸锂,5441.0,-21340.0,广州期货交易所,https://www.gfex.com.cn/gfex/cdrb/hqsj_tjsj.shtml
2025-12-01,碳酸锂,8222.0,2781.0,广州期货交易所,https://www.gfex.com.cn/gfex/cdrb/hqsj_tjsj.shtml
2025-12-02,碳酸锂,8992.0,770.0,广州期货交易所,https://www.gfex.com.cn/gfex/cdrb/hqsj_tjsj.shtml
2025-12-03,碳酸锂,9652.0,660.0,广州期货交易所,https://www.gfex.com.cn/gfex/cdrb/hqsj_tjsj.shtml
2025-12-04,碳酸锂,10422.0,770.0,广州期货交易所,https://www.gfex.com.cn/gfex/cdrb/hqsj_tjsj.shtml
2025-12-05,碳酸锂,10922.0,500.0,广州期货交易所,https://www.gfex.com.cn/gfex/cdrb/hqsj_tjsj.shtml
2025-12-08,碳酸锂,13120.0,2198.0,广州期货交易所,https://www.gfex.com.cn/gfex/cdrb/hqsj_tjsj.shtml
2025-12-09,碳酸锂,12920.0,-200.0,广州期货交易所,https://www.gfex.com.cn/gfex/cdrb/hqsj_tjsj.shtml
2025-12-10,碳酸锂,13680.0,760.0,广州期货交易所,https://www.gfex.com.cn/gfex/cdrb/hqsj_tjsj.shtml
2025-12-11,碳酸锂,14750.0,1070.0,广州期货交易所,https://www.gfex.com.cn/gfex/cdrb/hqsj_tjsj.shtml
2025-12-12,碳酸锂,15050.0,300.0,广州期货交易所,https://www.gfex.com.cn/gfex/cdrb/hqsj_tjsj.shtml
2025-12-15,碳酸锂,15260.0,210.0,广州期货交易所,https://www.gfex.com.cn/gfex/cdrb/hqsj_tjsj.shtml
2025-12-16,碳酸锂,15286.0,26.0,广州期货交易所,https://www.gfex.com.cn/gfex/cdrb/hqsj_tjsj.shtml
2025-12-17,碳酸锂,15636.0,350.0,广州期货交易所,https://www.gfex.com.cn/gfex/cdrb/hqsj_tjsj.shtml
2025-12-18,碳酸锂,15636.0,0.0,广州期货交易所,https://www.gfex.com.cn/gfex/cdrb/hqsj_tjsj.shtml
2025-12-19,碳酸锂,15511.0,-125.0,广州期货交易所,https://www.gfex.com.cn/gfex/cdrb/hqsj_tjsj.shtml
2025-12-22,碳酸锂,16411.0,900.0,广州期货交易所,https://www.gfex.com.cn/gfex/cdrb/hqsj_tjsj.shtml
2025-12-23,碳酸锂,16651.0,240.0,广州期货交易所,https://www.gfex.com.cn/gfex/cdrb/hqsj_tjsj.shtml
2025-12-24,碳酸锂,17101.0,450.0,广州期货交易所,https://www.gfex.com.cn/gfex/cdrb/hqsj_tjsj.shtml
2025-12-25,碳酸锂,17101.0,0.0,广州期货交易所,https://www.gfex.com.cn/gfex/cdrb/hqsj_tjsj.shtml
2025-12-26,碳酸锂,17861.0,760.0,广州期货交易所,https://www.gfex.com.cn/gfex/cdrb/hqsj_tjsj.shtml
2025-12-29,碳酸锂,18191.0,330.0,广州期货交易所,https://www.gfex.com.cn/gfex/cdrb/hqsj_tjsj.shtml
2025-12-30,碳酸锂,19491.0,1300.0,广州期货交易所,https://www.gfex.com.cn/gfex/cdrb/hqsj_tjsj.shtml
2025-12-31,碳酸锂,20281.0,790.0,广州期货交易所,https://www.gfex.com.cn/gfex/cdrb/hqsj_tjsj.shtml
2026-01-05,碳酸锂,20281.0,0.0,广州期货交易所,https://www.gfex.com.cn/gfex/cdrb/hqsj_tjsj.shtml
2026-01-06,碳酸锂,23141.0,2860.0,广州期货交易所,https://www.gfex.com.cn/gfex/cdrb/hqsj_tjsj.shtml
2026-01-07,碳酸锂,25180.0,2039.0,广州期货交易所,https://www.gfex.com.cn/gfex/cdrb/hqsj_tjsj.shtml
2026-01-08,碳酸锂,25770.0,590.0,广州期货交易所,https://www.gfex.com.cn/gfex/cdrb/hqsj_tjsj.shtml
2026-01-09,碳酸锂,25360.0,-410.0,广州期货交易所,https://www.gfex.com.cn/gfex/cdrb/hqsj_tjsj.shtml
2026-01-12,碳酸锂,25970.0,610.0,广州期货交易所,https://www.gfex.com.cn/gfex/cdrb/hqsj_tjsj.shtml
2026-01-13,碳酸锂,26898.0,928.0,广州期货交易所,https://www.gfex.com.cn/gfex/cdrb/hqsj_tjsj.shtml
2026-01-14,碳酸锂,27158.0,260.0,广州期货交易所,https://www.gfex.com.cn/gfex/cdrb/hqsj_tjsj.shtml
2026-01-15,碳酸锂,27205.0,47.0,广州期货交易所,https://www.gfex.com.cn/gfex/cdrb/hqsj_tjsj.shtml
2026-01-16,碳酸锂,27458.0,253.0,广州期货交易所,https://www.gfex.com.cn/gfex/cdrb/hqsj_tjsj.shtml
2026-01-19,碳酸锂,27698.0,240.0,广州期货交易所,https://www.gfex.com.cn/gfex/cdrb/hqsj_tjsj.shtml
2026-01-20,碳酸锂,27681.0,-17.0,广州期货交易所,https://www.gfex.com.cn/gfex/cdrb/hqsj_tjsj.shtml
2026-01-21,碳酸锂,28656.0,975.0,广州期货交易所,https://www.gfex.com.cn/gfex/cdrb/hqsj_tjsj.shtml
2026-01-22,碳酸锂,28886.0,230.0,广州期货交易所,https://www.gfex.com.cn/gfex/cdrb/hqsj_tjsj.shtml
2026-01-23,碳酸锂,28156.0,-730.0,广州期货交易所,https://www.gfex.com.cn/gfex/cdrb/hqsj_tjsj.shtml
2026-01-26,碳酸锂,28646.0,490.0,广州期货交易所,https://www.gfex.com.cn/gfex/cdrb/hqsj_tjsj.shtml
2026-01-27,碳酸锂,29166.0,520.0,广州期货交易所,https://www.gfex.com.cn/gfex/cdrb/hqsj_tjsj.shtml
2026-01-28,碳酸锂,29966.0,800.0,广州期货交易所,https://www.gfex.com.cn/gfex/cdrb/hqsj_tjsj.shtml
2026-01-29,碳酸锂,30211.0,245.0,广州期货交易所,https://www.gfex.com.cn/gfex/cdrb/hqsj_tjsj.shtml
2026-01-30,碳酸锂,30631.0,420.0,广州期货交易所,https://www.gfex.com.cn/gfex/cdrb/hqsj_tjsj.shtml
2026-02-02,碳酸锂,32241.0,1610.0,广州期货交易所,https://www.gfex.com.cn/gfex/cdrb/hqsj_tjsj.shtml
2026-02-03,碳酸锂,33084.0,843.0,广州期货交易所,https://www.gfex.com.cn/gfex/cdrb/hqsj_tjsj.shtml
2026-02-04,碳酸锂,34114.0,1030.0,广州期货交易所,https://www.gfex.com.cn/gfex/cdrb/hqsj_tjsj.shtml
2026-02-05,碳酸锂,33787.0,-327.0,广州期货交易所,https://www.gfex.com.cn/gfex/cdrb/hqsj_tjsj.shtml
2026-02-06,碳酸锂,33777.0,-10.0,广州期货交易所,https://www.gfex.com.cn/gfex/cdrb/hqsj_tjsj.shtml
2026-02-09,碳酸锂,34597.0,820.0,广州期货交易所,https://www.gfex.com.cn/gfex/cdrb/hqsj_tjsj.shtml
2026-02-10,碳酸锂,35537.0,940.0,广州期货交易所,https://www.gfex.com.cn/gfex/cdrb/hqsj_tjsj.shtml
2026-02-11,碳酸锂,35527.0,-10.0,广州期货交易所,https://www.gfex.com.cn/gfex/cdrb/hqsj_tjsj.shtml
2026-02-12,碳酸锂,37282.0,1755.0,广州期货交易所,https://www.gfex.com.cn/gfex/cdrb/hqsj_tjsj.shtml
2026-02-13,碳酸锂,38759.0,1477.0,广州期货交易所,https://www.gfex.com.cn/gfex/cdrb/hqsj_tjsj.shtml
2026-02-24,碳酸锂,38855.0,96.0,广州期货交易所,https://www.gfex.com.cn/gfex/cdrb/hqsj_tjsj.shtml
2026-02-25,碳酸锂,38525.0,-330.0,广州期货交易所,https://www.gfex.com.cn/gfex/cdrb/hqsj_tjsj.shtml
2026-02-26,碳酸锂,38451.0,-74.0,广州期货交易所,https://www.gfex.com.cn/gfex/cdrb/hqsj_tjsj.shtml
2026-02-27,碳酸锂,38461.0,10.0,广州期货交易所,https://www.gfex.com.cn/gfex/cdrb/hqsj_tjsj.shtml
2026-03-02,碳酸锂,38196.0,-265.0,广州期货交易所,https://www.gfex.com.cn/gfex/cdrb/hqsj_tjsj.shtml
2026-03-03,碳酸锂,37755.0,-441.0,广州期货交易所,https://www.gfex.com.cn/gfex/cdrb/hqsj_tjsj.shtml
2026-03-04,碳酸锂,37155.0,-600.0,广州期货交易所,https://www.gfex.com.cn/gfex/cdrb/hqsj_tjsj.shtml
2026-03-05,碳酸锂,36840.0,-315.0,广州期货交易所,https://www.gfex.com.cn/gfex/cdrb/hqsj_tjsj.shtml
2026-03-06,碳酸锂,36330.0,-510.0,广州期货交易所,https://www.gfex.com.cn/gfex/cdrb/hqsj_tjsj.shtml
2026-03-09,碳酸锂,36861.0,531.0,广州期货交易所,https://www.gfex.com.cn/gfex/cdrb/hqsj_tjsj.shtml
2026-03-10,碳酸锂,37019.0,158.0,广州期货交易所,https://www.gfex.com.cn/gfex/cdrb/hqsj_tjsj.shtml
2026-03-11,碳酸锂,36739.0,-280.0,广州期货交易所,https://www.gfex.com.cn/gfex/cdrb/hqsj_tjsj.shtml
2026-03-12,碳酸锂,36455.0,-284.0,广州期货交易所,https://www.gfex.com.cn/gfex/cdrb/hqsj_tjsj.shtml
2026-03-13,碳酸锂,36403.0,-52.0,广州期货交易所,https://www.gfex.com.cn/gfex/cdrb/hqsj_tjsj.shtml
2026-03-16,碳酸锂,36393.0,-10.0,广州期货交易所,https://www.gfex.com.cn/gfex/cdrb/hqsj_tjsj.shtml
2026-03-17,碳酸锂,36465.0,72.0,广州期货交易所,https://www.gfex.com.cn/gfex/cdrb/hqsj_tjsj.shtml
2026-03-18,碳酸锂,35769.0,-696.0,广州期货交易所,https://www.gfex.com.cn/gfex/cdrb/hqsj_tjsj.shtml
2026-03-19,碳酸锂,34740.0,-1029.0,广州期货交易所,https://www.gfex.com.cn/gfex/cdrb/hqsj_tjsj.shtml
2026-03-20,碳酸锂,34318.0,-422.0,广州期货交易所,https://www.gfex.com.cn/gfex/cdrb/hqsj_tjsj.shtml
2026-03-23,碳酸锂,33537.0,-781.0,广州期货交易所,https://www.gfex.com.cn/gfex/cdrb/hqsj_tjsj.shtml
2026-03-24,碳酸锂,32078.0,-1459.0,广州期货交易所,https://www.gfex.com.cn/gfex/cdrb/hqsj_tjsj.shtml
2026-03-25,碳酸锂,31460.0,-618.0,广州期货交易所,https://www.gfex.com.cn/gfex/cdrb/hqsj_tjsj.shtml
2026-03-26,碳酸锂,30751.0,-709.0,广州期货交易所,https://www.gfex.com.cn/gfex/cdrb/hqsj_tjsj.shtml
2026-03-27,碳酸锂,30111.0,-640.0,广州期货交易所,https://www.gfex.com.cn/gfex/cdrb/hqsj_tjsj.shtml
2026-03-30,碳酸锂,31064.0,953.0,广州期货交易所,https://www.gfex.com.cn/gfex/cdrb/hqsj_tjsj.shtml
2026-03-31,碳酸锂,11318.0,-19746.0,广州期货交易所,https://www.gfex.com.cn/gfex/cdrb/hqsj_tjsj.shtml
2026-04-01,碳酸锂,17658.0,6340.0,广州期货交易所,https://www.gfex.com.cn/gfex/cdrb/hqsj_tjsj.shtml
2026-04-02,碳酸锂,19238.0,1580.0,广州期货交易所,https://www.gfex.com.cn/gfex/cdrb/hqsj_tjsj.shtml
2026-04-03,碳酸锂,21238.0,2000.0,广州期货交易所,https://www.gfex.com.cn/gfex/cdrb/hqsj_tjsj.shtml
2026-04-07,碳酸锂,21508.0,270.0,广州期货交易所,https://www.gfex.com.cn/gfex/cdrb/hqsj_tjsj.shtml
2026-04-08,碳酸锂,23654.0,2146.0,广州期货交易所,https://www.gfex.com.cn/gfex/cdrb/hqsj_tjsj.shtml
2026-04-09,碳酸锂,24664.0,1010.0,广州期货交易所,https://www.gfex.com.cn/gfex/cdrb/hqsj_tjsj.shtml
2026-04-10,碳酸锂,25453.0,789.0,广州期货交易所,https://www.gfex.com.cn/gfex/cdrb/hqsj_tjsj.shtml
2026-04-13,碳酸锂,26203.0,750.0,广州期货交易所,https://www.gfex.com.cn/gfex/cdrb/hqsj_tjsj.shtml
2026-04-14,碳酸锂,27523.0,1320.0,广州期货交易所,https://www.gfex.com.cn/gfex/cdrb/hqsj_tjsj.shtml
2026-04-15,碳酸锂,28383.0,860.0,广州期货交易所,https://www.gfex.com.cn/gfex/cdrb/hqsj_tjsj.shtml
2026-04-16,碳酸锂,29423.0,1040.0,广州期货交易所,https://www.gfex.com.cn/gfex/cdrb/hqsj_tjsj.shtml
2026-04-17,碳酸锂,30023.0,600.0,广州期货交易所,https://www.gfex.com.cn/gfex/cdrb/hqsj_tjsj.shtml
2026-04-20,碳酸锂,30688.0,665.0,广州期货交易所,https://www.gfex.com.cn/gfex/cdrb/hqsj_tjsj.shtml
2026-04-21,碳酸锂,32268.0,1580.0,广州期货交易所,https://www.gfex.com.cn/gfex/cdrb/hqsj_tjsj.shtml
2026-04-22,碳酸锂,32658.0,390.0,广州期货交易所,https://www.gfex.com.cn/gfex/cdrb/hqsj_tjsj.shtml
2026-04-23,碳酸锂,33359.0,701.0,广州期货交易所,https://www.gfex.com.cn/gfex/cdrb/hqsj_tjsj.shtml
2026-04-24,碳酸锂,34298.0,939.0,广州期货交易所,https://www.gfex.com.cn/gfex/cdrb/hqsj_tjsj.shtml
2026-04-27,碳酸锂,35327.0,1029.0,广州期货交易所,https://www.gfex.com.cn/gfex/cdrb/hqsj_tjsj.shtml
2026-04-28,碳酸锂,36392.0,1065.0,广州期货交易所,https://www.gfex.com.cn/gfex/cdrb/hqsj_tjsj.shtml
2026-04-29,碳酸锂,36962.0,570.0,广州期货交易所,https://www.gfex.com.cn/gfex/cdrb/hqsj_tjsj.shtml
2026-04-30,碳酸锂,38012.0,1050.0,广州期货交易所,https://www.gfex.com.cn/gfex/cdrb/hqsj_tjsj.shtml
2026-05-06,碳酸锂,39041.0,1029.0,广州期货交易所,https://www.gfex.com.cn/gfex/cdrb/hqsj_tjsj.shtml
2026-05-07,碳酸锂,42631.0,3590.0,广州期货交易所,https://www.gfex.com.cn/gfex/cdrb/hqsj_tjsj.shtml
2026-05-08,碳酸锂,43930.0,1299.0,广州期货交易所,https://www.gfex.com.cn/gfex/cdrb/hqsj_tjsj.shtml
2026-05-11,碳酸锂,43880.0,-50.0,广州期货交易所,https://www.gfex.com.cn/gfex/cdrb/hqsj_tjsj.shtml
2026-05-12,碳酸锂,45954.0,2074.0,广州期货交易所,https://www.gfex.com.cn/gfex/cdrb/hqsj_tjsj.shtml
2026-05-13,碳酸锂,47720.0,1766.0,广州期货交易所,https://www.gfex.com.cn/gfex/cdrb/hqsj_tjsj.shtml
2026-05-14,碳酸锂,49310.0,1590.0,广州期货交易所,https://www.gfex.com.cn/gfex/cdrb/hqsj_tjsj.shtml
2026-05-15,碳酸锂,50639.0,1329.0,广州期货交易所,https://www.gfex.com.cn/gfex/cdrb/hqsj_tjsj.shtml
2026-05-18,碳酸锂,51804.0,1165.0,广州期货交易所,https://www.gfex.com.cn/gfex/cdrb/hqsj_tjsj.shtml
2026-05-19,碳酸锂,52579.0,775.0,广州期货交易所,https://www.gfex.com.cn/gfex/cdrb/hqsj_tjsj.shtml
2026-05-20,碳酸锂,53083.0,504.0,广州期货交易所,https://www.gfex.com.cn/gfex/cdrb/hqsj_tjsj.shtml
2026-05-21,碳酸锂,52337.0,-746.0,广州期货交易所,https://www.gfex.com.cn/gfex/cdrb/hqsj_tjsj.shtml
2026-05-22,碳酸锂,53047.0,710.0,广州期货交易所,https://www.gfex.com.cn/gfex/cdrb/hqsj_tjsj.shtml
2026-05-25,碳酸锂,52143.0,-904.0,广州期货交易所,https://www.gfex.com.cn/gfex/cdrb/hqsj_tjsj.shtml
2026-05-26,碳酸锂,53763.0,1620.0,广州期货交易所,https://www.gfex.com.cn/gfex/cdrb/hqsj_tjsj.shtml
2026-05-27,碳酸锂,54249.0,486.0,广州期货交易所,https://www.gfex.com.cn/gfex/cdrb/hqsj_tjsj.shtml
2026-05-28,碳酸锂,54033.0,-216.0,广州期货交易所,https://www.gfex.com.cn/gfex/cdrb/hqsj_tjsj.shtml
2026-05-29,碳酸锂,54195.0,162.0,广州期货交易所,https://www.gfex.com.cn/gfex/cdrb/hqsj_tjsj.shtml
2026-06-01,碳酸锂,55215.0,1020.0,广州期货交易所,https://www.gfex.com.cn/gfex/cdrb/hqsj_tjsj.shtml
2026-06-02,碳酸锂,55990.0,775.0,广州期货交易所,https://www.gfex.com.cn/gfex/cdrb/hqsj_tjsj.shtml
2026-06-03,碳酸锂,56045.0,55.0,广州期货交易所,https://www.gfex.com.cn/gfex/cdrb/hqsj_tjsj.shtml
2026-06-04,碳酸锂,56599.0,554.0,广州期货交易所,https://www.gfex.com.cn/gfex/cdrb/hqsj_tjsj.shtml
2026-06-05,碳酸锂,55687.0,-912.0,广州期货交易所,https://www.gfex.com.cn/gfex/cdrb/hqsj_tjsj.shtml
2026-06-08,碳酸锂,55940.0,253.0,广州期货交易所,https://www.gfex.com.cn/gfex/cdrb/hqsj_tjsj.shtml
2026-06-09,碳酸锂,55544.0,-396.0,广州期货交易所,https://www.gfex.com.cn/gfex/cdrb/hqsj_tjsj.shtml
2026-06-10,碳酸锂,55581.0,37.0,广州期货交易所,https://www.gfex.com.cn/gfex/cdrb/hqsj_tjsj.shtml
2026-06-11,碳酸锂,54683.0,-898.0,广州期货交易所,https://www.gfex.com.cn/gfex/cdrb/hqsj_tjsj.shtml
2026-06-12,碳酸锂,53787.0,-896.0,广州期货交易所,https://www.gfex.com.cn/gfex/cdrb/hqsj_tjsj.shtml
2026-06-15,碳酸锂,53885.0,98.0,广州期货交易所,https://www.gfex.com.cn/gfex/cdrb/hqsj_tjsj.shtml
2026-06-16,碳酸锂,53285.0,-600.0,广州期货交易所,https://www.gfex.com.cn/gfex/cdrb/hqsj_tjsj.shtml
2026-06-17,碳酸锂,52685.0,-600.0,广州期货交易所,https://www.gfex.com.cn/gfex/cdrb/hqsj_tjsj.shtml
2026-06-18,碳酸锂,51975.0,-710.0,广州期货交易所,https://www.gfex.com.cn/gfex/cdrb/hqsj_tjsj.shtml
2026-06-22,碳酸锂,50415.0,-1560.0,广州期货交易所,https://www.gfex.com.cn/gfex/cdrb/hqsj_tjsj.shtml
2026-06-23,碳酸锂,50460.0,45.0,广州期货交易所,https://www.gfex.com.cn/gfex/cdrb/hqsj_tjsj.shtml
2026-06-24,碳酸锂,49115.0,-1345.0,广州期货交易所,https://www.gfex.com.cn/gfex/cdrb/hqsj_tjsj.shtml
2026-06-25,碳酸锂,49007.0,-108.0,广州期货交易所,https://www.gfex.com.cn/gfex/cdrb/hqsj_tjsj.shtml
2026-06-26,碳酸锂,48544.0,-463.0,广州期货交易所,https://www.gfex.com.cn/gfex/cdrb/hqsj_tjsj.shtml
2026-06-29,碳酸锂,48489.0,-55.0,广州期货交易所,https://www.gfex.com.cn/gfex/cdrb/hqsj_tjsj.shtml
2026-06-30,碳酸锂,48731.0,242.0,广州期货交易所,https://www.gfex.com.cn/gfex/cdrb/hqsj_tjsj.shtml
2026-07-01,碳酸锂,49331.0,600.0,广州期货交易所,https://www.gfex.com.cn/gfex/cdrb/hqsj_tjsj.shtml
2026-07-02,碳酸锂,48578.0,-753.0,广州期货交易所,https://www.gfex.com.cn/gfex/cdrb/hqsj_tjsj.shtml
2026-07-03,碳酸锂,48206.0,-372.0,广州期货交易所,https://www.gfex.com.cn/gfex/cdrb/hqsj_tjsj.shtml
2026-07-06,碳酸锂,46708.0,-1498.0,广州期货交易所,https://www.gfex.com.cn/gfex/cdrb/hqsj_tjsj.shtml
2026-07-07,碳酸锂,46085.0,-623.0,广州期货交易所,https://www.gfex.com.cn/gfex/cdrb/hqsj_tjsj.shtml
2026-07-08,碳酸锂,43640.0,-2445.0,广州期货交易所,https://www.gfex.com.cn/gfex/cdrb/hqsj_tjsj.shtml
2026-07-09,碳酸锂,44020.0,380.0,广州期货交易所,https://www.gfex.com.cn/gfex/cdrb/hqsj_tjsj.shtml
2026-07-10,碳酸锂,42067.0,-1953.0,广州期货交易所,https://www.gfex.com.cn/gfex/cdrb/hqsj_tjsj.shtml
2026-07-13,碳酸锂,42406.0,339.0,广州期货交易所,https://www.gfex.com.cn/gfex/cdrb/hqsj_tjsj.shtml
2026-07-14,碳酸锂,42903.0,497.0,广州期货交易所,https://www.gfex.com.cn/gfex/cdrb/hqsj_tjsj.shtml
2026-07-15,碳酸锂,42420.0,-483.0,广州期货交易所,https://www.gfex.com.cn/gfex/cdrb/hqsj_tjsj.shtml
2026-07-16,碳酸锂,41231.0,-1189.0,广州期货交易所,https://www.gfex.com.cn/gfex/cdrb/hqsj_tjsj.shtml
2026-07-17,碳酸锂,40345.0,-886.0,广州期货交易所,https://www.gfex.com.cn/gfex/cdrb/hqsj_tjsj.shtml
2026-07-20,碳酸锂,41359.0,1014.0,广州期货交易所,https://www.gfex.com.cn/gfex/cdrb/hqsj_tjsj.shtml
2026-07-21,碳酸锂,41023.0,-336.0,广州期货交易所,https://www.gfex.com.cn/gfex/cdrb/hqsj_tjsj.shtml
2026-07-22,碳酸锂,40865.0,-158.0,广州期货交易所,https://www.gfex.com.cn/gfex/cdrb/hqsj_tjsj.shtml
2026-07-23,碳酸锂,40334.0,-531.0,广州期货交易所,https://www.gfex.com.cn/gfex/cdrb/hqsj_tjsj.shtml
2026-07-24,碳酸锂,39879.0,-455.0,广州期货交易所,https://www.gfex.com.cn/gfex/cdrb/hqsj_tjsj.shtml
2026-07-27,碳酸锂,38418.0,-1461.0,广州期货交易所,https://www.gfex.com.cn/gfex/cdrb/hqsj_tjsj.shtml
2026-07-28,碳酸锂,38278.0,-140.0,广州期货交易所,https://www.gfex.com.cn/gfex/cdrb/hqsj_tjsj.shtml
2026-07-29,碳酸锂,39315.0,1037.0,广州期货交易所,https://www.gfex.com.cn/gfex/cdrb/hqsj_tjsj.shtml
2026-07-30,碳酸锂,38981.0,-334.0,广州期货交易所,https://www.gfex.com.cn/gfex/cdrb/hqsj_tjsj.shtml
2026-07-31,碳酸锂,25042.0,-13939.0,广州期货交易所,https://www.gfex.com.cn/gfex/cdrb/hqsj_tjsj.shtml
2026-08-03,碳酸锂,26552.0,1510.0,广州期货交易所,https://www.gfex.com.cn/gfex/cdrb/hqsj_tjsj.shtml
2026-08-04,碳酸锂,27653.0,1101.0,广州期货交易所,https://www.gfex.com.cn/gfex/cdrb/hqsj_tjsj.shtml
2026-08-05,碳酸锂,28123.0,470.0,广州期货交易所,https://www.gfex.com.cn/gfex/cdrb/hqsj_tjsj.shtml
2026-08-06,碳酸锂,28453.0,330.0,广州期货交易所,https://www.gfex.com.cn/gfex/cdrb/hqsj_tjsj.shtml
2026-08-07,碳酸锂,29873.0,1420.0,广州期货交易所,https://www.gfex.com.cn/gfex/cdrb/hqsj_tjsj.shtml
2026-08-10,碳酸锂,31621.0,1748.0,广州期货交易所,https://www.gfex.com.cn/gfex/cdrb/hqsj_tjsj.shtml
2026-08-11,碳酸锂,32551.0,930.0,广州期货交易所,https://www.gfex.com.cn/gfex/cdrb/hqsj_tjsj.shtml
2026-08-12,碳酸锂,35101.0,2550.0,广州期货交易所,https://www.gfex.com.cn/gfex/cdrb/hqsj_tjsj.shtml
2026-08-13,碳酸锂,35508.0,407.0,广州期货交易所,https://www.gfex.com.cn/gfex/cdrb/hqsj_tjsj.shtml
2026-08-14,碳酸锂,36098.0,590.0,广州期货交易所,https://www.gfex.com.cn/gfex/cdrb/hqsj_tjsj.shtml
