trade_date,signal_date,split,strategy,position,market_open_return,turnover,cost_bps,net_return,nav,trend_score,active_text_score,validation_std
2026-01-05,2025-12-31,oos,pure_trend,0.9893158542347099,0.060799999999999965,0.010370116236949833,5.0,0.060145218879351856,1.9901147227637026,0.9893158542347099,0.0,0.11406610432427126
2026-01-05,2025-12-31,oos,zero_shot_llm,0.692521097964297,0.060799999999999965,0.00725908136586495,5.0,0.0421016532155463,1.665259888612026,0.9893158542347099,0.0,0.11406610432427126
2026-01-05,2025-12-31,oos,rift_enhanced_trend,0.5125210979642969,0.060799999999999965,0.007259081365864839,5.0,0.0311576532155463,1.6782668032332295,0.9893158542347099,-0.6,0.11406610432427126
2026-01-06,2026-01-05,oos,pure_trend,0.9977501783802887,0.08597285067873295,0.008434324145578764,5.0,0.08577520993849494,2.1608172309104487,0.9977501783802887,0.0,0.11406610432427126
2026-01-06,2026-01-05,oos,zero_shot_llm,0.698425124866202,0.08597285067873295,0.005904026901905057,5.0,0.06004264695694645,1.7652465001955218,0.9977501783802887,0.0,0.11406610432427126
2026-01-06,2026-01-05,oos,rift_enhanced_trend,0.518425124866202,0.08597285067873295,0.005904026901905057,5.0,0.04456753383477451,1.7530630157701053,0.9977501783802887,-0.6,0.11406610432427126
2026-01-07,2026-01-06,oos,pure_trend,0.9996701221782511,-0.021805555555555522,0.0019199437979624534,5.0,-0.02179932235828581,2.1137128795364934,0.9996701221782511,0.0,0.11406610432427126
2026-01-07,2026-01-06,oos,zero_shot_llm,0.6997690855247758,-0.021805555555555522,0.001343960658573784,5.0,-0.01525952565080007,1.7383096759458032,0.9996701221782511,0.0,0.11406610432427126
2026-01-07,2026-01-06,oos,rift_enhanced_trend,0.5197690855247759,-0.021805555555555522,0.001343960658573895,5.0,-0.011334525650800077,1.73319287805039,0.9996701221782511,-0.6,0.11406610432427126
2026-01-08,2026-01-07,oos,pure_trend,0.999690715438897,0.008093142126934572,2.059326064585143e-05,5.0,0.008090628746393576,2.1308141457212937,0.999690715438897,0.0,0.11406610432427126
2026-01-08,2026-01-07,oos,zero_shot_llm,0.6997835008072278,0.008093142126934572,1.4415282452051592e-05,5.0,0.0056634401224755025,1.7481544887098421,0.999690715438897,0.0,0.11406610432427126
2026-01-08,2026-01-07,oos,rift_enhanced_trend,0.5197835008072278,0.008093142126934572,1.441528245194057e-05,5.0,0.004206674539627279,1.7404838564027478,0.999690715438897,-0.6,0.11406610432427126
2026-01-09,2026-01-08,oos,pure_trend,0.9998958425583095,0.09901408450704219,0.00020512711941256256,5.0,0.09900366888974892,2.3417725638698776,0.9998958425583095,0.0,0.11406610432427126
2026-01-09,2026-01-08,oos,zero_shot_llm,0.6999270897908166,0.09901408450704219,0.0001435889835887938,5.0,0.06930256822282423,1.8693060844276925,0.9998958425583095,0.0,0.11406610432427126
2026-01-09,2026-01-08,oos,rift_enhanced_trend,0.6653816352453621,0.09901408450704219,0.1455981344381343,5.0,0.06580935439439914,1.8550239753264868,0.9998958425583095,-0.11515151515151519,0.11406610432427126
2026-01-12,2026-01-09,oos,pure_trend,0.9996554932823469,0.0765090349865436,0.00024034927596261468,5.0,0.0764825569353916,2.5208773173157932,0.9996554932823469,0.0,0.11406610432427126
2026-01-12,2026-01-09,oos,zero_shot_llm,0.6997588452976428,0.0765090349865436,0.0001682444931738747,5.0,0.053537789854774115,1.969384600750033,0.9996554932823469,0.0,0.11406610432427126
2026-01-12,2026-01-09,oos,rift_enhanced_trend,0.6754345209733185,0.0765090349865436,0.010052885727956373,5.0,0.05167181695340296,1.9508764346237308,0.9996554932823469,-0.08108108108108103,0.11406610432427126
2026-01-13,2026-01-12,oos,pure_trend,0.9999210122788016,0.005952380952380931,0.00026551899645466115,5.0,0.00595177802787557,2.535881019543963,0.9999210122788016,0.0,0.11406610432427126
2026-01-13,2026-01-12,oos,zero_shot_llm,0.6999447085951611,0.005952380952380931,0.00018586329751835162,5.0,0.0041662446195129,1.9775895387466595,0.9999210122788016,0.0,0.11406610432427126
2026-01-13,2026-01-12,oos,rift_enhanced_trend,0.6981265267769793,0.005952380952380931,0.02269200580366082,5.0,0.004144169037437318,1.9589611963399647,0.9999210122788016,-0.006060606060606094,0.11406610432427126
2026-01-14,2026-01-13,oos,pure_trend,0.9999919836861108,-0.030532544378698234,7.097140730916163e-05,5.0,-0.03053233510594231,2.4584546504664484,0.9999919836861108,0.0,0.11406610432427126
2026-01-14,2026-01-13,oos,zero_shot_llm,0.6999943885802775,-0.030532544378698234,4.967998511640204e-05,5.0,-0.02137263457415962,1.9353232401973464,0.9999919836861108,0.0,0.11406610432427126
2026-01-14,2026-01-13,oos,rift_enhanced_trend,0.7224943885802775,-0.030532544378698234,0.024367861803298196,5.0,-0.022071775913589418,1.9157234437909318,0.9999919836861108,0.075,0.11406610432427126
2026-01-15,2026-01-14,oos,pure_trend,0.9999482676719929,-0.0037841796875,4.371601411790049e-05,5.0,-0.003784005781082227,2.449151843856555,0.9999482676719929,0.0,0.11406610432427126
2026-01-15,2026-01-14,oos,zero_shot_llm,0.699963787370395,-0.0037841796875,3.060120988251924e-05,5.0,-0.0026488040467575595,1.9301969481669277,0.9999482676719929,0.0,0.11406610432427126
2026-01-15,2026-01-14,oos,rift_enhanced_trend,0.7378585242125003,-0.0037841796875,0.01536413563222283,5.0,-0.002799871307389782,1.9103596646877676,0.9999482676719929,0.12631578947368424,0.11406610432427126
2026-01-16,2026-01-15,oos,pure_trend,0.9999636015582186,-0.09569905648817545,1.5333886225765703e-05,5.0,-0.09569558085858244,2.214778835547834,0.9999636015582186,0.0,0.11406610432427126
2026-01-16,2026-01-15,oos,zero_shot_llm,0.699974521090753,-0.09569905648817545,1.073372035798048e-05,5.0,-0.0669869066010077,1.8008990254785195,0.9999636015582186,0.0,0.11406610432427126
2026-01-16,2026-01-15,oos,rift_enhanced_trend,0.699974521090753,-0.09569905648817545,0.037884003121747334,5.0,-0.06700584323570839,1.7823544044718787,0.9999636015582186,0.0,0.11406610432427126
2026-01-19,2026-01-16,oos,pure_trend,0.9953710296134608,0.01287262872628725,0.004592571944757817,5.0,0.012810745423143973,2.243151803378604,0.9953710296134608,0.0,0.11406610432427126
2026-01-19,2026-01-16,oos,zero_shot_llm,0.6967597207294225,0.01287262872628725,0.003214800361330483,5.0,0.00896752179620078,1.817048626742255,0.9953710296134608,0.0,0.11406610432427126
2026-01-19,2026-01-16,oos,rift_enhanced_trend,0.6967597207294225,0.01287262872628725,0.003214800361330483,5.0,0.00896752179620078,1.7983377064425348,0.9953710296134608,0.0,0.11406610432427126
2026-01-20,2026-01-19,oos,pure_trend,0.9977485346546742,0.07424749163879607,0.002377505041213368,5.0,0.07407913723187336,2.4093225536530123,0.9977485346546742,0.0,0.11406610432427126
2026-01-20,2026-01-19,oos,zero_shot_llm,0.6984239742582719,0.07424749163879607,0.0016642535288493576,5.0,0.051855396062311335,1.9112724029464536,0.9977485346546742,0.0,0.11406610432427126
2026-01-20,2026-01-19,oos,rift_enhanced_trend,0.6984239742582719,0.07424749163879607,0.0016642535288493576,5.0,0.051855396062311335,1.8915912204639012,0.9977485346546742,0.0,0.11406610432427126
2026-01-21,2026-01-20,oos,pure_trend,0.9991197801314414,0.027397260273972712,0.0013712454767672577,5.0,0.02737245903839711,2.4752716365631655,0.9991197801314414,0.0,0.11406610432427126
2026-01-21,2026-01-20,oos,zero_shot_llm,0.699383846092009,0.027397260273972712,0.0009598718337371359,5.0,0.019160721326877975,1.9478937608390632,0.9991197801314414,0.0,0.11406610432427126
2026-01-21,2026-01-20,oos,rift_enhanced_trend,0.699383846092009,0.027397260273972712,0.0009598718337371359,5.0,0.019160721326877975,1.9278354727035791,0.9991197801314414,0.0,0.11406610432427126
2026-01-22,2026-01-21,oos,pure_trend,0.9993467945741358,0.05454545454545445,0.000227014442694351,5.0,0.05450971165136779,2.6101979797310326,0.9993467945741358,0.0,0.11406610432427126
2026-01-22,2026-01-21,oos,zero_shot_llm,0.699542756201895,0.05454545454545445,0.0001589101098860013,5.0,0.03815679815595745,2.022219149900648,0.9993467945741358,0.0,0.11406610432427126
2026-01-22,2026-01-21,oos,rift_enhanced_trend,0.699542756201895,0.05454545454545445,0.0001589101098860013,5.0,0.03815679815595745,2.001395501713424,0.9993467945741358,0.0,0.11406610432427126
2026-01-23,2026-01-22,oos,pure_trend,0.9982730536490508,0.08747126436781616,0.0010737409250849428,5.0,0.0873196693165407,2.8381196041718493,0.9982730536490508,0.0,0.11406610432427126
2026-01-23,2026-01-22,oos,zero_shot_llm,0.6987911375543355,0.08747126436781616,0.00075161864755946,5.0,0.06112376852157849,2.1458248051190782,0.9982730536490508,0.0,0.11406610432427126
2026-01-23,2026-01-22,oos,rift_enhanced_trend,0.6987911375543355,0.08747126436781616,0.00075161864755946,5.0,0.06112376852157849,2.123728337080284,0.9982730536490508,0.0,0.11406610432427126
2026-01-26,2026-01-23,oos,pure_trend,0.9993193007287158,-0.1190149032871789,0.0010462470796649415,5.0,-0.11893441305277919,2.5005695148760845,0.9993193007287158,0.0,0.11406610432427126
2026-01-26,2026-01-23,oos,zero_shot_llm,0.699523510510101,-0.1190149032871789,0.0007323729557654479,5.0,-0.08325408913694542,1.967176115521426,0.9993193007287158,0.0,0.11406610432427126
2026-01-26,2026-01-23,oos,rift_enhanced_trend,0.699523510510101,-0.1190149032871789,0.0007323729557654479,5.0,-0.08325408913694542,1.9469192688023451,0.9993193007287158,0.0,0.11406610432427126
2026-01-27,2026-01-26,oos,pure_trend,0.9949783090347791,0.09178164367126573,0.004340991693936647,5.0,0.09131857412462165,2.7289179574740654,0.9949783090347791,0.0,0.11406610432427126
2026-01-27,2026-01-26,oos,zero_shot_llm,0.6964848163243453,0.09178164367126573,0.0030386941857556415,5.0,0.06392300188723515,2.0929239180664263,0.9949783090347791,0.0,0.11406610432427126
2026-01-27,2026-01-26,oos,rift_enhanced_trend,0.6964848163243453,0.09178164367126573,0.0030386941857556415,5.0,0.06392300188723515,2.071372192896292,0.9949783090347791,0.0,0.11406610432427126
2026-01-28,2026-01-27,oos,pure_trend,0.9972646384388534,-0.0703296703296703,0.00228632940407425,5.0,-0.07013843641754444,2.5375159188250755,0.9972646384388534,0.0,0.11406610432427126
2026-01-28,2026-01-27,oos,zero_shot_llm,0.6980852469071973,-0.0703296703296703,0.001600430582851975,5.0,-0.04909690549228111,1.9901678302585843,0.9972646384388534,0.0,0.11406610432427126
2026-01-28,2026-01-27,oos,rift_enhanced_trend,0.6980852469071973,-0.0703296703296703,0.001600430582851975,5.0,-0.04909690549228111,1.9696742281023238,0.9972646384388534,0.0,0.11406610432427126
2026-01-29,2026-01-28,oos,pure_trend,0.9981841538676995,-0.048463356973995286,0.0009195154288461627,5.0,-0.04837581473239018,2.414761518855503,0.9981841538676995,0.0,0.11406610432427126
2026-01-29,2026-01-28,oos,zero_shot_llm,0.6987289077073896,-0.048463356973995286,0.0006436608001922917,5.0,-0.03386307031267312,1.922774637088518,0.9981841538676995,0.0,0.11406610432427126
2026-01-29,2026-01-28,oos,rift_enhanced_trend,0.6987289077073896,-0.048463356973995286,0.0006436608001922917,5.0,-0.03386307031267312,1.9029750112230348,0.9981841538676995,0.0,0.11406610432427126
2026-01-30,2026-01-29,oos,pure_trend,0.9960917950620786,-0.09316770186335399,0.002092358805620975,5.0,-0.09280462957027966,2.190660470597552,0.9960917950620786,0.0,0.11406610432427126
2026-01-30,2026-01-29,oos,zero_shot_llm,0.6972642565434549,-0.09316770186335399,0.0014646511639346826,5.0,-0.06496324069919575,1.7978649655290277,0.9960917950620786,0.0,0.11406610432427126
2026-01-30,2026-01-29,oos,rift_enhanced_trend,0.6972642565434549,-0.09316770186335399,0.0014646511639346826,5.0,-0.06496324069919575,1.779351587524398,0.9960917950620786,0.0,0.11406610432427126
2026-02-02,2026-01-30,oos,pure_trend,0.9578765213938727,-0.0408219178082192,0.038215273668205874,5.0,-0.039121464263597694,2.1049586252833934,0.9578765213938727,0.0,0.11406610432427126
2026-02-02,2026-01-30,oos,zero_shot_llm,0.6705135649757108,-0.0408219178082192,0.026750691567744123,5.0,-0.027385024984518384,1.7486303885292251,0.9578765213938727,0.0,0.11406610432427126
2026-02-02,2026-01-30,oos,rift_enhanced_trend,0.6705135649757108,-0.0408219178082192,0.026750691567744123,5.0,-0.027385024984518384,1.7306239998438,0.9578765213938727,0.0,0.11406610432427126
2026-02-03,2026-02-02,oos,pure_trend,0.16441521860061745,0.07112253641816624,0.7934613027932552,5.0,0.01129689672122655,2.128738125475675,0.16441521860061745,0.0,0.11406610432427126
2026-02-03,2026-02-02,oos,zero_shot_llm,0.1150906530204322,0.07112253641816624,0.5554229119552786,5.0,0.007907827704858584,1.7624582563611941,0.16441521860061745,0.0,0.11406610432427126
2026-02-03,2026-02-02,oos,rift_enhanced_trend,0.00989584782562701,0.07112253641816624,0.6606177171500838,5.0,0.0003735089387917463,1.731270403377429,0.16441521860061745,-0.35064935064935066,0.11406610432427126
2026-02-04,2026-02-03,oos,pure_trend,0.5687843028977566,-0.028000000000000025,0.40436908429713914,5.0,-0.01612814502328577,2.094405528271406,0.5687843028977566,0.0,0.11406610432427126
2026-02-04,2026-02-03,oos,zero_shot_llm,0.3981490120284296,-0.028000000000000025,0.2830583590079974,5.0,-0.011289701516300037,1.7425606287119377,0.5687843028977566,0.0,0.11406610432427126
2026-02-04,2026-02-03,oos,rift_enhanced_trend,0.29014901202842963,-0.028000000000000025,0.2802531642028026,5.0,-0.008264298918897437,1.7169626672544778,0.5687843028977566,-0.36,0.11406610432427126
2026-02-05,2026-02-04,oos,pure_trend,0.29415822528649554,-0.1152263374485597,0.27462607761126107,5.0,-0.034032087968936815,2.023128535090646,0.29415822528649554,0.0,0.11406610432427126
2026-02-05,2026-02-04,oos,zero_shot_llm,0.20591075770054687,-0.1152263374485597,0.19223825432788275,5.0,-0.02382246157825577,1.7010485450866664,0.29415822528649554,0.0,0.11406610432427126
2026-02-05,2026-02-04,oos,rift_enhanced_trend,0.10466075770054686,-0.1152263374485597,0.18548825432788277,5.0,-0.012152419911589097,1.6960974159494793,0.29415822528649554,-0.3375,0.11406610432427126
2026-02-06,2026-02-05,oos,pure_trend,-0.6284398881988721,0.08139534883720922,0.9225981134853676,5.0,-0.05161338297990664,1.918708027191435,-0.6284398881988721,0.0,0.11406610432427126
2026-02-06,2026-02-05,oos,zero_shot_llm,-0.43990792173921045,0.08139534883720922,0.6458186794397573,5.0,-0.03612936808593465,1.6395907360691866,-0.6284398881988721,0.0,0.11406610432427126
2026-02-06,2026-02-05,oos,rift_enhanced_trend,-0.5433121770583593,0.08139534883720922,0.6479729347589062,5.0,-0.04454707064654819,1.62054124453775,-0.6284398881988721,-0.3446808510638298,0.11406610432427126
2026-02-09,2026-02-06,oos,pure_trend,-0.5661472617418869,-0.021505376344086002,0.06229262645698519,5.0,0.012144063616704549,1.9420089395355293,-0.5661472617418869,0.0,0.11406610432427126
2026-02-09,2026-02-06,oos,zero_shot_llm,-0.3963030832193208,-0.021505376344086002,0.043604838519889666,5.0,0.008500844531693183,1.6535286420121151,-0.5661472617418869,0.0,0.11406610432427126
2026-02-09,2026-02-06,oos,rift_enhanced_trend,-0.5043030832193208,-0.021505376344086002,0.0390090938390385,5.0,0.010825723049194899,1.6380847752409133,-0.5661472617418869,-0.36,0.11406610432427126
2026-02-10,2026-02-09,oos,pure_trend,-0.7897311857161565,0.01098901098901095,0.22358392397426963,5.0,-0.008790156640186626,1.9249383767603692,-0.7897311857161565,0.0,0.11406610432427126
2026-02-10,2026-02-09,oos,zero_shot_llm,-0.5528118300013095,0.01098901098901095,0.15650874678198873,5.0,-0.006153109648130637,1.64335429897149,-0.7897311857161565,0.0,0.11406610432427126
2026-02-10,2026-02-09,oos,rift_enhanced_trend,-0.5965956137850933,0.01098901098901095,0.09229253056577247,5.0,-0.006602142021163009,1.627269906912068,-0.7897311857161565,-0.14594594594594595,0.11406610432427126
2026-02-11,2026-02-10,oos,pure_trend,-0.9147978508632982,0.08695652173913038,0.1250666651471417,5.0,-0.07961017253807771,1.771693700461309,-0.9147978508632982,0.0,0.11406610432427126
2026-02-11,2026-02-10,oos,zero_shot_llm,-0.6403584956043087,0.08695652173913038,0.08754666560299917,5.0,-0.05572712077665439,1.5517748954738715,-0.9147978508632982,0.0,0.11406610432427126
2026-02-11,2026-02-10,oos,rift_enhanced_trend,-0.65856074279532,0.08695652173913038,0.06196512901022666,5.0,-0.057297134111924206,1.534032004819429,-0.9147978508632982,-0.060674157303370786,0.11406610432427126
2026-02-12,2026-02-11,oos,pure_trend,-0.5596428275116426,-0.046666666666666634,0.3551550233516556,5.0,0.02593908777220081,1.81764981886303,-0.5596428275116426,0.0,0.11406610432427126
2026-02-12,2026-02-11,oos,zero_shot_llm,-0.3917499792581498,-0.046666666666666634,0.24860851634615888,5.0,0.018157361440540566,1.5799510331253477,-0.5596428275116426,0.0,0.11406610432427126
2026-02-12,2026-02-11,oos,rift_enhanced_trend,-0.3917499792581498,-0.046666666666666634,0.26681076353717015,5.0,0.01814826031694506,1.5618720169774172,-0.5596428275116426,0.0,0.11406610432427126
2026-02-13,2026-02-12,oos,pure_trend,-0.629883723557885,0.11888111888111896,0.0702408960462424,5.0,-0.07491640226958993,1.68147803384784,-0.629883723557885,0.0,0.11406610432427126
2026-02-13,2026-02-12,oos,zero_shot_llm,-0.4409186064905195,0.11888111888111896,0.0491686272323697,5.0,-0.052441481588712945,1.4970960601106367,-0.629883723557885,0.0,0.11406610432427126
2026-02-13,2026-02-12,oos,rift_enhanced_trend,-0.5362127241375784,0.11888111888111896,0.14446274487942856,5.0,-0.06381779997620782,1.462196781009516,-0.629883723557885,-0.3176470588235294,0.11406610432427126
2026-02-24,2026-02-13,oos,pure_trend,0.368056308121099,0.028124999999999956,0.997940031678984,5.0,0.009852613650066401,1.698044987276416,0.368056308121099,0.0,0.11406610432427126
2026-02-24,2026-02-13,oos,zero_shot_llm,0.2576394156847693,0.028124999999999956,0.6985580221752887,5.0,0.006896829555046479,1.5074212764647512,0.368056308121099,0.0,0.11406610432427126
2026-02-24,2026-02-13,oos,rift_enhanced_trend,0.12083941568476927,0.028124999999999956,0.6570521398223477,5.0,0.003070082496222957,1.4666858457529268,0.368056308121099,-0.456,0.11406610432427126
2026-02-25,2026-02-24,oos,pure_trend,0.7631555013510724,0.13677811550151975,0.39509919322997333,5.0,0.10418542171280219,1.8749565203631193,0.7631555013510724,0.0,0.11406610432427126
2026-02-25,2026-02-24,oos,zero_shot_llm,0.5342088509457507,0.13677811550151975,0.2765694352609814,5.0,0.07292979519896155,1.6173572014358828,0.7631555013510724,0.0,0.11406610432427126
2026-02-25,2026-02-24,oos,rift_enhanced_trend,0.37570138825918353,0.13677811550151975,0.25486197257441423,5.0,0.05126029689110871,1.5418685976522086,0.7631555013510724,-0.5283582089552238,0.11406610432427126
2026-02-26,2026-02-25,oos,pure_trend,0.31549855985893377,-0.07486631016042777,0.4476569414921386,5.0,-0.023844041508313294,1.8302499792652984,0.31549855985893377,0.0,0.11406610432427126
2026-02-26,2026-02-25,oos,zero_shot_llm,0.22084899190125362,-0.07486631016042777,0.31335985904449704,5.0,-0.0166908290558193,1.5903621688645182,0.31549855985893377,0.0,0.11406610432427126
2026-02-26,2026-02-25,oos,rift_enhanced_trend,0.04084899190125363,-0.07486631016042777,0.3348523963579299,5.0,-0.0032256394955990212,1.5368950854065977,0.31549855985893377,-0.6,0.11406610432427126
2026-02-27,2026-02-26,oos,pure_trend,0.3485913606943669,0.032832369942196626,0.033092800835433145,5.0,0.011428534112553438,1.8511670535878322,0.3485913606943669,0.0,0.11406610432427126
2026-02-27,2026-02-26,oos,zero_shot_llm,0.2440139524860568,0.032832369942196626,0.02316496058480319,5.0,0.007999973878787406,1.6030850246732462,0.3485913606943669,0.0,0.11406610432427126
2026-02-27,2026-02-26,oos,rift_enhanced_trend,0.06401395248605682,0.032832369942196626,0.02316496058480319,5.0,0.0020901472891920133,1.540107422503133,0.3485913606943669,-0.6,0.11406610432427126
2026-03-02,2026-02-27,oos,pure_trend,0.36018822359907293,-0.04857846429370938,0.011596862904706018,5.0,-0.017503189190574527,1.8187657264255261,0.36018822359907293,0.0,0.11406610432427126
2026-03-02,2026-02-27,oos,zero_shot_llm,0.25213175651935105,-0.04857846429370938,0.008117804033294235,5.0,-0.012252232433402168,1.5834436543404433,0.36018822359907293,0.0,0.11406610432427126
2026-03-02,2026-02-27,oos,rift_enhanced_trend,0.07213175651935105,-0.04857846429370938,0.008117804033294235,5.0,-0.0035081088605344807,1.534704558008075,0.36018822359907293,-0.6,0.11406610432427126
2026-03-03,2026-03-02,oos,pure_trend,-0.4291221395908926,-0.11764705882352944,0.7893103631899656,5.0,0.050090302417333574,1.9098682516884622,-0.4291221395908926,0.0,0.11406610432427126
2026-03-03,2026-03-02,oos,zero_shot_llm,-0.3003854977136248,-0.11764705882352944,0.5525172542329759,5.0,0.0350632116921335,1.6389642743951476,-0.4291221395908926,0.0,0.11406610432427126
2026-03-03,2026-03-02,oos,rift_enhanced_trend,-0.3003854977136248,-0.11764705882352944,0.3725172542329759,5.0,0.0351532116921335,1.5886543522206151,-0.4291221395908926,0.0,0.11406610432427126
2026-03-04,2026-03-03,oos,pure_trend,-0.6551052984829147,0.04466666666666663,0.22598315889202203,5.0,-0.029374361578349512,1.853767091096355,-0.6551052984829147,0.0,0.11406610432427126
2026-03-04,2026-03-03,oos,zero_shot_llm,-0.4585737089380402,0.04466666666666663,0.1581882112244154,5.0,-0.020562053104844658,1.6052638039480913,-0.6551052984829147,0.0,0.11406610432427126
2026-03-04,2026-03-03,oos,rift_enhanced_trend,-0.4585737089380402,0.04466666666666663,0.1581882112244154,5.0,-0.020562053104844658,1.5559883570650122,-0.6551052984829147,0.0,0.11406610432427126
2026-03-05,2026-03-04,oos,pure_trend,-0.8605606410905955,-0.01084875558391829,0.20545534260768084,5.0,0.009233284389028061,1.870883449839469,-0.8605606410905955,0.0,0.11406610432427126
2026-03-05,2026-03-04,oos,zero_shot_llm,-0.6023924487634168,-0.01084875558391829,0.14381873982537657,5.0,0.006463299072319642,1.6156391040029774,-0.8605606410905955,0.0,0.11406610432427126
2026-03-05,2026-03-04,oos,rift_enhanced_trend,-0.6023924487634168,-0.01084875558391829,0.14381873982537657,5.0,0.006463299072319642,1.5660451751697706,-0.8605606410905955,0.0,0.11406610432427126
2026-03-06,2026-03-05,oos,pure_trend,-0.5000537282652175,-0.032258064516129004,0.36050691282537795,5.0,0.01595051197149754,1.9007249987034103,-0.5000537282652175,0.0,0.11406610432427126
2026-03-06,2026-03-05,oos,zero_shot_llm,-0.35003760978565224,-0.032258064516129004,0.25235483897776456,5.0,0.011165358380048276,1.6336782936119905,-0.5000537282652175,0.0,0.11406610432427126
2026-03-06,2026-03-05,oos,rift_enhanced_trend,-0.35003760978565224,-0.032258064516129004,0.25235483897776456,5.0,0.011165358380048276,1.5835306307898864,-0.5000537282652175,0.0,0.11406610432427126
2026-03-09,2026-03-06,oos,pure_trend,-0.43059680818334506,0.07666666666666666,0.06945692008187249,5.0,-0.03304715042076405,1.8379114537627521,-0.43059680818334506,0.0,0.11406610432427126
2026-03-09,2026-03-06,oos,zero_shot_llm,-0.3014177657283415,0.07666666666666666,0.048619844057310735,5.0,-0.023133005294534836,1.5958864049962975,-0.43059680818334506,0.0,0.11406610432427126
2026-03-09,2026-03-06,oos,rift_enhanced_trend,-0.3014177657283415,0.07666666666666666,0.048619844057310735,5.0,-0.023133005294534836,1.5468988083237658,-0.43059680818334506,0.0,0.11406610432427126
2026-03-10,2026-03-09,oos,pure_trend,0.6415125297798674,0.018575851393188847,1.0721093379632125,5.0,0.011380586751077846,1.8588279645030987,0.6415125297798674,0.0,0.11406610432427126
2026-03-10,2026-03-09,oos,zero_shot_llm,0.4490587708459071,0.018575851393188847,0.7504765365742486,5.0,0.00796641072575449,1.6085998915701458,0.6415125297798674,0.0,0.11406610432427126
2026-03-10,2026-03-09,oos,rift_enhanced_trend,0.4490587708459071,0.018575851393188847,0.7504765365742486,5.0,0.00796641072575449,1.559222039582053,0.6415125297798674,0.0,0.11406610432427126
2026-03-11,2026-03-10,oos,pure_trend,0.9656112605943039,-0.05592705167173251,0.3240987308144365,5.0,-0.05416584023147161,1.7581429859600322,0.9656112605943039,0.0,0.11406610432427126
2026-03-11,2026-03-10,oos,zero_shot_llm,0.6759278824160126,-0.05592705167173251,0.22686911157010553,5.0,-0.037916088162030126,1.54760807626394,0.9656112605943039,0.0,0.11406610432427126
2026-03-11,2026-03-10,oos,rift_enhanced_trend,0.6759278824160126,-0.05592705167173251,0.22686911157010553,5.0,-0.037916088162030126,1.5001024392650795,0.9656112605943039,0.0,0.11406610432427126
2026-03-12,2026-03-11,oos,pure_trend,0.38916568058463735,0.007726980038634812,0.5764455800096666,5.0,0.0027188526555943903,1.7629231176863243,0.38916568058463735,0.0,0.11406610432427126
2026-03-12,2026-03-11,oos,zero_shot_llm,0.27241597640924614,0.007726980038634812,0.4035119060067665,5.0,0.0019031968589160735,1.5505534790935185,0.38916568058463735,0.0,0.11406610432427126
2026-03-12,2026-03-11,oos,rift_enhanced_trend,0.27241597640924614,0.007726980038634812,0.4035119060067665,5.0,0.0019031968589160735,1.502957429515541,0.38916568058463735,0.0,0.11406610432427126
2026-03-13,2026-03-12,oos,pure_trend,0.5235378342821461,-0.025814696485622957,0.1343721536975087,5.0,-0.013582156367582724,1.7389788202378822,0.5235378342821461,0.0,0.11406610432427126
2026-03-13,2026-03-12,oos,zero_shot_llm,0.3664764839975022,-0.025814696485622957,0.09406050758825607,5.0,-0.009507509457307906,1.5358115772269751,0.5235378342821461,0.0,0.11406610432427126
2026-03-13,2026-03-12,oos,rift_enhanced_trend,0.3664764839975022,-0.025814696485622957,0.09406050758825607,5.0,-0.009507509457307906,1.4886680475404908,0.5235378342821461,0.0,0.11406610432427126
2026-03-16,2026-03-13,oos,pure_trend,0.8549559304222618,0.04696313787222883,0.33141809614011575,5.0,0.039985704187030305,1.8085131129314254,0.8549559304222618,0.0,0.11406610432427126
2026-03-16,2026-03-13,oos,zero_shot_llm,0.5984691512955832,0.04696313787222883,0.231992667298081,5.0,0.02798999293092121,1.5787989324167853,0.8549559304222618,0.0,0.11406610432427126
2026-03-16,2026-03-13,oos,rift_enhanced_trend,0.5984691512955832,0.04696313787222883,0.231992667298081,5.0,0.02798999293092121,1.5303358556676374,0.8549559304222618,0.0,0.11406610432427126
2026-03-17,2026-03-16,oos,pure_trend,0.9426168345582101,-0.028943741385791255,0.08766090413594829,5.0,-0.02732668833741399,1.7590924387402218,0.9426168345582101,0.0,0.11406610432427126
2026-03-17,2026-03-16,oos,zero_shot_llm,0.6598317841907471,-0.028943741385791255,0.06136263289516386,5.0,-0.01912868183618979,1.5485985899552686,0.9426168345582101,0.0,0.11406610432427126
2026-03-17,2026-03-16,oos,rift_enhanced_trend,0.6598317841907471,-0.028943741385791255,0.06136263289516386,5.0,-0.01912868183618979,1.5010625479820578,0.9426168345582101,0.0,0.11406610432427126
2026-03-18,2026-03-17,oos,pure_trend,0.8250163106581394,-0.04516129032258065,0.1176005239000707,5.0,-0.037317601388446656,1.6934473283058837,0.8250163106581394,0.0,0.11406610432427126
2026-03-18,2026-03-17,oos,zero_shot_llm,0.5775114174606976,-0.04516129032258065,0.0823203667300495,5.0,-0.026122320971912662,1.5081456005318057,0.8250163106581394,0.0,0.11406610432427126
2026-03-18,2026-03-17,oos,rift_enhanced_trend,0.5775114174606976,-0.04516129032258065,0.0823203667300495,5.0,-0.026122320971912662,1.4618513103047535,0.8250163106581394,0.0,0.11406610432427126
2026-03-19,2026-03-18,oos,pure_trend,0.672770726724038,-0.01972972972972975,0.15224558393410137,5.0,-0.013349707400306193,1.67084030197517,0.672770726724038,0.0,0.11406610432427126
2026-03-19,2026-03-18,oos,zero_shot_llm,0.4709395087068266,-0.01972972972972975,0.10657190875387096,5.0,-0.009344795180214334,1.4940522887928946,0.672770726724038,0.0,0.11406610432427126
2026-03-19,2026-03-18,oos,rift_enhanced_trend,0.4709395087068266,-0.01972972972972975,0.10657190875387096,5.0,-0.009344795180214334,1.4481906092260275,0.672770726724038,0.0,0.11406610432427126
2026-03-20,2026-03-19,oos,pure_trend,-0.41936309500957986,-0.02467604080507302,1.0921338217336178,5.0,0.009802153933731296,1.687218135813813,-0.41936309500957986,0.0,0.11406610432427126
2026-03-20,2026-03-19,oos,zero_shot_llm,-0.2935541665067059,-0.02467604080507302,0.7644936752135325,5.0,0.0068615077536119074,1.5043037401567485,-0.41936309500957986,0.0,0.11406610432427126
2026-03-20,2026-03-19,oos,rift_enhanced_trend,-0.13838175271360248,-0.02467604080507302,0.6093212614204291,5.0,0.0031100531459281643,1.4526945589861546,-0.41936309500957986,0.5172413793103448,0.11406610432427126
2026-03-23,2026-03-20,oos,pure_trend,-0.315119433760443,0.07406360424028269,0.10424366124913687,5.0,-0.023391002861079993,1.6477524115717261,-0.315119433760443,0.0,0.11406610432427126
2026-03-23,2026-03-20,oos,zero_shot_llm,-0.22058360363231008,0.07406360424028269,0.07297056287439582,5.0,-0.016373702002755997,1.4796727189937906,-0.315119433760443,0.0,0.11406610432427126
2026-03-23,2026-03-20,oos,rift_enhanced_trend,-0.04058360363231009,0.07406360424028269,0.09779814908129239,5.0,-0.0030546670326085596,1.4482570608083698,-0.315119433760443,0.6,0.11406610432427126
2026-03-24,2026-03-23,oos,pure_trend,-0.20386823954278113,0.032241084353204386,0.11125119421766186,5.0,-0.006628558705146915,1.6368301879800755,-0.20386823954278113,0.0,0.11406610432427126
2026-03-24,2026-03-23,oos,zero_shot_llm,-0.14270776767994678,0.032241084353204386,0.0778758359523633,5.0,-0.00463999109360284,1.4728070507562123,-0.20386823954278113,0.0,0.11406610432427126
2026-03-24,2026-03-23,oos,rift_enhanced_trend,-0.06556491053708963,0.032241084353204386,0.024981306904779538,5.0,-0.0021263744646889955,1.4451775239759614,-0.20386823954278113,0.2571428571428572,0.11406610432427126
2026-03-25,2026-03-24,oos,pure_trend,-0.535057968516149,0.014278429372768908,0.33118972897336785,5.0,-0.007805382278281727,1.6240541026382593,-0.535057968516149,0.0,0.11406610432427126
2026-03-25,2026-03-24,oos,zero_shot_llm,-0.37454057796130424,0.014278429372768908,0.23183281028135747,5.0,-0.0054637675947972085,1.4647599753189018,-0.535057968516149,0.0,0.11406610432427126
2026-03-25,2026-03-24,oos,rift_enhanced_trend,-0.25714927361347817,0.014278429372768908,0.19158436307638854,5.0,-0.0037674799230870697,1.4397328466690853,-0.535057968516149,0.3913043478260869,0.11406610432427126
2026-03-26,2026-03-25,oos,pure_trend,-0.3692703821677779,-0.020864756158873843,0.16578758634837104,5.0,0.0076218426874506565,1.6364323875244768,-0.3692703821677779,0.0,0.11406610432427126
2026-03-26,2026-03-25,oos,zero_shot_llm,-0.2584892675174445,-0.020864756158873843,0.11605131044385975,5.0,0.005335289881215458,1.4725748943936303,-0.3692703821677779,0.0,0.11406610432427126
2026-03-26,2026-03-25,oos,rift_enhanced_trend,-0.14394381297198997,-0.020864756158873843,0.1132054606414882,5.0,0.002946749827918368,1.4439753791872558,-0.3692703821677779,0.3818181818181818,0.11406610432427126
2026-03-27,2026-03-26,oos,pure_trend,-0.6809842755807429,0.08754813863928113,0.311713893412965,5.0,-0.05977476271641979,1.5386150298587369,-0.6809842755807429,0.0,0.11406610432427126
2026-03-27,2026-03-26,oos,zero_shot_llm,-0.47668899290652,0.08754813863928113,0.2181997253890755,5.0,-0.04184233390149385,1.410958923967455,-0.6809842755807429,0.0,0.11406610432427126
2026-03-27,2026-03-26,oos,rift_enhanced_trend,-0.36868899290652,0.08754813863928113,0.22474517993453005,5.0,-0.032390407655724214,1.3972044280105518,-0.6809842755807429,0.35999999999999993,0.11406610432427126
2026-03-30,2026-03-27,oos,pure_trend,-0.3613887431834781,-0.002596789423984891,0.31959553239726485,5.0,0.0007786527000474153,1.53981307660607,-0.3613887431834781,0.0,0.11406610432427126
2026-03-30,2026-03-27,oos,zero_shot_llm,-0.2529721202284346,-0.002596789423984891,0.22371687267808538,5.0,0.0005450568900331907,1.411727976850517,-0.3613887431834781,0.0,0.11406610432427126
2026-03-30,2026-03-27,oos,rift_enhanced_trend,-0.13297212022843463,-0.002596789423984891,0.2357168726780854,5.0,0.00022744215915500375,1.3975222112024395,-0.3613887431834781,0.39999999999999997,0.11406610432427126
2026-03-31,2026-03-30,oos,pure_trend,-0.020382820684083508,-0.04852071005917158,0.34100592249939454,5.0,0.000818485971350804,1.5410733920077744,-0.020382820684083508,0.0,0.11406610432427126
2026-03-31,2026-03-30,oos,zero_shot_llm,-0.014267974478858454,-0.04852071005917158,0.23870414574957619,5.0,0.0005729401799455627,1.4125368125316078,-0.020382820684083508,0.0,0.11406610432427126
2026-03-31,2026-03-30,oos,rift_enhanced_trend,0.015732025521141543,-0.04852071005917158,0.1487041457495762,5.0,-0.0008376811218295846,1.3963515332287777,-0.020382820684083508,0.1,0.11406610432427126
2026-04-01,2026-03-31,oos,pure_trend,0.352620330708732,-0.013557213930348255,0.3730031513928155,5.0,-0.004967050835304838,1.5334188021287363,0.352620330708732,0.0,0.11406610432427126
2026-04-01,2026-03-31,oos,zero_shot_llm,0.2468342314961124,-0.013557213930348255,0.26110220597497086,5.0,-0.0034769355847133862,1.407625513023399,0.352620330708732,0.0,0.11406610432427126
2026-04-01,2026-03-31,oos,rift_enhanced_trend,0.34683423149611237,-0.013557213930348255,0.3311022059749708,5.0,-0.004867656977748212,1.3895545729446672,0.352620330708732,0.33333333333333326,0.11406610432427126
2026-04-02,2026-04-01,oos,pure_trend,0.3081148320517326,0.01286092548228468,0.044505498656999376,5.0,0.003940389145675492,1.539461068932419,0.3081148320517326,0.0,0.11406610432427126
2026-04-02,2026-04-01,oos,zero_shot_llm,0.21568038243621282,0.01286092548228468,0.03115384905989957,5.0,0.0027582724019728447,1.4115081276282841,0.3081148320517326,0.0,0.11406610432427126
2026-04-02,2026-04-01,oos,rift_enhanced_trend,0.19710895386478425,0.01286092548228468,0.14972527763132812,5.0,0.002460140928730415,1.392973073022273,0.3081148320517326,-0.06190476190476189,0.11406610432427126
2026-04-03,2026-04-02,oos,pure_trend,0.21425675724375395,-0.01590062111801238,0.09385807480797867,5.0,-0.0034537445563108757,1.5341441636459412,0.21425675724375395,0.0,0.11406610432427126
2026-04-03,2026-04-02,oos,zero_shot_llm,0.14997973007062776,-0.01590062111801238,0.06570065236558506,5.0,-0.002417621189417613,1.4080956356698948,0.21425675724375395,0.0,0.11406610432427126
2026-04-03,2026-04-02,oos,rift_enhanced_trend,0.08115620065886306,-0.01590062111801238,0.11595275320592119,5.0,-0.001348410374656929,1.3910947736789918,0.21425675724375395,-0.22941176470588234,0.11406610432427126
2026-04-07,2026-04-03,oos,pure_trend,0.06480720109780735,0.009845998485231044,0.1494495561459466,5.0,0.0005633668257681016,1.535008449573685,0.06480720109780735,0.0,0.11406610432427126
2026-04-07,2026-04-03,oos,zero_shot_llm,0.04536504076846515,0.009845998485231044,0.10461468930216261,5.0,0.00039435677803767113,1.4086509277279464,0.06480720109780735,0.0,0.11406610432427126
2026-04-07,2026-04-03,oos,rift_enhanced_trend,-0.06540419000076561,0.009845998485231044,0.14656039065962867,5.0,-0.000717249751005116,1.3900970112989461,0.06480720109780735,-0.3692307692307692,0.11406610432427126
2026-04-08,2026-04-07,oos,pure_trend,-0.034727710958718766,-0.006249999999999978,0.09953491205652612,5.0,0.00016728073746372844,1.535265226919143,-0.034727710958718766,0.0,0.11406610432427126
2026-04-08,2026-04-07,oos,zero_shot_llm,-0.024309397671103135,-0.006249999999999978,0.06967443843956828,5.0,0.00011709651622460993,1.40881587584416,-0.034727710958718766,0.0,0.11406610432427126
2026-04-08,2026-04-07,oos,rift_enhanced_trend,-0.1555593976711031,-0.006249999999999978,0.0901552076703375,5.0,0.0009271686316092222,1.3913858656427163,-0.034727710958718766,-0.43749999999999994,0.11406610432427126
2026-04-09,2026-04-08,oos,pure_trend,-0.1798145593831007,-0.016981132075471694,0.14508684842438194,5.0,0.00298091135776499,1.539841716471248,-0.1798145593831007,0.0,0.11406610432427126
2026-04-09,2026-04-08,oos,zero_shot_llm,-0.12587019156817048,-0.016981132075471694,0.10156079389706735,5.0,0.0020866379504354926,1.4117555645158724,-0.1798145593831007,0.0,0.11406610432427126
2026-04-09,2026-04-08,oos,rift_enhanced_trend,-0.24882793804704373,-0.016981132075471694,0.09326854037594062,5.0,0.004178745809856168,1.3972001134986638,-0.1798145593831007,-0.40985915492957753,0.11406610432427126
2026-04-10,2026-04-09,oos,pure_trend,-0.09680419451425336,-0.008189379398592433,0.08301036486884734,5.0,0.0007512610938179375,1.5409985396434704,-0.09680419451425336,0.0,0.11406610432427126
2026-04-10,2026-04-09,oos,zero_shot_llm,-0.06776293615997735,-0.008189379398592433,0.05810725540819313,5.0,0.0005258827656725563,1.4124979824365935,-0.09680419451425336,0.0,0.11406610432427126
2026-04-10,2026-04-09,oos,rift_enhanced_trend,-0.20477786153311167,-0.008189379398592433,0.04405007651393206,5.0,0.0016549785622701125,1.3995124497337055,-0.09680419451425336,-0.45671641791044776,0.11406610432427126
2026-04-13,2026-04-10,oos,pure_trend,0.0278948818844815,0.07728035092246155,0.12469907639873486,5.0,0.002093376722773978,1.5442244301161887,0.0278948818844815,0.0,0.11406610432427126
2026-04-13,2026-04-10,oos,zero_shot_llm,0.019526417319137047,0.07728035092246155,0.0872893534791144,5.0,0.0014653637059417848,1.4145678057147721,0.0278948818844815,0.0,0.11406610432427126
2026-04-13,2026-04-10,oos,rift_enhanced_trend,-0.1135170609417325,0.07728035092246155,0.09126080059137917,5.0,-0.008818268705559231,1.387171172895178,0.0278948818844815,-0.44347826086956516,0.11406610432427126
2026-04-14,2026-04-13,oos,pure_trend,0.6804745450518355,0.008383233532934131,0.6525796631673539,5.0,0.005378287192802967,1.552529712591496,0.6804745450518355,0.0,0.11406610432427126
2026-04-14,2026-04-13,oos,zero_shot_llm,0.4763321815362848,0.008383233532934131,0.45680576421714775,5.0,0.003764801034962077,1.419893372053751,0.6804745450518355,0.0,0.11406610432427126
2026-04-14,2026-04-13,oos,rift_enhanced_trend,0.3991893243934277,0.008383233532934131,0.5127063853351602,5.0,0.0030901441375767234,1.3914577317629158,0.6804745450518355,-0.2571428571428571,0.11406610432427126
2026-04-15,2026-04-14,oos,pure_trend,0.3799416733602541,0.012470308788598672,0.3005328716915814,5.0,0.004587723552613472,1.5596522897200844,0.3799416733602541,0.0,0.11406610432427126
2026-04-15,2026-04-14,oos,zero_shot_llm,0.26595917135217784,0.012470308788598672,0.21037301018410698,5.0,0.00321140648682943,1.4244532268393704,0.3799416733602541,0.0,0.11406610432427126
2026-04-15,2026-04-14,oos,rift_enhanced_trend,0.15141371680672328,0.012470308788598672,0.24777560758670442,5.0,0.0017642879996159194,1.3939126639410377,0.3799416733602541,-0.38181818181818183,0.11406610432427126
2026-04-16,2026-04-15,oos,pure_trend,0.6390928774299952,0.04082111436950142,0.2591512040697411,5.0,0.02595890784026872,1.600139159771792,0.6390928774299952,0.0,0.11406610432427126
2026-04-16,2026-04-15,oos,zero_shot_llm,0.4473650142009966,0.04082111436950142,0.18140584284881878,5.0,0.0181712354881881,1.4503373018661778,0.6390928774299952,0.0,0.11406610432427126
2026-04-16,2026-04-15,oos,rift_enhanced_trend,0.37403168086766325,0.04082111436950142,0.22261796406093998,5.0,0.015157081040485269,1.4150403111517509,0.6390928774299952,-0.24444444444444444,0.11406610432427126
2026-04-17,2026-04-16,oos,pure_trend,0.9083861440266315,-0.0025921334385213823,0.2692932665966363,5.0,-0.0024893047323192503,1.5961559257890028,0.9083861440266315,0.0,0.11406610432427126
2026-04-17,2026-04-16,oos,zero_shot_llm,0.635870300818642,-0.0025921334385213823,0.18850528661764543,5.0,-0.001742513312623475,1.4478100698098817,0.9083861440266315,0.0,0.11406610432427126
2026-04-17,2026-04-16,oos,rift_enhanced_trend,0.5310007356012507,-0.0025921334385213823,0.15696905473358747,5.0,-0.001454909289998247,1.4129815558573342,0.9083861440266315,-0.3495652173913043,0.11406610432427126
2026-04-20,2026-04-17,oos,pure_trend,0.9735909591624234,0.02203389830508473,0.0652048151357919,5.0,0.021419401777366846,1.6303446308628022,0.9735909591624234,0.0,0.11406610432427126
2026-04-20,2026-04-17,oos,zero_shot_llm,0.6815136714136963,0.02203389830508473,0.0456433705950543,5.0,0.014993581244156791,1.4695179277176846,0.9735909591624234,0.0,0.11406610432427126
2026-04-20,2026-04-17,oos,rift_enhanced_trend,0.5487267861677947,0.02203389830508473,0.01772605056654397,5.0,0.012081727178413892,1.4300528135233335,0.9735909591624234,-0.44262295081967207,0.11406610432427126
2026-04-21,2026-04-20,oos,pure_trend,0.9776128430264025,-0.04002211166390268,0.004021883863979059,5.0,-0.03912814130960003,1.5665522757630548,0.9776128430264025,0.0,0.11406610432427126
2026-04-21,2026-04-20,oos,zero_shot_llm,0.6843289901184817,-0.04002211166390268,0.0028153187047853523,5.0,-0.027389698916720023,1.4292682741247749,0.9776128430264025,0.0,0.11406610432427126
2026-04-21,2026-04-20,oos,rift_enhanced_trend,0.5398845456740373,-0.04002211166390268,0.00884224049375737,5.0,-0.02161174069282857,1.3991468829404172,0.9776128430264025,-0.48148148148148145,0.11406610432427126
2026-04-22,2026-04-21,oos,pure_trend,0.9021204459743073,0.011977427156512732,0.0754923970520952,5.0,0.010767335729531997,1.5834198700540578,0.9021204459743073,0.0,0.11406610432427126
2026-04-22,2026-04-21,oos,zero_shot_llm,0.6314843121820151,0.011977427156512732,0.05284467793646663,5.0,0.007537135010672397,1.4400408620733238,0.9021204459743073,0.0,0.11406610432427126
2026-04-22,2026-04-21,oos,rift_enhanced_trend,0.466968183149757,0.011977427156512732,0.0729163625242803,5.0,0.005556619216823171,1.4069214093973224,0.9021204459743073,-0.5483870967741935,0.11406610432427126
2026-04-23,2026-04-22,oos,pure_trend,0.8567275403026847,0.012859906680323219,0.045392905671622574,5.0,0.010994739765919564,1.6008291594654884,0.8567275403026847,0.0,0.11406610432427126
2026-04-23,2026-04-22,oos,zero_shot_llm,0.5997092782118792,0.012859906680323219,0.03177503397013581,5.0,0.007696317836143694,1.4511238742448747,0.8567275403026847,0.0,0.11406610432427126
2026-04-23,2026-04-22,oos,rift_enhanced_trend,0.41970927821187926,0.012859906680323219,0.047258904937877766,5.0,0.005373792698201644,1.4144819133940851,0.8567275403026847,-0.6,0.11406610432427126
2026-04-24,2026-04-23,oos,pure_trend,0.7809785074141066,0.022471910112359605,0.07574903288857815,5.0,0.01751220430185028,1.6288632067584075,0.7809785074141066,0.0,0.11406610432427126
2026-04-24,2026-04-23,oos,zero_shot_llm,0.5466849551898746,0.022471910112359605,0.05302432302200466,5.0,0.0122585430112952,1.4689125386720228,0.7809785074141066,0.0,0.11406610432427126
2026-04-24,2026-04-23,oos,rift_enhanced_trend,0.3666849551898746,0.022471910112359605,0.05302432302200466,5.0,0.00821359919107047,1.4260999008937227,0.7809785074141066,-0.6,0.11406610432427126
2026-04-27,2026-04-24,oos,pure_trend,0.8011018038317131,-0.016483516483516536,0.020123296417606573,5.0,-0.013215036436643677,1.6073377201307868,0.8011018038317131,0.0,0.11406610432427126
2026-04-27,2026-04-24,oos,zero_shot_llm,0.5607712626821991,-0.016483516483516536,0.014086307492324535,5.0,-0.009250525505650573,1.4553243257674673,0.8011018038317131,0.0,0.11406610432427126
2026-04-27,2026-04-24,oos,rift_enhanced_trend,0.38077126268219913,-0.016483516483516536,0.014086307492324535,5.0,-0.006283492538617597,1.4171390128071337,0.8011018038317131,-0.6,0.11406610432427126
2026-04-28,2026-04-27,oos,pure_trend,0.5208868878707603,-0.0016759776536312554,0.2802149159609528,5.0,-0.0010131022421214,1.605709322682676,0.5208868878707603,0.0,0.11406610432427126
2026-04-28,2026-04-27,oos,zero_shot_llm,0.3646208215095322,-0.0016759776536312554,0.19615044117266695,5.0,-0.00070917156948498,1.454292251131253,0.5208868878707603,0.0,0.11406610432427126
2026-04-28,2026-04-27,oos,rift_enhanced_trend,0.35206268197464846,-0.0016759776536312554,0.028708580707550668,5.0,-0.0006044034780207736,1.416282489058954,0.5208868878707603,-0.04186046511627906,0.11406610432427126
2026-04-29,2026-04-28,oos,pure_trend,0.2840911201349593,0.02965864577504207,0.23679576773580102,5.0,0.00830736001604978,1.6190485281073284,0.2840911201349593,0.0,0.11406610432427126
2026-04-29,2026-04-28,oos,zero_shot_llm,0.1988637840944715,0.02965864577504207,0.16575703741506068,5.0,0.005815152011234845,1.4627491816403422,0.2840911201349593,0.0,0.11406610432427126
2026-04-29,2026-04-28,oos,rift_enhanced_trend,0.1459226076238833,0.02965864577504207,0.20614007435076517,5.0,0.004224796892911825,1.422265994918216,0.2840911201349593,-0.17647058823529407,0.11406610432427126
2026-04-30,2026-04-29,oos,pure_trend,0.8923622488382446,0.040760869565217295,0.6082711287032853,5.0,0.03606932566546802,1.6774465167358283,0.8923622488382446,0.0,0.11406610432427126
2026-04-30,2026-04-29,oos,zero_shot_llm,0.6246535741867711,0.040760869565217295,0.42578979009229967,5.0,0.025248527965827612,1.4996814452599798,0.8923622488382446,0.0,0.11406610432427126
2026-04-30,2026-04-29,oos,rift_enhanced_trend,0.5692689588021558,0.040760869565217295,0.42334635117827246,5.0,0.022992224601672592,1.4549670541166968,0.8923622488382446,-0.18461538461538465,0.11406610432427126
2026-05-06,2026-04-30,oos,pure_trend,0.929486201284132,0.039164490861618884,0.0371239524458874,5.0,0.036384291859970296,1.7384792203802355,0.929486201284132,0.0,0.11406610432427126
2026-05-06,2026-04-30,oos,zero_shot_llm,0.6506403408988923,0.039164490861618884,0.02598676671212119,5.0,0.025469004301979202,1.5378768384409045,0.929486201284132,0.0,0.11406610432427126
2026-05-06,2026-04-30,oos,rift_enhanced_trend,0.5444864947450462,0.039164490861618884,0.0247824640571096,5.0,0.021312145115688706,1.485975523112578,0.929486201284132,-0.3538461538461538,0.11406610432427126
2026-05-07,2026-05-06,oos,pure_trend,0.9730437266958085,-0.009447236180904484,0.04355752541167657,5.0,-0.009214352663148614,1.7224602597460963,0.9730437266958085,0.0,0.11406610432427126
2026-05-07,2026-05-06,oos,zero_shot_llm,0.6811306086870659,-0.009447236180904484,0.030490267788173542,5.0,-0.006450046864204029,1.5279574607615867,0.9730437266958085,0.0,0.11406610432427126
2026-05-07,2026-05-06,oos,rift_enhanced_trend,0.5383719879974107,-0.009447236180904484,0.006114506747635473,5.0,-0.00508918457716843,1.4784131193983037,0.9730437266958085,-0.47586206896551725,0.11406610432427126
2026-05-08,2026-05-07,oos,pure_trend,0.9796205128780286,-0.0028409090909090606,0.006576786182220129,5.0,-0.0027863012137672983,1.7176609666336997,0.9796205128780286,0.0,0.11406610432427126
2026-05-08,2026-05-07,oos,zero_shot_llm,0.68573435901462,-0.0028409090909090606,0.0046037503275541125,5.0,-0.0019504108496371086,1.5249773159523334,0.9796205128780286,0.0,0.11406610432427126
2026-05-08,2026-05-07,oos,rift_enhanced_trend,0.50573435901462,-0.0028409090909090606,0.032637628982790656,5.0,-0.001453064152601096,1.476264890291771,0.9796205128780286,-0.5999999999999999,0.11406610432427126
2026-05-11,2026-05-08,oos,pure_trend,0.959979185934076,0.05820105820105814,0.019641326943952597,5.0,0.0558619838088816,1.8136129157409395,0.959979185934076,0.0,0.11406610432427126
2026-05-11,2026-05-08,oos,zero_shot_llm,0.6719854301538531,0.05820105820105814,0.01374892886076684,5.0,0.03910338866621712,1.584609096645182,0.959979185934076,0.0,0.11406610432427126
2026-05-11,2026-05-08,oos,rift_enhanced_trend,0.49198543015385315,0.05820105820105814,0.013748928860766896,5.0,0.02862719819002665,1.5185262178871313,0.959979185934076,-0.6,0.11406610432427126
2026-05-12,2026-05-11,oos,pure_trend,0.9864407320859548,-0.0071153846153846345,0.02646154615187879,5.0,-0.007032135982149098,1.8008593430984672,0.9864407320859548,0.0,0.11406610432427126
2026-05-12,2026-05-11,oos,zero_shot_llm,0.6905085124601683,-0.0071153846153846345,0.018523082306315164,5.0,-0.004922495187504369,1.5768088659928705,0.9864407320859548,0.0,0.11406610432427126
2026-05-12,2026-05-11,oos,rift_enhanced_trend,0.5105085124601683,-0.0071153846153846345,0.01852308230631511,5.0,-0.0036417259567351336,1.5129961615434688,0.9864407320859548,-0.6000000000000001,0.11406610432427126
2026-05-13,2026-05-12,oos,pure_trend,0.9945533641325189,-0.017044354057718425,0.008112632046564094,5.0,-0.01695557598359289,1.770324735670798,0.9945533641325189,0.0,0.11406610432427126
2026-05-13,2026-05-12,oos,zero_shot_llm,0.6961873548927632,-0.017044354057718425,0.005678842432594866,5.0,-0.011868903188515023,1.558093874215609,0.9945533641325189,0.0,0.11406610432427126
2026-05-13,2026-05-12,oos,rift_enhanced_trend,0.5161873548927631,-0.017044354057718425,0.005678842432594866,5.0,-0.008800919458125705,1.4996804041852714,0.9945533641325189,-0.6,0.11406610432427126
2026-05-14,2026-05-13,oos,pure_trend,0.9857252170513694,-0.0640394088669951,0.00882814708114954,5.0,-0.06312967427880072,1.6585647117401967,0.9857252170513694,0.0,0.11406610432427126
2026-05-14,2026-05-13,oos,zero_shot_llm,0.6900076519359586,-0.0640394088669951,0.006179702956804589,5.0,-0.0441907719951605,1.4892405030730906,0.9857252170513694,0.0,0.11406610432427126
2026-05-14,2026-05-13,oos,rift_enhanced_trend,0.5100076519359585,-0.0640394088669951,0.006179702956804589,5.0,-0.03266367839910138,1.4506953257615294,0.9857252170513694,-0.6000000000000001,0.11406610432427126
2026-05-15,2026-05-14,oos,pure_trend,0.869257459962413,-0.0052631578947368585,0.1164677570889564,5.0,-0.004633273141504561,1.6508801284078436,0.869257459962413,0.0,0.11406610432427126
2026-05-15,2026-05-14,oos,zero_shot_llm,0.608480221973689,-0.0052631578947368585,0.08152742996226958,5.0,-0.003243291199053192,1.4844104624562002,0.869257459962413,0.0,0.11406610432427126
2026-05-15,2026-05-14,oos,rift_enhanced_trend,0.428480221973689,-0.0052631578947368585,0.08152742996226953,5.0,-0.002295922778000558,1.4473646413191745,0.869257459962413,-0.6,0.11406610432427126
2026-05-18,2026-05-15,oos,pure_trend,0.8190483966249926,0.010476190476190528,0.05020906333742037,5.0,0.00855540248059316,1.665004072353586,0.8190483966249926,0.0,0.11406610432427126
2026-05-18,2026-05-15,oos,zero_shot_llm,0.5733338776374948,0.010476190476190528,0.035146344336194235,5.0,0.00598878173641521,1.4933002727231017,0.8190483966249926,0.0,0.11406610432427126
2026-05-18,2026-05-15,oos,rift_enhanced_trend,0.3933338776374948,0.010476190476190528,0.035146344336194235,5.0,0.004103067450700916,1.4533032760682667,0.8190483966249926,-0.6,0.11406610432427126
2026-05-19,2026-05-18,oos,pure_trend,0.8404064068916197,-0.046392292386637335,0.021358010266627092,5.0,-0.038999058757252646,1.6000704807048036,0.8404064068916197,0.0,0.11406610432427126
2026-05-19,2026-05-18,oos,zero_shot_llm,0.5882844848241338,-0.046392292386637335,0.014950607186638987,5.0,-0.027299341130076846,1.4525341591683971,0.8404064068916197,0.0,0.11406610432427126
2026-05-19,2026-05-18,oos,rift_enhanced_trend,0.43277428074250107,-0.046392292386637335,0.039440403105006294,5.0,-0.020097111171175287,1.4240960785636896,0.8404064068916197,-0.5183673469387756,0.11406610432427126
2026-05-20,2026-05-19,oos,pure_trend,0.3955965609708563,0.010871952558752396,0.4448098459207634,5.0,0.004078502120320368,1.6065963715530203,0.3955965609708563,0.0,0.11406610432427126
2026-05-20,2026-05-19,oos,zero_shot_llm,0.2769175926795994,0.010871952558752396,0.31136689214453434,5.0,0.0028549514842242576,1.4566810737220013,0.3955965609708563,0.0,0.11406610432427126
2026-05-20,2026-05-19,oos,rift_enhanced_trend,0.12543244416474797,0.010871952558752396,0.3073418365777531,5.0,0.001210024663998622,1.4258192699426553,0.3955965609708563,-0.5049504950495048,0.11406610432427126
2026-05-21,2026-05-20,oos,pure_trend,0.26690822601874786,-0.029223248234655053,0.12868833495210846,5.0,-0.00786426951229334,1.5939616646896546,0.26690822601874786,0.0,0.11406610432427126
2026-05-21,2026-05-20,oos,zero_shot_llm,0.18683575821312348,-0.029223248234655053,0.09008183446647594,5.0,-0.005504988658605337,1.4486620609319565,0.26690822601874786,0.0,0.11406610432427126
2026-05-21,2026-05-20,oos,rift_enhanced_trend,0.04112147249883777,-0.029223248234655053,0.0843109716659102,5.0,-0.0012438584844410322,1.4240457525464576,0.26690822601874786,-0.4857142857142857,0.11406610432427126
2026-05-22,2026-05-21,oos,pure_trend,-0.1258213389439089,0.03793643688451209,0.39272956496265676,5.0,-0.0049695780660517315,1.5860403477626857,-0.1258213389439089,0.0,0.11406610432427126
2026-05-22,2026-05-21,oos,zero_shot_llm,-0.08807493726073623,0.03793643688451209,0.2749106954738597,5.0,-0.003478704646236212,1.4436225934897664,-0.1258213389439089,0.0,0.11406610432427126
2026-05-22,2026-05-21,oos,rift_enhanced_trend,-0.22572199608426563,0.03793643688451209,0.26684346858310337,5.0,-0.00869650999218838,1.4116615244301038,-0.1258213389439089,-0.4588235294117647,0.11406610432427126
2026-05-25,2026-05-22,oos,pure_trend,0.47239728490028976,-0.018867924528301883,0.5982186238441987,5.0,-0.00921226563079549,1.5714293227779366,0.47239728490028976,0.0,0.11406610432427126
2026-05-25,2026-05-22,oos,zero_shot_llm,0.3306780994302028,-0.018867924528301883,0.41875303669093905,5.0,-0.006448585941556843,1.4343132691284746,0.47239728490028976,0.0,0.11406610432427126
2026-05-25,2026-05-22,oos,rift_enhanced_trend,0.2060627148148182,-0.018867924528301883,0.4317847108990838,5.0,-0.004103868106672526,1.4058682517225785,0.47239728490028976,-0.4153846153846154,0.11406610432427126
2026-05-26,2026-05-25,oos,pure_trend,0.2896322783499837,-0.038461538461538436,0.18276500655030609,5.0,-0.011231085516736057,1.553780465670311,0.2896322783499837,0.0,0.11406610432427126
2026-05-26,2026-05-25,oos,zero_shot_llm,0.20274259484498855,-0.038461538461538436,0.12793550458521427,5.0,-0.007861759861715239,1.4230370426401149,0.2896322783499837,0.0,0.11406610432427126
2026-05-26,2026-05-25,oos,rift_enhanced_trend,0.3827425948449885,-0.038461538461538436,0.17667988003017032,5.0,-0.014809208972514634,1.385048454994995,0.2896322783499837,0.6,0.11406610432427126
2026-05-27,2026-05-26,oos,pure_trend,-0.09820845447585927,0.0,0.38784073282584297,5.0,-0.0001939203664129215,1.5534791559930827,-0.09820845447585927,0.0,0.11406610432427126
2026-05-27,2026-05-26,oos,zero_shot_llm,-0.06874591813310148,0.0,0.27148851297809,5.0,-0.00013574425648904502,1.4228438735348055,-0.09820845447585927,0.0,0.11406610432427126
2026-05-27,2026-05-26,oos,rift_enhanced_trend,-0.07933415342721914,0.0,0.4620767482722077,5.0,-0.00023103837413610386,1.3847284556518533,-0.09820845447585927,-0.03529411764705885,0.11406610432427126
2026-05-28,2026-05-27,oos,pure_trend,-0.23688392306422038,0.02857142857142847,0.1386754685883611,5.0,-0.006837449821843309,1.5428573202147005,-0.23688392306422038,0.0,0.11406610432427126
2026-05-28,2026-05-27,oos,zero_shot_llm,-0.16581874614495426,0.02857142857142847,0.09707282801185278,5.0,-0.004786214875290316,1.4160338370220775,-0.23688392306422038,0.0,0.11406610432427126
2026-05-28,2026-05-27,oos,rift_enhanced_trend,-0.18218238250859065,0.02857142857142847,0.1028482290813715,5.0,-0.005256635043357542,1.3774494435263396,-0.23688392306422038,-0.05454545454545459,0.11406610432427126
2026-05-29,2026-05-28,oos,pure_trend,-0.08235425463911959,0.005555555555555536,0.1545296684251008,5.0,-0.0005347884710965466,1.5420322179073027,-0.08235425463911959,0.0,0.11406610432427126
2026-05-29,2026-05-28,oos,zero_shot_llm,-0.05764797824738371,0.005555555555555536,0.10817076789757055,5.0,-0.00037435192976758257,1.4155037420225722,-0.08235425463911959,0.0,0.11406610432427126
2026-05-29,2026-05-28,oos,rift_enhanced_trend,-0.0844564888856816,0.005555555555555536,0.09772589362290905,5.0,-0.0005180656628430173,1.3767358342673464,-0.08235425463911959,-0.08936170212765959,0.11406610432427126
2026-06-01,2026-05-29,oos,pure_trend,0.05491540477838119,-0.011049723756906049,0.13726965941750077,5.0,-0.000675434882508541,1.5409906755573761,0.05491540477838119,0.0,0.11406610432427126
2026-06-01,2026-05-29,oos,zero_shot_llm,0.03844078334486683,-0.011049723756906049,0.09608876159225055,5.0,-0.00047280441775597864,1.414834485599994,0.05491540477838119,0.0,0.11406610432427126
2026-06-01,2026-05-29,oos,rift_enhanced_trend,-0.012987788083704606,-0.011049723756906049,0.07146870080197698,5.0,0.00010777712013718358,1.3768842148907534,0.05491540477838119,-0.17142857142857146,0.11406610432427126
2026-06-02,2026-06-01,oos,pure_trend,-0.23306818039896654,-0.03296089385474865,0.28798358517734773,5.0,0.007538143762461072,1.5526068848063397,-0.23306818039896654,0.0,0.11406610432427126
2026-06-02,2026-06-01,oos,zero_shot_llm,-0.16314772627927657,-0.03296089385474865,0.2015885096241434,5.0,0.00527670063372275,1.4223001436267722,-0.23306818039896654,0.0,0.11406610432427126
2026-06-02,2026-06-01,oos,rift_enhanced_trend,-0.26132954446109474,-0.03296089385474865,0.24834175637739014,5.0,0.008489484497903267,1.3885732520884762,-0.23306818039896654,-0.32727272727272727,0.11406610432427126
2026-06-03,2026-06-02,oos,pure_trend,-0.6330499351080066,-0.042980935875216675,0.39998175470904,5.0,0.027009087789332788,1.5945413804603965,-0.6330499351080066,0.0,0.11406610432427126
2026-06-03,2026-06-02,oos,zero_shot_llm,-0.44313495457560453,-0.042980935875216675,0.27998722829632794,5.0,0.01890636145253295,1.4491906642361694,-0.6330499351080066,0.0,0.11406610432427126
2026-06-03,2026-06-02,oos,rift_enhanced_trend,-0.5331349545756046,-0.042980935875216675,0.2718054101145098,5.0,0.02277873659039336,1.4202031964342654,-0.6330499351080066,-0.3,0.11406610432427126
2026-06-04,2026-06-03,oos,pure_trend,-0.8926977594686369,-0.033924906434866564,0.2596478243606304,5.0,0.03015486405240821,1.6426245590141193,-0.8926977594686369,0.0,0.11406610432427126
2026-06-04,2026-06-03,oos,zero_shot_llm,-0.6248884316280459,-0.033924906434866564,0.18175347705244133,5.0,0.02110840483668575,1.4797807674624122,-0.8926977594686369,0.0,0.11406610432427126
2026-06-04,2026-06-03,oos,rift_enhanced_trend,-0.7148884316280458,-0.033924906434866564,0.18175347705244127,5.0,0.02416164641582374,1.4545176439051326,-0.8926977594686369,-0.3,0.11406610432427126
2026-06-05,2026-06-04,oos,pure_trend,-0.9338484818524926,0.009122719320169947,0.04115072238385564,5.0,-0.008539812948699035,1.6285968525351995,-0.9338484818524926,0.0,0.11406610432427126
2026-06-05,2026-06-04,oos,zero_shot_llm,-0.6536939372967447,0.009122719320169947,0.028805505668698883,5.0,-0.005977869064089325,1.4709348317909643,-0.9338484818524926,0.0,0.11406610432427126
2026-06-05,2026-06-04,oos,rift_enhanced_trend,-0.7436939372967447,0.009122719320169947,0.028805505668698883,5.0,-0.006798913802904621,1.4446285038194175,-0.9338484818524926,-0.3,0.11406610432427126
2026-06-08,2026-06-05,oos,pure_trend,-0.8929229264329219,0.013003095975232304,0.04092555541957066,5.0,-0.011631225288602364,1.6096542756390537,-0.8929229264329219,0.0,0.11406610432427126
2026-06-08,2026-06-05,oos,zero_shot_llm,-0.6250460485030453,0.013003095975232304,0.028647888793699394,5.0,-0.008141857702021653,1.458958689701575,-0.8929229264329219,0.0,0.11406610432427126
2026-06-08,2026-06-05,oos,rift_enhanced_trend,-0.4678238262808231,0.013003095975232304,0.2758701110159216,5.0,-0.006221093168137908,1.4356413353038093,-0.8929229264329219,0.5240740740740741,0.11406610432427126
2026-06-09,2026-06-08,oos,pure_trend,-0.9449393776038635,0.02677261613691928,0.05201645117094156,5.0,-0.02532450745483313,1.5688905739359285,-0.9449393776038635,0.0,0.11406610432427126
2026-06-09,2026-06-08,oos,zero_shot_llm,-0.6614575643227044,0.02677261613691928,0.03641151581965907,5.0,-0.017727155218383188,1.4330955025520262,-0.9449393776038635,0.0,0.11406610432427126
2026-06-09,2026-06-08,oos,rift_enhanced_trend,-0.45479089765603775,0.02677261613691928,0.013032928624785334,5.0,-0.012182458589822434,1.4181516941866332,-0.9449393776038635,0.6888888888888889,0.11406610432427126
2026-06-10,2026-06-09,oos,pure_trend,-0.9173056366400588,-0.007143707584236214,0.027633740963804665,5.0,0.006539146363046314,1.5791497790264994,-0.9173056366400588,0.0,0.11406610432427126
2026-06-10,2026-06-09,oos,zero_shot_llm,-0.6421139456480411,-0.007143707584236214,0.019343618674663277,5.0,0.0045774024541324196,1.4396553574224142,-0.9173056366400588,0.0,0.11406610432427126
2026-06-10,2026-06-09,oos,rift_enhanced_trend,-0.5442192088059359,-0.007143707584236214,0.08942831114989813,5.0,0.003843028733859047,1.4236016918963634,-0.9173056366400588,0.32631578947368417,0.11406610432427126
2026-06-11,2026-06-10,oos,pure_trend,-0.9051860115757874,0.055282407962585545,0.012119625064271444,5.0,-0.05004692218649049,1.5001181929147465,-0.9051860115757874,0.0,0.11406610432427126
2026-06-11,2026-06-10,oos,zero_shot_llm,-0.6336302081030512,0.055282407962585545,0.008483737544989989,5.0,-0.035032845530543345,1.3892201336686156,-0.9051860115757874,0.0,0.11406610432427126
2026-06-11,2026-06-10,oos,rift_enhanced_trend,-0.5450587795316226,0.055282407962585545,0.0008395707256867446,5.0,-0.030132581599018975,1.3807048977507947,-0.9051860115757874,0.29523809523809524,0.11406610432427126
2026-06-12,2026-06-11,oos,pure_trend,-0.6552920106165705,0.009090909090909038,0.24989400095921688,5.0,-0.006082147096993852,1.4909942534025624,-0.6552920106165705,0.0,0.11406610432427126
2026-06-12,2026-06-11,oos,zero_shot_llm,-0.4587044074315993,0.009090909090909038,0.17492580067145186,5.0,-0.004257502967895696,1.383305524826461,-0.6552920106165705,0.0,0.11406610432427126
2026-06-12,2026-06-11,oos,rift_enhanced_trend,-0.336396715123907,0.009090909090909038,0.20866206440771562,5.0,-0.003162482987875722,1.3763384420003812,-0.6552920106165705,0.4076923076923077,0.11406610432427126
2026-06-15,2026-06-12,oos,pure_trend,-0.5558908919661281,-0.021396396396396344,0.09940111865044243,5.0,0.01184436131832839,1.5086541280634136,-0.5558908919661281,0.0,0.11406610432427126
2026-06-15,2026-06-12,oos,zero_shot_llm,-0.3891236243762896,-0.021396396396396344,0.06958078305530968,5.0,0.008291052922829872,1.3947745841412402,-0.5558908919661281,0.0,0.11406610432427126
2026-06-15,2026-06-12,oos,rift_enhanced_trend,-0.24701836121839488,-0.021396396396396344,0.08937835390551213,5.0,0.0052406135968642385,1.3835512999534156,-0.5558908919661281,0.47368421052631576,0.11406610432427126
2026-06-16,2026-06-15,oos,pure_trend,-0.6691826009873808,-0.02128883774453394,0.11329170902125274,5.0,0.01418947395937492,1.5300611365272727,-0.6691826009873808,0.0,0.11406610432427126
2026-06-16,2026-06-15,oos,zero_shot_llm,-0.4684278206911665,-0.02128883774453394,0.0793041963148769,5.0,0.009932631771562443,1.4086283664898493,-0.6691826009873808,0.0,0.11406610432427126
2026-06-16,2026-06-15,oos,rift_enhanced_trend,-0.36514913216657635,-0.02128883774453394,0.11813077094818147,5.0,0.007714535241777532,1.3942247552157134,-0.6691826009873808,0.34426229508196715,0.11406610432427126
2026-06-17,2026-06-16,oos,pure_trend,-0.595124400534926,0.011287477954144531,0.07405820045245481,5.0,-0.0067544826512376845,1.5197263651252662,-0.595124400534926,0.0,0.11406610432427126
2026-06-17,2026-06-16,oos,zero_shot_llm,-0.4165870803744482,0.011287477954144531,0.051840740316718315,5.0,-0.004728137855866379,1.4019681773854016,-0.595124400534926,0.0,0.11406610432427126
2026-06-17,2026-06-16,oos,rift_enhanced_trend,-0.3068309828134726,0.011287477954144531,0.058318149353103754,5.0,-0.0034925070288321235,1.389355415458351,-0.595124400534926,0.3658536585365853,0.11406610432427126
2026-06-18,2026-06-17,oos,pure_trend,-0.5116668557772381,-0.0860365073828625,0.08345754475768785,5.0,0.043980300442265544,1.5865643872535076,-0.5116668557772381,0.0,0.11406610432427126
2026-06-18,2026-06-17,oos,zero_shot_llm,-0.3581667990440667,-0.0860365073828625,0.05842028133038152,5.0,0.030786210309585883,1.4451294645417354,-0.5116668557772381,0.0,0.11406610432427126
2026-06-18,2026-06-17,oos,rift_enhanced_trend,-0.2581667990440667,-0.0860365073828625,0.0486641837694059,5.0,0.02218743762008012,1.4201816520709536,-0.5116668557772381,0.3333333333333333,0.11406610432427126
2026-06-22,2026-06-18,oos,pure_trend,-0.6879772930881229,0.0049612008650299355,0.1763104373108848,5.0,-0.003501348760245191,1.5810092720031483,-0.6879772930881229,0.0,0.11406610432427126
2026-06-22,2026-06-18,oos,zero_shot_llm,-0.48158410516168604,0.0049612008650299355,0.12341730611761936,5.0,-0.002450944132171634,1.4415875329603884,-0.6879772930881229,0.0,0.11406610432427126
2026-06-22,2026-06-18,oos,rift_enhanced_trend,-0.41235333593091683,0.0049612008650299355,0.15418653688685013,5.0,-0.002122860995361869,1.4171668038354437,-0.6879772930881229,0.23076923076923075,0.11406610432427126
2026-06-23,2026-06-22,oos,pure_trend,-0.7931306275156023,-0.012658227848101222,0.10515333442747932,5.0,0.009987051529186254,1.596798893070765,-0.7931306275156023,0.0,0.11406610432427126
2026-06-23,2026-06-22,oos,zero_shot_llm,-0.5551914392609215,-0.012658227848101222,0.07360733409923548,5.0,0.006990936070430377,1.4516655792432438,-0.7931306275156023,0.0,0.11406610432427126
2026-06-23,2026-06-22,oos,rift_enhanced_trend,-0.4000190254678181,-0.012658227848101222,0.012334310463098741,5.0,0.005057364812715497,1.4243339333629095,-0.7931306275156023,0.5172413793103448,0.11406610432427126
2026-06-24,2026-06-23,oos,pure_trend,-0.8211063677509896,0.02564102564102555,0.027975740235387292,5.0,-0.02106799729963017,1.5631575383034977,-0.8211063677509896,0.0,0.11406610432427126
2026-06-24,2026-06-23,oos,zero_shot_llm,-0.5747744574256927,0.02564102564102555,0.01958301816477115,5.0,-0.01474759810974112,1.4302569986908198,-0.8211063677509896,0.0,0.11406610432427126
2026-06-24,2026-06-23,oos,rift_enhanced_trend,-0.39477445742569267,0.02564102564102555,0.005244568042125419,5.0,-0.010125044269295197,1.4099124892333508,-0.8211063677509896,0.6,0.11406610432427126
2026-06-25,2026-06-24,oos,pure_trend,-0.577470555874424,-0.06874999999999998,0.24363581187656558,5.0,0.03957928281042835,1.6250261925892648,-0.577470555874424,0.0,0.11406610432427126
2026-06-25,2026-06-24,oos,zero_shot_llm,-0.40422938911209677,-0.06874999999999998,0.1705450683135959,5.0,0.027705497967299843,1.4698829810607648,-0.577470555874424,0.0,0.11406610432427126
2026-06-25,2026-06-24,oos,rift_enhanced_trend,-0.2842293891120968,-0.06874999999999998,0.1105450683135959,5.0,0.01948549796729985,1.4373853361763778,-0.577470555874424,0.4,0.11406610432427126
2026-06-26,2026-06-25,oos,pure_trend,-0.8085985097942949,-0.006711409395973145,0.23112795391987095,5.0,0.005311271659243378,1.6336571481514923,-0.8085985097942949,0.0,0.11406610432427126
2026-06-26,2026-06-25,oos,zero_shot_llm,-0.5660189568560064,-0.006711409395973145,0.16178956774390968,5.0,0.0037178901614703646,1.4753478445345631,-0.8085985097942949,0.0,0.11406610432427126
2026-06-26,2026-06-25,oos,rift_enhanced_trend,-0.4486276525081804,-0.006711409395973145,0.1643982633960836,5.0,0.002928724710638735,1.4415950421291472,-0.8085985097942949,0.3913043478260869,0.11406610432427126
2026-06-29,2026-06-26,oos,pure_trend,-0.8861688396498507,0.00013513513513507824,0.07757032985555579,5.0,-0.00015853771082635596,1.6333981518869494,-0.8861688396498507,0.0,0.11406610432427126
2026-06-29,2026-06-26,oos,zero_shot_llm,-0.6203181877548954,0.00013513513513507824,0.054299230898888995,5.0,-0.00011097639757844913,1.4751841157456016,-0.8861688396498507,0.0,0.11406610432427126
2026-06-29,2026-06-26,oos,rift_enhanced_trend,-0.5078181877548954,0.00013513513513507824,0.059190535246715026,5.0,-9.821934704966584e-05,1.4414534496053992,-0.8861688396498507,0.37500000000000006,0.11406610432427126
2026-06-30,2026-06-29,oos,pure_trend,-0.8508915704182105,0.10795838400216184,0.03527726923164021,5.0,-0.09187851753802752,1.4833239511422225,-0.8508915704182105,0.0,0.11406610432427126
2026-06-30,2026-06-29,oos,zero_shot_llm,-0.5956240992927473,0.10795838400216184,0.024694088462148156,5.0,-0.06431496227661926,1.3803077049903554,-0.8508915704182105,0.0,0.11406610432427126
2026-06-30,2026-06-29,oos,rift_enhanced_trend,-0.4956240992927473,0.10795838400216184,0.01219408846214809,5.0,-0.05351287387640308,1.3643171329579595,-0.8508915704182105,0.33333333333333326,0.11406610432427126
2026-07-01,2026-06-30,oos,pure_trend,-0.6419742352359066,-0.0030487804878048808,0.20891733518230393,5.0,0.0018527798544695404,1.4860722238765511,-0.6419742352359066,0.0,0.11406610432427126
2026-07-01,2026-06-30,oos,zero_shot_llm,-0.4493819646651346,-0.0030487804878048808,0.1462421346276127,5.0,0.0012969458981286783,1.3820978894064981,-0.6419742352359066,0.0,0.11406610432427126
2026-07-01,2026-06-30,oos,rift_enhanced_trend,-0.3493819646651346,-0.0030487804878048808,0.1462421346276127,5.0,0.0009920678493481902,1.365670628121882,-0.6419742352359066,0.33333333333333326,0.11406610432427126
2026-07-02,2026-07-01,oos,pure_trend,-0.4025901852579447,0.04342507645259941,0.23938404997796187,5.0,-0.01760220159888139,1.4599140810013782,-0.4025901852579447,0.0,0.11406610432427126
2026-07-02,2026-07-01,oos,zero_shot_llm,-0.28181312968056127,0.04342507645259941,0.1675688349845733,5.0,-0.012321541119216971,1.365068313431393,-0.4025901852579447,0.0,0.11406610432427126
2026-07-02,2026-07-01,oos,rift_enhanced_trend,-0.28181312968056127,0.04342507645259941,0.06756883498457333,5.0,-0.012271541119216972,1.3489117448535775,-0.4025901852579447,0.0,0.11406610432427126
2026-07-03,2026-07-02,oos,pure_trend,-0.14202812947622714,-0.021219226260257962,0.26056205578171754,5.0,0.0028834459867864183,1.4641236643992945,-0.14202812947622714,0.0,0.11406610432427126
2026-07-03,2026-07-02,oos,zero_shot_llm,-0.099419690633359,-0.021219226260257962,0.1823934390472023,5.0,0.0020184121907504925,1.3678235839564301,-0.14202812947622714,0.0,0.11406610432427126
2026-07-03,2026-07-02,oos,rift_enhanced_trend,-0.099419690633359,-0.021219226260257962,0.1823934390472023,5.0,0.0020184121907504925,1.3516344047636364,-0.14202812947622714,0.0,0.11406610432427126
2026-07-06,2026-07-03,oos,pure_trend,0.41240524902208403,-0.011857707509881465,0.5544333784983112,5.0,-0.005167397507692857,1.4565579554249235,0.41240524902208403,0.0,0.11406610432427126
2026-07-06,2026-07-03,oos,zero_shot_llm,0.2886836743154588,-0.011857707509881465,0.3881033649488178,5.0,-0.003617178255385,1.3628759222313402,0.41240524902208403,0.0,0.11406610432427126
2026-07-06,2026-07-03,oos,rift_enhanced_trend,0.2886836743154588,-0.011857707509881465,0.3881033649488178,5.0,-0.003617178255385,1.3467453021854952,0.41240524902208403,0.0,0.11406610432427126
2026-07-07,2026-07-06,oos,pure_trend,0.010667454014709468,-0.004727272727272691,0.40173779500737455,5.0,-0.00025129686193685894,1.456191926981496,0.010667454014709468,0.0,0.11406610432427126
2026-07-07,2026-07-06,oos,zero_shot_llm,0.007467217810296627,-0.004727272727272691,0.2812164565051622,5.0,-0.00017590780335580126,1.3626361817216142,0.010667454014709468,0.0,0.11406610432427126
2026-07-07,2026-07-06,oos,rift_enhanced_trend,0.18746721781029663,-0.004727272727272691,0.1012164565051622,5.0,-0.0009368168942648856,1.345483648434136,0.010667454014709468,0.6,0.11406610432427126
2026-07-08,2026-07-07,oos,pure_trend,0.001073447152187736,-0.02813299232736577,0.009594006862521732,5.0,-3.499628392759108e-05,1.4561409656753663,0.001073447152187736,0.0,0.11406610432427126
2026-07-08,2026-07-07,oos,zero_shot_llm,0.0007514130065314152,-0.02813299232736577,0.006715804803765211,5.0,-2.4497398749313753e-05,1.3626028006797202,0.001073447152187736,0.0,0.11406610432427126
2026-07-08,2026-07-07,oos,rift_enhanced_trend,0.18075141300653141,-0.02813299232736577,0.006715804803765213,5.0,-0.005088436017675152,1.3386372409762506,0.001073447152187736,0.6,0.11406610432427126
2026-07-09,2026-07-08,oos,pure_trend,-0.4788198719856312,-0.041353383458646586,0.4798933191378189,5.0,0.019560875114272964,1.4846243572537192,-0.4788198719856312,0.0,0.11406610432427126
2026-07-09,2026-07-08,oos,zero_shot_llm,-0.3351739103899418,-0.041353383458646586,0.33592532339647324,5.0,0.013692612579991076,1.3812603929298384,-0.4788198719856312,0.0,0.11406610432427126
2026-07-09,2026-07-08,oos,rift_enhanced_trend,-0.15517391038994183,-0.041353383458646586,0.33592532339647324,5.0,0.006249003557434692,1.3470023898572259,-0.4788198719856312,0.6,0.11406610432427126
2026-07-10,2026-07-09,oos,pure_trend,-0.6369887261931269,-0.016339869281045805,0.15816885420749566,5.0,0.010329228092391823,1.4999593808713136,-0.6369887261931269,0.0,0.11406610432427126
2026-07-10,2026-07-09,oos,zero_shot_llm,-0.4458921083351888,-0.016339869281045805,0.11071819794524695,5.0,0.0072304596646742755,1.3912475404873295,-0.6369887261931269,0.0,0.11406610432427126
2026-07-10,2026-07-09,oos,rift_enhanced_trend,-0.26589210833518884,-0.016339869281045805,0.11071819794524701,5.0,0.0042892831940860325,1.352780064570434,-0.6369887261931269,0.5999999999999999,0.11406610432427126
2026-07-13,2026-07-10,oos,pure_trend,-0.8193556488842543,0.009966777408637828,0.18236692269112742,5.0,-0.008257518832284937,1.4875734380361063,-0.8193556488842543,0.0,0.11406610432427126
2026-07-13,2026-07-10,oos,zero_shot_llm,-0.573548954218978,0.009966777408637828,0.12765684588378923,5.0,-0.005780263182599456,1.3832057635511685,-0.8193556488842543,0.0,0.11406610432427126
2026-07-13,2026-07-10,oos,rift_enhanced_trend,-0.393548954218978,0.009966777408637828,0.12765684588378917,5.0,-0.003986243249044647,1.347387554170598,-0.8193556488842543,0.6,0.11406610432427126
2026-07-14,2026-07-13,oos,pure_trend,-0.8188255245307198,0.012368421052631584,0.0005301243535345002,5.0,-0.01012784391821462,1.4725075264387948,-0.8188255245307198,0.0,0.11406610432427126
2026-07-14,2026-07-13,oos,zero_shot_llm,-0.5731778671715038,0.012368421052631584,0.00037108704747423893,5.0,-0.007089490742750234,1.3733995390951537,-0.8188255245307198,0.0,0.11406610432427126
2026-07-14,2026-07-13,oos,rift_enhanced_trend,-0.3931778671715037,0.012368421052631584,0.00037108704747429444,5.0,-0.0048631749532765485,1.340834972764799,-0.8188255245307198,0.6000000000000001,0.11406610432427126
2026-07-15,2026-07-14,oos,pure_trend,-0.7888824600196107,-0.031842994541200986,0.029943064511109063,5.0,0.025105408335798114,1.509475429167577,-0.7888824600196107,0.0,0.11406610432427126
2026-07-15,2026-07-14,oos,zero_shot_llm,-0.5522177220137274,-0.031842994541200986,0.020960145157776333,5.0,0.01757378583505868,1.3975353684611802,-0.7888824600196107,0.0,0.11406610432427126
2026-07-15,2026-07-14,oos,rift_enhanced_trend,-0.37221772201372744,-0.031842994541200986,0.020960145157776278,5.0,0.0118420468176425,1.3567132032870122,-0.7888824600196107,0.6,0.11406610432427126
2026-07-16,2026-07-15,oos,pure_trend,-0.7893410404659233,0.027654718754195118,0.0004585804463126397,5.0,-0.021829233765452014,1.476524737161072,-0.7893410404659233,0.0,0.11406610432427126
2026-07-16,2026-07-15,oos,zero_shot_llm,-0.5525387283261463,0.027654718754195118,0.0003210063124188256,5.0,-0.015280463635816408,1.3761803800836419,-0.7893410404659233,0.0,0.11406610432427126
2026-07-16,2026-07-15,oos,rift_enhanced_trend,-0.37253872832614626,0.027654718754195118,0.0003210063124188256,5.0,-0.010302614260061287,1.342735510492014,-0.7893410404659233,0.6,0.11406610432427126
2026-07-17,2026-07-16,oos,pure_trend,-0.7637453086425597,-0.0104506858262573,0.02559573182336361,5.0,0.007968864405989625,1.488290962583598,-0.7637453086425597,0.0,0.11406610432427126
2026-07-17,2026-07-16,oos,zero_shot_llm,-0.5346217160497918,-0.0104506858262573,0.01791701227635445,5.0,0.005578205084192737,1.3838569964765908,-0.7637453086425597,0.0,0.11406610432427126
2026-07-17,2026-07-16,oos,rift_enhanced_trend,-0.35462171604979187,-0.0104506858262573,0.017917012276354394,5.0,0.0036970816354664235,1.3476997132891426,-0.7637453086425597,0.5999999999999999,0.11406610432427126
2026-07-20,2026-07-17,oos,pure_trend,-0.5123307266830784,-0.050825082508250796,0.2514145819594813,5.0,0.02591354416419981,1.5268578561716875,-0.5123307266830784,0.0,0.11406610432427126
2026-07-20,2026-07-17,oos,zero_shot_llm,-0.3586315086781549,-0.050825082508250796,0.1759902073716369,5.0,0.018139480914939866,1.4089594440531839,-0.5123307266830784,0.0,0.11406610432427126
2026-07-20,2026-07-17,oos,rift_enhanced_trend,-0.17863150867815492,-0.050825082508250796,0.17599020737163695,5.0,0.008990966063454722,1.3598168356750528,-0.5123307266830784,0.6,0.11406610432427126
2026-07-21,2026-07-20,oos,pure_trend,-0.7473774224370846,-0.005702364394993054,0.23504669575400616,5.0,0.004144295055449911,1.5331856056353947,-0.7473774224370846,0.0,0.11406610432427126
2026-07-21,2026-07-20,oos,zero_shot_llm,-0.5231641957059592,-0.005702364394993054,0.16453268702780427,5.0,0.002901006538814937,1.413046844613307,-0.7473774224370846,0.0,0.11406610432427126
2026-07-21,2026-07-20,oos,rift_enhanced_trend,-0.4740732866150501,-0.005702364394993054,0.2954417779368952,5.0,0.0025556177412425513,1.3632920077051442,-0.7473774224370846,0.1636363636363636,0.11406610432427126
2026-07-22,2026-07-21,oos,pure_trend,-0.7013140232466807,0.0027975940691005174,0.04606339919040392,5.0,-0.0019850236516071383,1.530142195945905,-0.7013140232466807,0.0,0.11406610432427126
2026-07-22,2026-07-21,oos,zero_shot_llm,-0.49091981627267645,0.0027975940691005174,0.03224437943328273,5.0,-0.0013895165561249967,1.4110833926281368,-0.7013140232466807,0.0,0.11406610432427126
2026-07-22,2026-07-21,oos,rift_enhanced_trend,-0.45140762115072525,0.0027975940691005174,0.022665665464324858,5.0,-0.0012741881164102047,1.3615549172297292,-0.7013140232466807,0.13170731707317068,0.11406610432427126
2026-07-23,2026-07-22,oos,pure_trend,-0.7807301795076695,0.0057190682103500645,0.07941615626098886,5.0,-0.004504757228613707,1.523249276827911,-0.7807301795076695,0.0,0.11406610432427126
2026-07-23,2026-07-22,oos,zero_shot_llm,-0.5465111256553686,0.0057190682103500645,0.05559130938269219,5.0,-0.0031533300600295943,1.406633780948954,-0.7807301795076695,0.0,0.11406610432427126
2026-07-23,2026-07-22,oos,rift_enhanced_trend,-0.5265111256553686,0.0057190682103500645,0.07510350450464337,5.0,-0.0030487047933835686,1.357403938227116,-0.7807301795076695,0.06666666666666667,0.11406610432427126
2026-07-24,2026-07-23,oos,pure_trend,-0.3269610913331526,0.01095700416088774,0.45376908817451694,5.0,-0.003809398582273008,1.5174466131923143,-0.3269610913331526,0.0,0.11406610432427126
2026-07-24,2026-07-23,oos,zero_shot_llm,-0.2288727639332068,0.01095700416088774,0.31763836172216187,5.0,-0.0026665790075911053,1.4028828808373068,-0.3269610913331526,0.0,0.11406610432427126
2026-07-24,2026-07-23,oos,rift_enhanced_trend,-0.27041122547166835,0.01095700416088774,0.25609990018370027,5.0,-0.003090946872735673,1.3532082747692138,-0.3269610913331526,-0.13846153846153852,0.11406610432427126
2026-07-27,2026-07-24,oos,pure_trend,-0.33340896572672574,0.005350528193167836,0.006447874393573139,5.0,-0.0017871380081725616,1.5147347266745057,-0.33340896572672574,0.0,0.11406610432427126
2026-07-27,2026-07-24,oos,zero_shot_llm,-0.233386276008708,0.005350528193167836,0.004513512075501214,5.0,-0.001250996605720793,1.4011278791151556,-0.33340896572672574,0.0,0.11406610432427126
2026-07-27,2026-07-24,oos,rift_enhanced_trend,-0.41338627600870803,0.005350528193167836,0.14297505053703968,5.0,-0.002283322449721773,1.350118463936284,-0.33340896572672574,-0.6,0.11406610432427126
2026-07-28,2026-07-27,oos,pure_trend,-0.3641074293046211,-0.02101528384279472,0.030698463577895352,5.0,0.007636471744317976,1.526301955614893,-0.3641074293046211,0.0,0.11406610432427126
2026-07-28,2026-07-27,oos,zero_shot_llm,-0.25487520051323476,-0.02101528384279472,0.021488924504526746,5.0,0.005345530221022583,1.408617650536483,-0.3641074293046211,0.0,0.11406610432427126
2026-07-28,2026-07-27,oos,rift_enhanced_trend,-0.07487520051323476,-0.02101528384279472,0.33851107549547327,5.0,0.0014042680538240606,1.3520143921640677,-0.3641074293046211,0.6,0.11406610432427126
2026-07-29,2026-07-28,oos,pure_trend,-0.788281438168732,0.0313632562029551,0.4241740088641109,5.0,-0.02493515970975191,1.4882433725863289,-0.788281438168732,0.0,0.11406610432427126
2026-07-29,2026-07-28,oos,zero_shot_llm,-0.5517970067181124,0.0313632562029551,0.2969218062048776,5.0,-0.017454611796826336,1.384030776276211,-0.788281438168732,0.0,0.11406610432427126
2026-07-29,2026-07-28,oos,rift_enhanced_trend,-0.3717970067181124,0.0313632562029551,0.2969218062048776,5.0,-0.011809225680294418,1.3360481490839962,-0.788281438168732,0.6,0.11406610432427126
2026-07-30,2026-07-29,oos,pure_trend,-0.7101828171840143,-0.02770644681713741,0.07809862098471765,5.0,0.01963759314426135,1.5174688904368225,-0.7101828171840143,0.0,0.11406610432427126
2026-07-30,2026-07-29,oos,zero_shot_llm,-0.49712797202881,-0.02770644681713741,0.0546690346893024,5.0,0.013746315200982946,1.4030560995747647,-0.7101828171840143,0.0,0.11406610432427126
2026-07-30,2026-07-29,oos,rift_enhanced_trend,-0.54212797202881,-0.02770644681713741,0.17033096531069764,5.0,0.014935274342443431,1.3560023947252793,-0.7101828171840143,-0.15,0.11406610432427126
2026-07-31,2026-07-30,oos,pure_trend,-0.8420354935968533,-0.04434250764525993,0.13185267641283893,5.0,0.03727203897419226,1.5740280500633081,-0.8420354935968533,0.0,0.11406610432427126
2026-07-31,2026-07-30,oos,zero_shot_llm,-0.5894248455177973,-0.04434250764525993,0.0922968734889873,5.0,0.026090427281934586,1.439662432713195,-0.8420354935968533,0.0,0.11406610432427126
2026-07-31,2026-07-30,oos,rift_enhanced_trend,-0.6494248455177972,-0.04434250764525993,0.1072968734889872,5.0,0.02874347774065018,1.3949786193743337,-0.8420354935968533,-0.19999999999999998,0.11406610432427126
2026-08-03,2026-07-31,oos,pure_trend,-0.9233452307358927,0.009309090909090934,0.08130973713903944,5.0,-0.008636159561965489,1.560434492667952,-0.9233452307358927,0.0,0.11406610432427126
2026-08-03,2026-07-31,oos,zero_shot_llm,-0.6463416615151248,0.009309090909090934,0.05691681599732756,5.0,-0.006045311693375841,1.4309592245742,-0.9233452307358927,0.0,0.11406610432427126
2026-08-03,2026-07-31,oos,rift_enhanced_trend,-0.5863416615151248,0.009309090909090934,0.06308318400267243,5.0,-0.005489849422833057,1.3873203968058971,-0.9233452307358927,0.20000000000000004,0.11406610432427126
2026-08-04,2026-08-03,oos,pure_trend,-0.8780119160033325,0.0067733102752558505,0.04533331473256019,5.0,-0.005969713789828729,1.551119145358948,-0.8780119160033325,0.0,0.11406610432427126
2026-08-04,2026-08-03,oos,zero_shot_llm,-0.6146083412023328,0.0067733102752558505,0.03173332031279208,5.0,-0.004178799652880111,1.4249795326632637,-0.8780119160033325,0.0,0.11406610432427126
2026-08-04,2026-08-03,oos,rift_enhanced_trend,-0.6707373734603973,0.0067733102752558505,0.08439571194527251,5.0,-0.004585310199630066,1.3809591024402683,-0.8780119160033325,-0.18709677419354834,0.11406610432427126
2026-08-05,2026-08-04,oos,pure_trend,-0.8583140723236627,0.02490695677068433,0.019697843679669758,5.0,-0.021387840416875324,1.5179440566104507,-0.8583140723236627,0.0,0.11406610432427126
2026-08-05,2026-08-04,oos,zero_shot_llm,-0.6008198506265638,0.02490695677068433,0.013788490575768919,5.0,-0.014971488291812727,1.403645468273923,-0.8583140723236627,0.0,0.11406610432427126
2026-08-05,2026-08-04,oos,rift_enhanced_trend,-0.7043596736354134,0.02490695677068433,0.03362230017501611,5.0,-0.017560267092338072,1.3567090917578217,-0.8583140723236627,-0.3451327433628319,0.11406610432427126
2026-08-06,2026-08-05,oos,pure_trend,-0.6869500122389101,-0.001955307262569872,0.1713640600847527,5.0,0.001257516317910827,1.5198528960313142,-0.6869500122389101,0.0,0.11406610432427126
2026-08-06,2026-08-05,oos,zero_shot_llm,-0.480865008567237,-0.001955307262569872,0.11995484205932683,5.0,0.0008802614225375788,1.4048810432305643,-0.6869500122389101,0.0,0.11406610432427126
2026-08-06,2026-08-05,oos,rift_enhanced_trend,-0.5879536161621737,-0.001955307262569872,0.11640605747323973,5.0,0.0010914269469994972,1.3581898406198054,-0.6869500122389101,-0.3569620253164557,0.11406610432427126
2026-08-07,2026-08-06,oos,pure_trend,-0.5798902681254602,-0.016932549678141617,0.10705974411344987,5.0,0.009765490900848491,1.534695005658136,-0.5798902681254602,0.0,0.11406610432427126
2026-08-07,2026-08-06,oos,zero_shot_llm,-0.4059231876878221,-0.016932549678141617,0.07494182087941492,5.0,0.006835843630593944,1.414484590361674,-0.5798902681254602,0.0,0.11406610432427126
2026-08-07,2026-08-06,oos,rift_enhanced_trend,-0.5315835650463127,-0.016932549678141617,0.05637005111586102,5.0,0.008972880097672385,1.3703767152095636,-0.5798902681254602,-0.41886792452830185,0.11406610432427126
2026-08-10,2026-08-07,oos,pure_trend,-0.5855151375127787,0.04270462633451966,0.005624869387318543,5.0,-0.02500701759538177,1.4963168606480985,-0.5855151375127787,0.0,0.11406610432427126
2026-08-10,2026-08-07,oos,zero_shot_llm,-0.4098605962589451,0.04270462633451966,0.003937408571123013,5.0,-0.01750491231676724,1.3897241616339746,-0.5855151375127787,0.0,0.11406610432427126
2026-08-10,2026-08-07,oos,rift_enhanced_trend,-0.5898605962589452,0.04270462633451966,0.0582770312126325,5.0,-0.025218914868301533,1.335817301491191,-0.5855151375127787,-0.6000000000000001,0.11406610432427126
2026-08-11,2026-08-10,oos,pure_trend,-0.32623043514020006,-0.0020477815699658786,0.25928470237257867,5.0,0.0005384063214557613,1.4971224871047724,-0.32623043514020006,0.0,0.11406610432427126
2026-08-11,2026-08-10,oos,zero_shot_llm,-0.22836130459814002,-0.0020477815699658786,0.18149929166080508,5.0,0.00037688442501903285,1.390247927025567,-0.32623043514020006,0.0,0.11406610432427126
2026-08-11,2026-08-10,oos,rift_enhanced_trend,-0.40836130459814,-0.0020477815699658786,0.18149929166080514,5.0,0.0007454851076128909,1.3368131333959443,-0.32623043514020006,-0.6,0.11406610432427126
2026-08-12,2026-08-11,oos,pure_trend,-0.39603753361917915,0.026675786593707285,0.06980709847897909,5.0,-0.010599516279162887,1.4812537129308045,-0.39603753361917915,0.0,0.11406610432427126
2026-08-12,2026-08-11,oos,zero_shot_llm,-0.2772262735334254,0.026675786593707285,0.04886496893528536,5.0,-0.00741966139541402,1.379932758151361,-0.39603753361917915,0.0,0.11406610432427126
2026-08-12,2026-08-11,oos,rift_enhanced_trend,-0.2772262735334254,0.026675786593707285,0.13113503106471464,5.0,-0.007460796426478735,1.326839442747434,-0.39603753361917915,0.0,0.11406610432427126
2026-08-13,2026-08-12,oos,pure_trend,0.07671998099667914,0.02219233355749828,0.4727575146158583,5.0,0.0014662166514953032,1.483425551789793,0.07671998099667914,0.0,0.11406610432427126
2026-08-13,2026-08-12,oos,zero_shot_llm,0.05370398669767539,0.02219233355749828,0.3309302602311008,5.0,0.0010263516560467124,1.3813490544229228,0.07671998099667914,0.0,0.11406610432427126
2026-08-13,2026-08-12,oos,rift_enhanced_trend,0.05370398669767539,0.02219233355749828,0.3309302602311008,5.0,0.0010263516560467124,1.3282012466068058,0.07671998099667914,0.0,0.11406610432427126
