doc_id,stock_code,stock_name,industry,confidence,evidence
HIST-POLICY-2015-01,601012,隆基绿能,光伏,0.78,"产业主题映射""光伏""→光伏"
HIST-POLICY-2015-01,300274,阳光电源,光伏,0.78,"产业主题映射""光伏""→光伏"
HIST-POLICY-2015-01,600438,通威股份,光伏,0.78,"产业主题映射""光伏""→光伏"
HIST-POLICY-2015-01,688599,天合光能,光伏,0.78,"产业主题映射""光伏""→光伏"
HIST-POLICY-2015-01,002459,晶澳科技,光伏,0.78,"产业主题映射""光伏""→光伏"
HIST-POLICY-2015-01,002129,TCL中环,光伏,0.78,"产业主题映射""光伏""→光伏"
HIST-POLICY-2015-02,601012,隆基绿能,光伏,0.78,"产业主题映射""光伏""→光伏"
HIST-POLICY-2015-02,300274,阳光电源,光伏,0.78,"产业主题映射""光伏""→光伏"
HIST-POLICY-2015-02,600438,通威股份,光伏,0.78,"产业主题映射""光伏""→光伏"
HIST-POLICY-2015-02,688599,天合光能,光伏,0.78,"产业主题映射""光伏""→光伏"
HIST-POLICY-2015-02,002459,晶澳科技,光伏,0.78,"产业主题映射""光伏""→光伏"
HIST-POLICY-2015-02,002129,TCL中环,光伏,0.78,"产业主题映射""光伏""→光伏"
HIST-POLICY-2015-02,002202,金风科技,风电,0.78,"产业主题映射""风电""→风电"
HIST-POLICY-2015-02,601615,明阳智能,风电,0.78,"产业主题映射""风电""→风电"
HIST-POLICY-2015-02,688349,三一重能,风电,0.78,"产业主题映射""风电""→风电"
HIST-POLICY-2015-02,002080,中材科技,风电,0.78,"产业主题映射""风电""→风电"
HIST-POLICY-2015-02,300772,运达股份,风电,0.78,"产业主题映射""风电""→风电"
HIST-NBS-012,002594,比亚迪,整车,0.70,"产业主题映射""新能源汽车""→整车"
HIST-NBS-012,600104,上汽集团,整车,0.70,"产业主题映射""新能源汽车""→整车"
HIST-NBS-012,601633,长城汽车,整车,0.70,"产业主题映射""新能源汽车""→整车"
HIST-NBS-012,601127,赛力斯,整车,0.70,"产业主题映射""新能源汽车""→整车"
HIST-NBS-012,000625,长安汽车,整车,0.70,"产业主题映射""新能源汽车""→整车"
HIST-POLICY-2016-01,002202,金风科技,风电,0.78,"产业主题映射""风电""→风电"
HIST-POLICY-2016-01,601615,明阳智能,风电,0.78,"产业主题映射""风电""→风电"
HIST-POLICY-2016-01,688349,三一重能,风电,0.78,"产业主题映射""风电""→风电"
HIST-POLICY-2016-01,002080,中材科技,风电,0.78,"产业主题映射""风电""→风电"
HIST-POLICY-2016-01,300772,运达股份,风电,0.78,"产业主题映射""风电""→风电"
HIST-NBS-013,002594,比亚迪,整车,0.70,"产业主题映射""新能源汽车""→整车"
HIST-NBS-013,600104,上汽集团,整车,0.70,"产业主题映射""新能源汽车""→整车"
HIST-NBS-013,601633,长城汽车,整车,0.70,"产业主题映射""新能源汽车""→整车"
HIST-NBS-013,601127,赛力斯,整车,0.70,"产业主题映射""新能源汽车""→整车"
HIST-NBS-013,000625,长安汽车,整车,0.70,"产业主题映射""新能源汽车""→整车"
HIST-NBS-014,002594,比亚迪,整车,0.70,"产业主题映射""新能源汽车""→整车"
HIST-NBS-014,600104,上汽集团,整车,0.70,"产业主题映射""新能源汽车""→整车"
HIST-NBS-014,601633,长城汽车,整车,0.70,"产业主题映射""新能源汽车""→整车"
HIST-NBS-014,601127,赛力斯,整车,0.70,"产业主题映射""新能源汽车""→整车"
HIST-NBS-014,000625,长安汽车,整车,0.70,"产业主题映射""新能源汽车""→整车"
HIST-POLICY-2016-02,601012,隆基绿能,光伏,0.78,"产业主题映射""光伏""→光伏"
HIST-POLICY-2016-02,300274,阳光电源,光伏,0.78,"产业主题映射""光伏""→光伏"
HIST-POLICY-2016-02,600438,通威股份,光伏,0.78,"产业主题映射""光伏""→光伏"
HIST-POLICY-2016-02,688599,天合光能,光伏,0.78,"产业主题映射""光伏""→光伏"
HIST-POLICY-2016-02,002459,晶澳科技,光伏,0.78,"产业主题映射""光伏""→光伏"
HIST-POLICY-2016-02,002129,TCL中环,光伏,0.78,"产业主题映射""光伏""→光伏"
HIST-POLICY-2016-02,002202,金风科技,风电,0.78,"产业主题映射""风电""→风电"
HIST-POLICY-2016-02,601615,明阳智能,风电,0.78,"产业主题映射""风电""→风电"
HIST-POLICY-2016-02,688349,三一重能,风电,0.78,"产业主题映射""风电""→风电"
HIST-POLICY-2016-02,002080,中材科技,风电,0.78,"产业主题映射""风电""→风电"
HIST-POLICY-2016-02,300772,运达股份,风电,0.78,"产业主题映射""风电""→风电"
HIST-NBS-015,002594,比亚迪,整车,0.70,"产业主题映射""新能源汽车""→整车"
HIST-NBS-015,600104,上汽集团,整车,0.70,"产业主题映射""新能源汽车""→整车"
HIST-NBS-015,601633,长城汽车,整车,0.70,"产业主题映射""新能源汽车""→整车"
HIST-NBS-015,601127,赛力斯,整车,0.70,"产业主题映射""新能源汽车""→整车"
HIST-NBS-015,000625,长安汽车,整车,0.70,"产业主题映射""新能源汽车""→整车"
HIST-NBS-016,002594,比亚迪,整车,0.70,"产业主题映射""新能源汽车""→整车"
HIST-NBS-016,600104,上汽集团,整车,0.70,"产业主题映射""新能源汽车""→整车"
HIST-NBS-016,601633,长城汽车,整车,0.70,"产业主题映射""新能源汽车""→整车"
HIST-NBS-016,601127,赛力斯,整车,0.70,"产业主题映射""新能源汽车""→整车"
HIST-NBS-016,000625,长安汽车,整车,0.70,"产业主题映射""新能源汽车""→整车"
HIST-NBS-017,002594,比亚迪,整车,0.70,"产业主题映射""新能源汽车""→整车"
HIST-NBS-017,600104,上汽集团,整车,0.70,"产业主题映射""新能源汽车""→整车"
HIST-NBS-017,601633,长城汽车,整车,0.70,"产业主题映射""新能源汽车""→整车"
HIST-NBS-017,601127,赛力斯,整车,0.70,"产业主题映射""新能源汽车""→整车"
HIST-NBS-017,000625,长安汽车,整车,0.70,"产业主题映射""新能源汽车""→整车"
HIST-NBS-018,002594,比亚迪,整车,0.70,"产业主题映射""新能源汽车""→整车"
HIST-NBS-018,600104,上汽集团,整车,0.70,"产业主题映射""新能源汽车""→整车"
HIST-NBS-018,601633,长城汽车,整车,0.70,"产业主题映射""新能源汽车""→整车"
HIST-NBS-018,601127,赛力斯,整车,0.70,"产业主题映射""新能源汽车""→整车"
HIST-NBS-018,000625,长安汽车,整车,0.70,"产业主题映射""新能源汽车""→整车"
HIST-NBS-019,002594,比亚迪,整车,0.70,"产业主题映射""新能源汽车""→整车"
HIST-NBS-019,600104,上汽集团,整车,0.70,"产业主题映射""新能源汽车""→整车"
HIST-NBS-019,601633,长城汽车,整车,0.70,"产业主题映射""新能源汽车""→整车"
HIST-NBS-019,601127,赛力斯,整车,0.70,"产业主题映射""新能源汽车""→整车"
HIST-NBS-019,000625,长安汽车,整车,0.70,"产业主题映射""新能源汽车""→整车"
HIST-NBS-020,002594,比亚迪,整车,0.70,"产业主题映射""新能源汽车""→整车"
HIST-NBS-020,600104,上汽集团,整车,0.70,"产业主题映射""新能源汽车""→整车"
HIST-NBS-020,601633,长城汽车,整车,0.70,"产业主题映射""新能源汽车""→整车"
HIST-NBS-020,601127,赛力斯,整车,0.70,"产业主题映射""新能源汽车""→整车"
HIST-NBS-020,000625,长安汽车,整车,0.70,"产业主题映射""新能源汽车""→整车"
HIST-NBS-021,002594,比亚迪,整车,0.70,"产业主题映射""新能源汽车""→整车"
HIST-NBS-021,600104,上汽集团,整车,0.70,"产业主题映射""新能源汽车""→整车"
HIST-NBS-021,601633,长城汽车,整车,0.70,"产业主题映射""新能源汽车""→整车"
HIST-NBS-021,601127,赛力斯,整车,0.70,"产业主题映射""新能源汽车""→整车"
HIST-NBS-021,000625,长安汽车,整车,0.70,"产业主题映射""新能源汽车""→整车"
HIST-NBS-022,002594,比亚迪,整车,0.70,"产业主题映射""新能源汽车""→整车"
HIST-NBS-022,600104,上汽集团,整车,0.70,"产业主题映射""新能源汽车""→整车"
HIST-NBS-022,601633,长城汽车,整车,0.70,"产业主题映射""新能源汽车""→整车"
HIST-NBS-022,601127,赛力斯,整车,0.70,"产业主题映射""新能源汽车""→整车"
HIST-NBS-022,000625,长安汽车,整车,0.70,"产业主题映射""新能源汽车""→整车"
HIST-POLICY-2017-01,601012,隆基绿能,光伏,0.78,"产业主题映射""光伏""→光伏"
HIST-POLICY-2017-01,300274,阳光电源,光伏,0.78,"产业主题映射""光伏""→光伏"
HIST-POLICY-2017-01,600438,通威股份,光伏,0.78,"产业主题映射""光伏""→光伏"
HIST-POLICY-2017-01,688599,天合光能,光伏,0.78,"产业主题映射""光伏""→光伏"
HIST-POLICY-2017-01,002459,晶澳科技,光伏,0.78,"产业主题映射""光伏""→光伏"
HIST-POLICY-2017-01,002129,TCL中环,光伏,0.78,"产业主题映射""光伏""→光伏"
HIST-POLICY-2017-01,002202,金风科技,风电,0.78,"产业主题映射""风电""→风电"
HIST-POLICY-2017-01,601615,明阳智能,风电,0.78,"产业主题映射""风电""→风电"
HIST-POLICY-2017-01,688349,三一重能,风电,0.78,"产业主题映射""风电""→风电"
HIST-POLICY-2017-01,002080,中材科技,风电,0.78,"产业主题映射""风电""→风电"
HIST-POLICY-2017-01,300772,运达股份,风电,0.78,"产业主题映射""风电""→风电"
HIST-POLICY-2017-02,601012,隆基绿能,光伏,0.78,"产业主题映射""光伏""→光伏"
HIST-POLICY-2017-02,300274,阳光电源,光伏,0.78,"产业主题映射""光伏""→光伏"
HIST-POLICY-2017-02,600438,通威股份,光伏,0.78,"产业主题映射""光伏""→光伏"
HIST-POLICY-2017-02,688599,天合光能,光伏,0.78,"产业主题映射""光伏""→光伏"
HIST-POLICY-2017-02,002459,晶澳科技,光伏,0.78,"产业主题映射""光伏""→光伏"
HIST-POLICY-2017-02,002129,TCL中环,光伏,0.78,"产业主题映射""光伏""→光伏"
HIST-POLICY-2017-02,002202,金风科技,风电,0.78,"产业主题映射""风电""→风电"
HIST-POLICY-2017-02,601615,明阳智能,风电,0.78,"产业主题映射""风电""→风电"
HIST-POLICY-2017-02,688349,三一重能,风电,0.78,"产业主题映射""风电""→风电"
HIST-POLICY-2017-02,002080,中材科技,风电,0.78,"产业主题映射""风电""→风电"
HIST-POLICY-2017-02,300772,运达股份,风电,0.78,"产业主题映射""风电""→风电"
HIST-NBS-023,002594,比亚迪,整车,0.70,"产业主题映射""新能源汽车""→整车"
HIST-NBS-023,600104,上汽集团,整车,0.70,"产业主题映射""新能源汽车""→整车"
HIST-NBS-023,601633,长城汽车,整车,0.70,"产业主题映射""新能源汽车""→整车"
HIST-NBS-023,601127,赛力斯,整车,0.70,"产业主题映射""新能源汽车""→整车"
HIST-NBS-023,000625,长安汽车,整车,0.70,"产业主题映射""新能源汽车""→整车"
HIST-NBS-024,002594,比亚迪,整车,0.70,"产业主题映射""新能源汽车""→整车"
HIST-NBS-024,600104,上汽集团,整车,0.70,"产业主题映射""新能源汽车""→整车"
HIST-NBS-024,601633,长城汽车,整车,0.70,"产业主题映射""新能源汽车""→整车"
HIST-NBS-024,601127,赛力斯,整车,0.70,"产业主题映射""新能源汽车""→整车"
HIST-NBS-024,000625,长安汽车,整车,0.70,"产业主题映射""新能源汽车""→整车"
HIST-NBS-025,002594,比亚迪,整车,0.70,"产业主题映射""新能源汽车""→整车"
HIST-NBS-025,600104,上汽集团,整车,0.70,"产业主题映射""新能源汽车""→整车"
HIST-NBS-025,601633,长城汽车,整车,0.70,"产业主题映射""新能源汽车""→整车"
HIST-NBS-025,601127,赛力斯,整车,0.70,"产业主题映射""新能源汽车""→整车"
HIST-NBS-025,000625,长安汽车,整车,0.70,"产业主题映射""新能源汽车""→整车"
HIST-NBS-026,002594,比亚迪,整车,0.70,"产业主题映射""新能源汽车""→整车"
HIST-NBS-026,600104,上汽集团,整车,0.70,"产业主题映射""新能源汽车""→整车"
HIST-NBS-026,601633,长城汽车,整车,0.70,"产业主题映射""新能源汽车""→整车"
HIST-NBS-026,601127,赛力斯,整车,0.70,"产业主题映射""新能源汽车""→整车"
HIST-NBS-026,000625,长安汽车,整车,0.70,"产业主题映射""新能源汽车""→整车"
HIST-NBS-027,002594,比亚迪,整车,0.70,"产业主题映射""新能源汽车""→整车"
HIST-NBS-027,600104,上汽集团,整车,0.70,"产业主题映射""新能源汽车""→整车"
HIST-NBS-027,601633,长城汽车,整车,0.70,"产业主题映射""新能源汽车""→整车"
HIST-NBS-027,601127,赛力斯,整车,0.70,"产业主题映射""新能源汽车""→整车"
HIST-NBS-027,000625,长安汽车,整车,0.70,"产业主题映射""新能源汽车""→整车"
HIST-NBS-028,002594,比亚迪,整车,0.70,"产业主题映射""新能源汽车""→整车"
HIST-NBS-028,600104,上汽集团,整车,0.70,"产业主题映射""新能源汽车""→整车"
HIST-NBS-028,601633,长城汽车,整车,0.70,"产业主题映射""新能源汽车""→整车"
HIST-NBS-028,601127,赛力斯,整车,0.70,"产业主题映射""新能源汽车""→整车"
HIST-NBS-028,000625,长安汽车,整车,0.70,"产业主题映射""新能源汽车""→整车"
HIST-NBS-029,002594,比亚迪,整车,0.70,"产业主题映射""新能源汽车""→整车"
HIST-NBS-029,600104,上汽集团,整车,0.70,"产业主题映射""新能源汽车""→整车"
HIST-NBS-029,601633,长城汽车,整车,0.70,"产业主题映射""新能源汽车""→整车"
HIST-NBS-029,601127,赛力斯,整车,0.70,"产业主题映射""新能源汽车""→整车"
HIST-NBS-029,000625,长安汽车,整车,0.70,"产业主题映射""新能源汽车""→整车"
HIST-NBS-030,002594,比亚迪,整车,0.70,"产业主题映射""新能源汽车""→整车"
HIST-NBS-030,600104,上汽集团,整车,0.70,"产业主题映射""新能源汽车""→整车"
HIST-NBS-030,601633,长城汽车,整车,0.70,"产业主题映射""新能源汽车""→整车"
HIST-NBS-030,601127,赛力斯,整车,0.70,"产业主题映射""新能源汽车""→整车"
HIST-NBS-030,000625,长安汽车,整车,0.70,"产业主题映射""新能源汽车""→整车"
HIST-NBS-031,002594,比亚迪,整车,0.70,"产业主题映射""新能源汽车""→整车"
HIST-NBS-031,600104,上汽集团,整车,0.70,"产业主题映射""新能源汽车""→整车"
HIST-NBS-031,601633,长城汽车,整车,0.70,"产业主题映射""新能源汽车""→整车"
HIST-NBS-031,601127,赛力斯,整车,0.70,"产业主题映射""新能源汽车""→整车"
HIST-NBS-031,000625,长安汽车,整车,0.70,"产业主题映射""新能源汽车""→整车"
HIST-NBS-032,002594,比亚迪,整车,0.70,"产业主题映射""新能源汽车""→整车"
HIST-NBS-032,600104,上汽集团,整车,0.70,"产业主题映射""新能源汽车""→整车"
HIST-NBS-032,601633,长城汽车,整车,0.70,"产业主题映射""新能源汽车""→整车"
HIST-NBS-032,601127,赛力斯,整车,0.70,"产业主题映射""新能源汽车""→整车"
HIST-NBS-032,000625,长安汽车,整车,0.70,"产业主题映射""新能源汽车""→整车"
HIST-NBS-033,002594,比亚迪,整车,0.70,"产业主题映射""新能源汽车""→整车"
HIST-NBS-033,600104,上汽集团,整车,0.70,"产业主题映射""新能源汽车""→整车"
HIST-NBS-033,601633,长城汽车,整车,0.70,"产业主题映射""新能源汽车""→整车"
HIST-NBS-033,601127,赛力斯,整车,0.70,"产业主题映射""新能源汽车""→整车"
HIST-NBS-033,000625,长安汽车,整车,0.70,"产业主题映射""新能源汽车""→整车"
HIST-NBS-034,002594,比亚迪,整车,0.70,"产业主题映射""新能源汽车""→整车"
HIST-NBS-034,600104,上汽集团,整车,0.70,"产业主题映射""新能源汽车""→整车"
HIST-NBS-034,601633,长城汽车,整车,0.70,"产业主题映射""新能源汽车""→整车"
HIST-NBS-034,601127,赛力斯,整车,0.70,"产业主题映射""新能源汽车""→整车"
HIST-NBS-034,000625,长安汽车,整车,0.70,"产业主题映射""新能源汽车""→整车"
HIST-NBS-035,002594,比亚迪,整车,0.70,"产业主题映射""新能源汽车""→整车"
HIST-NBS-035,600104,上汽集团,整车,0.70,"产业主题映射""新能源汽车""→整车"
HIST-NBS-035,601633,长城汽车,整车,0.70,"产业主题映射""新能源汽车""→整车"
HIST-NBS-035,601127,赛力斯,整车,0.70,"产业主题映射""新能源汽车""→整车"
HIST-NBS-035,000625,长安汽车,整车,0.70,"产业主题映射""新能源汽车""→整车"
HIST-NBS-036,002594,比亚迪,整车,0.70,"产业主题映射""新能源汽车""→整车"
HIST-NBS-036,600104,上汽集团,整车,0.70,"产业主题映射""新能源汽车""→整车"
HIST-NBS-036,601633,长城汽车,整车,0.70,"产业主题映射""新能源汽车""→整车"
HIST-NBS-036,601127,赛力斯,整车,0.70,"产业主题映射""新能源汽车""→整车"
HIST-NBS-036,000625,长安汽车,整车,0.70,"产业主题映射""新能源汽车""→整车"
HIST-POLICY-2018-01,601012,隆基绿能,光伏,0.78,"产业主题映射""光伏""→光伏"
HIST-POLICY-2018-01,300274,阳光电源,光伏,0.78,"产业主题映射""光伏""→光伏"
HIST-POLICY-2018-01,600438,通威股份,光伏,0.78,"产业主题映射""光伏""→光伏"
HIST-POLICY-2018-01,688599,天合光能,光伏,0.78,"产业主题映射""光伏""→光伏"
HIST-POLICY-2018-01,002459,晶澳科技,光伏,0.78,"产业主题映射""光伏""→光伏"
HIST-POLICY-2018-01,002129,TCL中环,光伏,0.78,"产业主题映射""光伏""→光伏"
HIST-NBS-037,002594,比亚迪,整车,0.70,"产业主题映射""新能源汽车""→整车"
HIST-NBS-037,600104,上汽集团,整车,0.70,"产业主题映射""新能源汽车""→整车"
HIST-NBS-037,601633,长城汽车,整车,0.70,"产业主题映射""新能源汽车""→整车"
HIST-NBS-037,601127,赛力斯,整车,0.70,"产业主题映射""新能源汽车""→整车"
HIST-NBS-037,000625,长安汽车,整车,0.70,"产业主题映射""新能源汽车""→整车"
HIST-NBS-038,002594,比亚迪,整车,0.70,"产业主题映射""新能源汽车""→整车"
HIST-NBS-038,600104,上汽集团,整车,0.70,"产业主题映射""新能源汽车""→整车"
HIST-NBS-038,601633,长城汽车,整车,0.70,"产业主题映射""新能源汽车""→整车"
HIST-NBS-038,601127,赛力斯,整车,0.70,"产业主题映射""新能源汽车""→整车"
HIST-NBS-038,000625,长安汽车,整车,0.70,"产业主题映射""新能源汽车""→整车"
HIST-NBS-039,002594,比亚迪,整车,0.70,"产业主题映射""新能源汽车""→整车"
HIST-NBS-039,600104,上汽集团,整车,0.70,"产业主题映射""新能源汽车""→整车"
HIST-NBS-039,601633,长城汽车,整车,0.70,"产业主题映射""新能源汽车""→整车"
HIST-NBS-039,601127,赛力斯,整车,0.70,"产业主题映射""新能源汽车""→整车"
HIST-NBS-039,000625,长安汽车,整车,0.70,"产业主题映射""新能源汽车""→整车"
HIST-NBS-040,002594,比亚迪,整车,0.70,"产业主题映射""新能源汽车""→整车"
HIST-NBS-040,600104,上汽集团,整车,0.70,"产业主题映射""新能源汽车""→整车"
HIST-NBS-040,601633,长城汽车,整车,0.70,"产业主题映射""新能源汽车""→整车"
HIST-NBS-040,601127,赛力斯,整车,0.70,"产业主题映射""新能源汽车""→整车"
HIST-NBS-040,000625,长安汽车,整车,0.70,"产业主题映射""新能源汽车""→整车"
HIST-NBS-041,002594,比亚迪,整车,0.70,"产业主题映射""新能源汽车""→整车"
HIST-NBS-041,600104,上汽集团,整车,0.70,"产业主题映射""新能源汽车""→整车"
HIST-NBS-041,601633,长城汽车,整车,0.70,"产业主题映射""新能源汽车""→整车"
HIST-NBS-041,601127,赛力斯,整车,0.70,"产业主题映射""新能源汽车""→整车"
HIST-NBS-041,000625,长安汽车,整车,0.70,"产业主题映射""新能源汽车""→整车"
HIST-POLICY-2018-02,601012,隆基绿能,光伏,0.78,"产业主题映射""光伏""→光伏"
HIST-POLICY-2018-02,300274,阳光电源,光伏,0.78,"产业主题映射""光伏""→光伏"
HIST-POLICY-2018-02,600438,通威股份,光伏,0.78,"产业主题映射""光伏""→光伏"
HIST-POLICY-2018-02,688599,天合光能,光伏,0.78,"产业主题映射""光伏""→光伏"
HIST-POLICY-2018-02,002459,晶澳科技,光伏,0.78,"产业主题映射""光伏""→光伏"
HIST-POLICY-2018-02,002129,TCL中环,光伏,0.78,"产业主题映射""光伏""→光伏"
HIST-POLICY-2018-02,002202,金风科技,风电,0.78,"产业主题映射""风电""→风电"
HIST-POLICY-2018-02,601615,明阳智能,风电,0.78,"产业主题映射""风电""→风电"
HIST-POLICY-2018-02,688349,三一重能,风电,0.78,"产业主题映射""风电""→风电"
HIST-POLICY-2018-02,002080,中材科技,风电,0.78,"产业主题映射""风电""→风电"
HIST-POLICY-2018-02,300772,运达股份,风电,0.78,"产业主题映射""风电""→风电"
HIST-NBS-042,002594,比亚迪,整车,0.70,"产业主题映射""新能源汽车""→整车"
HIST-NBS-042,600104,上汽集团,整车,0.70,"产业主题映射""新能源汽车""→整车"
HIST-NBS-042,601633,长城汽车,整车,0.70,"产业主题映射""新能源汽车""→整车"
HIST-NBS-042,601127,赛力斯,整车,0.70,"产业主题映射""新能源汽车""→整车"
HIST-NBS-042,000625,长安汽车,整车,0.70,"产业主题映射""新能源汽车""→整车"
HIST-NBS-043,002594,比亚迪,整车,0.70,"产业主题映射""新能源汽车""→整车"
HIST-NBS-043,600104,上汽集团,整车,0.70,"产业主题映射""新能源汽车""→整车"
HIST-NBS-043,601633,长城汽车,整车,0.70,"产业主题映射""新能源汽车""→整车"
HIST-NBS-043,601127,赛力斯,整车,0.70,"产业主题映射""新能源汽车""→整车"
HIST-NBS-043,000625,长安汽车,整车,0.70,"产业主题映射""新能源汽车""→整车"
HIST-POLICY-2019-01,601012,隆基绿能,光伏,0.78,"产业主题映射""光伏""→光伏"
HIST-POLICY-2019-01,300274,阳光电源,光伏,0.78,"产业主题映射""光伏""→光伏"
HIST-POLICY-2019-01,600438,通威股份,光伏,0.78,"产业主题映射""光伏""→光伏"
HIST-POLICY-2019-01,688599,天合光能,光伏,0.78,"产业主题映射""光伏""→光伏"
HIST-POLICY-2019-01,002459,晶澳科技,光伏,0.78,"产业主题映射""光伏""→光伏"
HIST-POLICY-2019-01,002129,TCL中环,光伏,0.78,"产业主题映射""光伏""→光伏"
HIST-POLICY-2019-01,002202,金风科技,风电,0.78,"产业主题映射""风电""→风电"
HIST-POLICY-2019-01,601615,明阳智能,风电,0.78,"产业主题映射""风电""→风电"
HIST-POLICY-2019-01,688349,三一重能,风电,0.78,"产业主题映射""风电""→风电"
HIST-POLICY-2019-01,002080,中材科技,风电,0.78,"产业主题映射""风电""→风电"
HIST-POLICY-2019-01,300772,运达股份,风电,0.78,"产业主题映射""风电""→风电"
HIST-NBS-044,002594,比亚迪,整车,0.70,"产业主题映射""新能源汽车""→整车"
HIST-NBS-044,600104,上汽集团,整车,0.70,"产业主题映射""新能源汽车""→整车"
HIST-NBS-044,601633,长城汽车,整车,0.70,"产业主题映射""新能源汽车""→整车"
HIST-NBS-044,601127,赛力斯,整车,0.70,"产业主题映射""新能源汽车""→整车"
HIST-NBS-044,000625,长安汽车,整车,0.70,"产业主题映射""新能源汽车""→整车"
HIST-NBS-045,002594,比亚迪,整车,0.70,"产业主题映射""新能源汽车""→整车"
HIST-NBS-045,600104,上汽集团,整车,0.70,"产业主题映射""新能源汽车""→整车"
HIST-NBS-045,601633,长城汽车,整车,0.70,"产业主题映射""新能源汽车""→整车"
HIST-NBS-045,601127,赛力斯,整车,0.70,"产业主题映射""新能源汽车""→整车"
HIST-NBS-045,000625,长安汽车,整车,0.70,"产业主题映射""新能源汽车""→整车"
HIST-NBS-046,002594,比亚迪,整车,0.70,"产业主题映射""新能源汽车""→整车"
HIST-NBS-046,600104,上汽集团,整车,0.70,"产业主题映射""新能源汽车""→整车"
HIST-NBS-046,601633,长城汽车,整车,0.70,"产业主题映射""新能源汽车""→整车"
HIST-NBS-046,601127,赛力斯,整车,0.70,"产业主题映射""新能源汽车""→整车"
HIST-NBS-046,000625,长安汽车,整车,0.70,"产业主题映射""新能源汽车""→整车"
HIST-POLICY-2019-02,601012,隆基绿能,光伏,0.78,"产业主题映射""光伏""→光伏"
HIST-POLICY-2019-02,300274,阳光电源,光伏,0.78,"产业主题映射""光伏""→光伏"
HIST-POLICY-2019-02,600438,通威股份,光伏,0.78,"产业主题映射""光伏""→光伏"
HIST-POLICY-2019-02,688599,天合光能,光伏,0.78,"产业主题映射""光伏""→光伏"
HIST-POLICY-2019-02,002459,晶澳科技,光伏,0.78,"产业主题映射""光伏""→光伏"
HIST-POLICY-2019-02,002129,TCL中环,光伏,0.78,"产业主题映射""光伏""→光伏"
HIST-POLICY-2019-02,002202,金风科技,风电,0.78,"产业主题映射""风电""→风电"
HIST-POLICY-2019-02,601615,明阳智能,风电,0.78,"产业主题映射""风电""→风电"
HIST-POLICY-2019-02,688349,三一重能,风电,0.78,"产业主题映射""风电""→风电"
HIST-POLICY-2019-02,002080,中材科技,风电,0.78,"产业主题映射""风电""→风电"
HIST-POLICY-2019-02,300772,运达股份,风电,0.78,"产业主题映射""风电""→风电"
HIST-NBS-047,002594,比亚迪,整车,0.70,"产业主题映射""新能源汽车""→整车"
HIST-NBS-047,600104,上汽集团,整车,0.70,"产业主题映射""新能源汽车""→整车"
HIST-NBS-047,601633,长城汽车,整车,0.70,"产业主题映射""新能源汽车""→整车"
HIST-NBS-047,601127,赛力斯,整车,0.70,"产业主题映射""新能源汽车""→整车"
HIST-NBS-047,000625,长安汽车,整车,0.70,"产业主题映射""新能源汽车""→整车"
HIST-NBS-048,002594,比亚迪,整车,0.70,"产业主题映射""新能源汽车""→整车"
HIST-NBS-048,600104,上汽集团,整车,0.70,"产业主题映射""新能源汽车""→整车"
HIST-NBS-048,601633,长城汽车,整车,0.70,"产业主题映射""新能源汽车""→整车"
HIST-NBS-048,601127,赛力斯,整车,0.70,"产业主题映射""新能源汽车""→整车"
HIST-NBS-048,000625,长安汽车,整车,0.70,"产业主题映射""新能源汽车""→整车"
HIST-NBS-049,002594,比亚迪,整车,0.70,"产业主题映射""新能源汽车""→整车"
HIST-NBS-049,600104,上汽集团,整车,0.70,"产业主题映射""新能源汽车""→整车"
HIST-NBS-049,601633,长城汽车,整车,0.70,"产业主题映射""新能源汽车""→整车"
HIST-NBS-049,601127,赛力斯,整车,0.70,"产业主题映射""新能源汽车""→整车"
HIST-NBS-049,000625,长安汽车,整车,0.70,"产业主题映射""新能源汽车""→整车"
HIST-POLICY-2020-01,601012,隆基绿能,光伏,0.78,"产业主题映射""光伏""→光伏"
HIST-POLICY-2020-01,300274,阳光电源,光伏,0.78,"产业主题映射""光伏""→光伏"
HIST-POLICY-2020-01,600438,通威股份,光伏,0.78,"产业主题映射""光伏""→光伏"
HIST-POLICY-2020-01,688599,天合光能,光伏,0.78,"产业主题映射""光伏""→光伏"
HIST-POLICY-2020-01,002459,晶澳科技,光伏,0.78,"产业主题映射""光伏""→光伏"
HIST-POLICY-2020-01,002129,TCL中环,光伏,0.78,"产业主题映射""光伏""→光伏"
HIST-POLICY-2020-01,002202,金风科技,风电,0.78,"产业主题映射""海上风电""→风电"
HIST-POLICY-2020-01,601615,明阳智能,风电,0.78,"产业主题映射""海上风电""→风电"
HIST-POLICY-2020-01,688349,三一重能,风电,0.78,"产业主题映射""海上风电""→风电"
HIST-POLICY-2020-01,002080,中材科技,风电,0.78,"产业主题映射""海上风电""→风电"
HIST-POLICY-2020-01,300772,运达股份,风电,0.78,"产业主题映射""海上风电""→风电"
HIST-NBS-050,002594,比亚迪,整车,0.70,"产业主题映射""新能源汽车""→整车"
HIST-NBS-050,600104,上汽集团,整车,0.70,"产业主题映射""新能源汽车""→整车"
HIST-NBS-050,601633,长城汽车,整车,0.70,"产业主题映射""新能源汽车""→整车"
HIST-NBS-050,601127,赛力斯,整车,0.70,"产业主题映射""新能源汽车""→整车"
HIST-NBS-050,000625,长安汽车,整车,0.70,"产业主题映射""新能源汽车""→整车"
HIST-POLICY-2020-02,601012,隆基绿能,光伏,0.78,"产业主题映射""光伏""→光伏"
HIST-POLICY-2020-02,300274,阳光电源,光伏,0.78,"产业主题映射""光伏""→光伏"
HIST-POLICY-2020-02,600438,通威股份,光伏,0.78,"产业主题映射""光伏""→光伏"
HIST-POLICY-2020-02,688599,天合光能,光伏,0.78,"产业主题映射""光伏""→光伏"
HIST-POLICY-2020-02,002459,晶澳科技,光伏,0.78,"产业主题映射""光伏""→光伏"
HIST-POLICY-2020-02,002129,TCL中环,光伏,0.78,"产业主题映射""光伏""→光伏"
HIST-POLICY-2020-02,002202,金风科技,风电,0.78,"产业主题映射""海上风电""→风电"
HIST-POLICY-2020-02,601615,明阳智能,风电,0.78,"产业主题映射""海上风电""→风电"
HIST-POLICY-2020-02,688349,三一重能,风电,0.78,"产业主题映射""海上风电""→风电"
HIST-POLICY-2020-02,002080,中材科技,风电,0.78,"产业主题映射""海上风电""→风电"
HIST-POLICY-2020-02,300772,运达股份,风电,0.78,"产业主题映射""海上风电""→风电"
HIST-NBS-051,002594,比亚迪,整车,0.70,"产业主题映射""新能源汽车""→整车"
HIST-NBS-051,600104,上汽集团,整车,0.70,"产业主题映射""新能源汽车""→整车"
HIST-NBS-051,601633,长城汽车,整车,0.70,"产业主题映射""新能源汽车""→整车"
HIST-NBS-051,601127,赛力斯,整车,0.70,"产业主题映射""新能源汽车""→整车"
HIST-NBS-051,000625,长安汽车,整车,0.70,"产业主题映射""新能源汽车""→整车"
HIST-NBS-052,002594,比亚迪,整车,0.70,"产业主题映射""新能源汽车""→整车"
HIST-NBS-052,600104,上汽集团,整车,0.70,"产业主题映射""新能源汽车""→整车"
HIST-NBS-052,601633,长城汽车,整车,0.70,"产业主题映射""新能源汽车""→整车"
HIST-NBS-052,601127,赛力斯,整车,0.70,"产业主题映射""新能源汽车""→整车"
HIST-NBS-052,000625,长安汽车,整车,0.70,"产业主题映射""新能源汽车""→整车"
HIST-NBS-053,002594,比亚迪,整车,0.70,"产业主题映射""新能源汽车""→整车"
HIST-NBS-053,600104,上汽集团,整车,0.70,"产业主题映射""新能源汽车""→整车"
HIST-NBS-053,601633,长城汽车,整车,0.70,"产业主题映射""新能源汽车""→整车"
HIST-NBS-053,601127,赛力斯,整车,0.70,"产业主题映射""新能源汽车""→整车"
HIST-NBS-053,000625,长安汽车,整车,0.70,"产业主题映射""新能源汽车""→整车"
HIST-NBS-054,002594,比亚迪,整车,0.70,"产业主题映射""新能源汽车""→整车"
HIST-NBS-054,600104,上汽集团,整车,0.70,"产业主题映射""新能源汽车""→整车"
HIST-NBS-054,601633,长城汽车,整车,0.70,"产业主题映射""新能源汽车""→整车"
HIST-NBS-054,601127,赛力斯,整车,0.70,"产业主题映射""新能源汽车""→整车"
HIST-NBS-054,000625,长安汽车,整车,0.70,"产业主题映射""新能源汽车""→整车"
HIST-NBS-055,002594,比亚迪,整车,0.70,"产业主题映射""新能源汽车""→整车"
HIST-NBS-055,600104,上汽集团,整车,0.70,"产业主题映射""新能源汽车""→整车"
HIST-NBS-055,601633,长城汽车,整车,0.70,"产业主题映射""新能源汽车""→整车"
HIST-NBS-055,601127,赛力斯,整车,0.70,"产业主题映射""新能源汽车""→整车"
HIST-NBS-055,000625,长安汽车,整车,0.70,"产业主题映射""新能源汽车""→整车"
HIST-NBS-056,002594,比亚迪,整车,0.70,"产业主题映射""新能源汽车""→整车"
HIST-NBS-056,600104,上汽集团,整车,0.70,"产业主题映射""新能源汽车""→整车"
HIST-NBS-056,601633,长城汽车,整车,0.70,"产业主题映射""新能源汽车""→整车"
HIST-NBS-056,601127,赛力斯,整车,0.70,"产业主题映射""新能源汽车""→整车"
HIST-NBS-056,000625,长安汽车,整车,0.70,"产业主题映射""新能源汽车""→整车"
HIST-NBS-057,002594,比亚迪,整车,0.70,"产业主题映射""新能源汽车""→整车"
HIST-NBS-057,600104,上汽集团,整车,0.70,"产业主题映射""新能源汽车""→整车"
HIST-NBS-057,601633,长城汽车,整车,0.70,"产业主题映射""新能源汽车""→整车"
HIST-NBS-057,601127,赛力斯,整车,0.70,"产业主题映射""新能源汽车""→整车"
HIST-NBS-057,000625,长安汽车,整车,0.70,"产业主题映射""新能源汽车""→整车"
HIST-NBS-058,002594,比亚迪,整车,0.70,"产业主题映射""新能源汽车""→整车"
HIST-NBS-058,600104,上汽集团,整车,0.70,"产业主题映射""新能源汽车""→整车"
HIST-NBS-058,601633,长城汽车,整车,0.70,"产业主题映射""新能源汽车""→整车"
HIST-NBS-058,601127,赛力斯,整车,0.70,"产业主题映射""新能源汽车""→整车"
HIST-NBS-058,000625,长安汽车,整车,0.70,"产业主题映射""新能源汽车""→整车"
HIST-NBS-059,002594,比亚迪,整车,0.70,"产业主题映射""新能源汽车""→整车"
HIST-NBS-059,600104,上汽集团,整车,0.70,"产业主题映射""新能源汽车""→整车"
HIST-NBS-059,601633,长城汽车,整车,0.70,"产业主题映射""新能源汽车""→整车"
HIST-NBS-059,601127,赛力斯,整车,0.70,"产业主题映射""新能源汽车""→整车"
HIST-NBS-059,000625,长安汽车,整车,0.70,"产业主题映射""新能源汽车""→整车"
HIST-NBS-060,002594,比亚迪,整车,0.70,"产业主题映射""新能源汽车""→整车"
HIST-NBS-060,600104,上汽集团,整车,0.70,"产业主题映射""新能源汽车""→整车"
HIST-NBS-060,601633,长城汽车,整车,0.70,"产业主题映射""新能源汽车""→整车"
HIST-NBS-060,601127,赛力斯,整车,0.70,"产业主题映射""新能源汽车""→整车"
HIST-NBS-060,000625,长安汽车,整车,0.70,"产业主题映射""新能源汽车""→整车"
HIST-NBS-061,002594,比亚迪,整车,0.70,"产业主题映射""新能源汽车""→整车"
HIST-NBS-061,600104,上汽集团,整车,0.70,"产业主题映射""新能源汽车""→整车"
HIST-NBS-061,601633,长城汽车,整车,0.70,"产业主题映射""新能源汽车""→整车"
HIST-NBS-061,601127,赛力斯,整车,0.70,"产业主题映射""新能源汽车""→整车"
HIST-NBS-061,000625,长安汽车,整车,0.70,"产业主题映射""新能源汽车""→整车"
HIST-NBS-062,002594,比亚迪,整车,0.70,"产业主题映射""新能源汽车""→整车"
HIST-NBS-062,600104,上汽集团,整车,0.70,"产业主题映射""新能源汽车""→整车"
HIST-NBS-062,601633,长城汽车,整车,0.70,"产业主题映射""新能源汽车""→整车"
HIST-NBS-062,601127,赛力斯,整车,0.70,"产业主题映射""新能源汽车""→整车"
HIST-NBS-062,000625,长安汽车,整车,0.70,"产业主题映射""新能源汽车""→整车"
HIST-POLICY-2021-01,300750,宁德时代,锂电,0.78,"产业主题映射""锂离子电池""→锂电"
HIST-POLICY-2021-01,300014,亿纬锂能,锂电,0.78,"产业主题映射""锂离子电池""→锂电"
HIST-POLICY-2021-01,002074,国轩高科,锂电,0.78,"产业主题映射""锂离子电池""→锂电"
HIST-POLICY-2021-01,603659,璞泰来,锂电,0.78,"产业主题映射""锂离子电池""→锂电"
HIST-POLICY-2021-01,300450,先导智能,锂电,0.78,"产业主题映射""锂离子电池""→锂电"
HIST-POLICY-2021-01,002812,恩捷股份,锂电,0.78,"产业主题映射""锂离子电池""→锂电"
HIST-POLICY-2021-01,300207,欣旺达,锂电,0.78,"产业主题映射""锂离子电池""→锂电"
HIST-POLICY-2021-01,300073,当升科技,锂电,0.78,"产业主题映射""锂离子电池""→锂电"
HIST-POLICY-2021-01,300438,鹏辉能源,锂电,0.78,"产业主题映射""锂离子电池""→锂电"
HIST-POLICY-2021-01,605117,德业股份,储能,0.78,"产业主题映射""新型储能""→储能"
HIST-POLICY-2021-01,300763,锦浪科技,储能,0.78,"产业主题映射""新型储能""→储能"
HIST-POLICY-2021-01,688390,固德威,储能,0.78,"产业主题映射""新型储能""→储能"
HIST-POLICY-2021-01,002335,科华数据,储能,0.78,"产业主题映射""新型储能""→储能"
HIST-POLICY-2021-01,688063,派能科技,储能,0.78,"产业主题映射""新型储能""→储能"
HIST-NBS-063,002594,比亚迪,整车,0.70,"产业主题映射""新能源汽车""→整车"
HIST-NBS-063,600104,上汽集团,整车,0.70,"产业主题映射""新能源汽车""→整车"
HIST-NBS-063,601633,长城汽车,整车,0.70,"产业主题映射""新能源汽车""→整车"
HIST-NBS-063,601127,赛力斯,整车,0.70,"产业主题映射""新能源汽车""→整车"
HIST-NBS-063,000625,长安汽车,整车,0.70,"产业主题映射""新能源汽车""→整车"
HIST-NBS-064,002594,比亚迪,整车,0.70,"产业主题映射""新能源汽车""→整车"
HIST-NBS-064,600104,上汽集团,整车,0.70,"产业主题映射""新能源汽车""→整车"
HIST-NBS-064,601633,长城汽车,整车,0.70,"产业主题映射""新能源汽车""→整车"
HIST-NBS-064,601127,赛力斯,整车,0.70,"产业主题映射""新能源汽车""→整车"
HIST-NBS-064,000625,长安汽车,整车,0.70,"产业主题映射""新能源汽车""→整车"
HIST-POLICY-2021-02,605117,德业股份,储能,0.78,"产业主题映射""新型储能""→储能"
HIST-POLICY-2021-02,300763,锦浪科技,储能,0.78,"产业主题映射""新型储能""→储能"
HIST-POLICY-2021-02,688390,固德威,储能,0.78,"产业主题映射""新型储能""→储能"
HIST-POLICY-2021-02,002335,科华数据,储能,0.78,"产业主题映射""新型储能""→储能"
HIST-POLICY-2021-02,688063,派能科技,储能,0.78,"产业主题映射""新型储能""→储能"
HIST-NBS-065,002594,比亚迪,整车,0.70,"产业主题映射""新能源汽车""→整车"
HIST-NBS-065,600104,上汽集团,整车,0.70,"产业主题映射""新能源汽车""→整车"
HIST-NBS-065,601633,长城汽车,整车,0.70,"产业主题映射""新能源汽车""→整车"
HIST-NBS-065,601127,赛力斯,整车,0.70,"产业主题映射""新能源汽车""→整车"
HIST-NBS-065,000625,长安汽车,整车,0.70,"产业主题映射""新能源汽车""→整车"
HIST-NBS-066,002594,比亚迪,整车,0.70,"产业主题映射""新能源汽车""→整车"
HIST-NBS-066,600104,上汽集团,整车,0.70,"产业主题映射""新能源汽车""→整车"
HIST-NBS-066,601633,长城汽车,整车,0.70,"产业主题映射""新能源汽车""→整车"
HIST-NBS-066,601127,赛力斯,整车,0.70,"产业主题映射""新能源汽车""→整车"
HIST-NBS-066,000625,长安汽车,整车,0.70,"产业主题映射""新能源汽车""→整车"
HIST-NBS-067,002594,比亚迪,整车,0.70,"产业主题映射""新能源汽车""→整车"
HIST-NBS-067,600104,上汽集团,整车,0.70,"产业主题映射""新能源汽车""→整车"
HIST-NBS-067,601633,长城汽车,整车,0.70,"产业主题映射""新能源汽车""→整车"
HIST-NBS-067,601127,赛力斯,整车,0.70,"产业主题映射""新能源汽车""→整车"
HIST-NBS-067,000625,长安汽车,整车,0.70,"产业主题映射""新能源汽车""→整车"
HIST-NBS-068,002594,比亚迪,整车,0.70,"产业主题映射""新能源汽车""→整车"
HIST-NBS-068,600104,上汽集团,整车,0.70,"产业主题映射""新能源汽车""→整车"
HIST-NBS-068,601633,长城汽车,整车,0.70,"产业主题映射""新能源汽车""→整车"
HIST-NBS-068,601127,赛力斯,整车,0.70,"产业主题映射""新能源汽车""→整车"
HIST-NBS-068,000625,长安汽车,整车,0.70,"产业主题映射""新能源汽车""→整车"
HIST-NBS-069,002594,比亚迪,整车,0.70,"产业主题映射""新能源汽车""→整车"
HIST-NBS-069,600104,上汽集团,整车,0.70,"产业主题映射""新能源汽车""→整车"
HIST-NBS-069,601633,长城汽车,整车,0.70,"产业主题映射""新能源汽车""→整车"
HIST-NBS-069,601127,赛力斯,整车,0.70,"产业主题映射""新能源汽车""→整车"
HIST-NBS-069,000625,长安汽车,整车,0.70,"产业主题映射""新能源汽车""→整车"
HIST-NBS-070,002594,比亚迪,整车,0.70,"产业主题映射""新能源汽车""→整车"
HIST-NBS-070,600104,上汽集团,整车,0.70,"产业主题映射""新能源汽车""→整车"
HIST-NBS-070,601633,长城汽车,整车,0.70,"产业主题映射""新能源汽车""→整车"
HIST-NBS-070,601127,赛力斯,整车,0.70,"产业主题映射""新能源汽车""→整车"
HIST-NBS-070,000625,长安汽车,整车,0.70,"产业主题映射""新能源汽车""→整车"
HIST-NBS-071,002594,比亚迪,整车,0.70,"产业主题映射""新能源汽车""→整车"
HIST-NBS-071,600104,上汽集团,整车,0.70,"产业主题映射""新能源汽车""→整车"
HIST-NBS-071,601633,长城汽车,整车,0.70,"产业主题映射""新能源汽车""→整车"
HIST-NBS-071,601127,赛力斯,整车,0.70,"产业主题映射""新能源汽车""→整车"
HIST-NBS-071,000625,长安汽车,整车,0.70,"产业主题映射""新能源汽车""→整车"
HIST-POLICY-2022-01,601012,隆基绿能,光伏,0.78,"产业主题映射""光伏""→光伏"
HIST-POLICY-2022-01,300274,阳光电源,光伏,0.78,"产业主题映射""光伏""→光伏"
HIST-POLICY-2022-01,600438,通威股份,光伏,0.78,"产业主题映射""光伏""→光伏"
HIST-POLICY-2022-01,688599,天合光能,光伏,0.78,"产业主题映射""光伏""→光伏"
HIST-POLICY-2022-01,002459,晶澳科技,光伏,0.78,"产业主题映射""光伏""→光伏"
HIST-POLICY-2022-01,002129,TCL中环,光伏,0.78,"产业主题映射""光伏""→光伏"
HIST-POLICY-2022-01,002202,金风科技,风电,0.78,"产业主题映射""风电""→风电"
HIST-POLICY-2022-01,601615,明阳智能,风电,0.78,"产业主题映射""风电""→风电"
HIST-POLICY-2022-01,688349,三一重能,风电,0.78,"产业主题映射""风电""→风电"
HIST-POLICY-2022-01,002080,中材科技,风电,0.78,"产业主题映射""风电""→风电"
HIST-POLICY-2022-01,300772,运达股份,风电,0.78,"产业主题映射""风电""→风电"
HIST-POLICY-2022-01,605117,德业股份,储能,0.78,"产业主题映射""新型储能""→储能"
HIST-POLICY-2022-01,300763,锦浪科技,储能,0.78,"产业主题映射""新型储能""→储能"
HIST-POLICY-2022-01,688390,固德威,储能,0.78,"产业主题映射""新型储能""→储能"
HIST-POLICY-2022-01,002335,科华数据,储能,0.78,"产业主题映射""新型储能""→储能"
HIST-POLICY-2022-01,688063,派能科技,储能,0.78,"产业主题映射""新型储能""→储能"
HIST-NBS-072,002594,比亚迪,整车,0.70,"产业主题映射""新能源汽车""→整车"
HIST-NBS-072,600104,上汽集团,整车,0.70,"产业主题映射""新能源汽车""→整车"
HIST-NBS-072,601633,长城汽车,整车,0.70,"产业主题映射""新能源汽车""→整车"
HIST-NBS-072,601127,赛力斯,整车,0.70,"产业主题映射""新能源汽车""→整车"
HIST-NBS-072,000625,长安汽车,整车,0.70,"产业主题映射""新能源汽车""→整车"
HIST-POLICY-2022-02,601012,隆基绿能,光伏,0.78,"产业主题映射""光伏""→光伏"
HIST-POLICY-2022-02,300274,阳光电源,光伏,0.78,"产业主题映射""光伏""→光伏"
HIST-POLICY-2022-02,600438,通威股份,光伏,0.78,"产业主题映射""光伏""→光伏"
HIST-POLICY-2022-02,688599,天合光能,光伏,0.78,"产业主题映射""光伏""→光伏"
HIST-POLICY-2022-02,002459,晶澳科技,光伏,0.78,"产业主题映射""光伏""→光伏"
HIST-POLICY-2022-02,002129,TCL中环,光伏,0.78,"产业主题映射""光伏""→光伏"
HIST-POLICY-2022-02,300750,宁德时代,锂电,0.78,"产业主题映射""锂离子电池""→锂电"
HIST-POLICY-2022-02,300014,亿纬锂能,锂电,0.78,"产业主题映射""锂离子电池""→锂电"
HIST-POLICY-2022-02,002074,国轩高科,锂电,0.78,"产业主题映射""锂离子电池""→锂电"
HIST-POLICY-2022-02,603659,璞泰来,锂电,0.78,"产业主题映射""锂离子电池""→锂电"
HIST-POLICY-2022-02,300450,先导智能,锂电,0.78,"产业主题映射""锂离子电池""→锂电"
HIST-POLICY-2022-02,002812,恩捷股份,锂电,0.78,"产业主题映射""锂离子电池""→锂电"
HIST-POLICY-2022-02,300207,欣旺达,锂电,0.78,"产业主题映射""锂离子电池""→锂电"
HIST-POLICY-2022-02,300073,当升科技,锂电,0.78,"产业主题映射""锂离子电池""→锂电"
HIST-POLICY-2022-02,300438,鹏辉能源,锂电,0.78,"产业主题映射""锂离子电池""→锂电"
HIST-POLICY-2022-02,002202,金风科技,风电,0.78,"产业主题映射""风电""→风电"
HIST-POLICY-2022-02,601615,明阳智能,风电,0.78,"产业主题映射""风电""→风电"
HIST-POLICY-2022-02,688349,三一重能,风电,0.78,"产业主题映射""风电""→风电"
HIST-POLICY-2022-02,002080,中材科技,风电,0.78,"产业主题映射""风电""→风电"
HIST-POLICY-2022-02,300772,运达股份,风电,0.78,"产业主题映射""风电""→风电"
HIST-POLICY-2022-02,605117,德业股份,储能,0.78,"产业主题映射""新型储能""→储能"
HIST-POLICY-2022-02,300763,锦浪科技,储能,0.78,"产业主题映射""新型储能""→储能"
HIST-POLICY-2022-02,688390,固德威,储能,0.78,"产业主题映射""新型储能""→储能"
HIST-POLICY-2022-02,002335,科华数据,储能,0.78,"产业主题映射""新型储能""→储能"
HIST-POLICY-2022-02,688063,派能科技,储能,0.78,"产业主题映射""新型储能""→储能"
HIST-NBS-073,002594,比亚迪,整车,0.70,"产业主题映射""新能源汽车""→整车"
HIST-NBS-073,600104,上汽集团,整车,0.70,"产业主题映射""新能源汽车""→整车"
HIST-NBS-073,601633,长城汽车,整车,0.70,"产业主题映射""新能源汽车""→整车"
HIST-NBS-073,601127,赛力斯,整车,0.70,"产业主题映射""新能源汽车""→整车"
HIST-NBS-073,000625,长安汽车,整车,0.70,"产业主题映射""新能源汽车""→整车"
HIST-NBS-074,002594,比亚迪,整车,0.70,"产业主题映射""新能源汽车""→整车"
HIST-NBS-074,600104,上汽集团,整车,0.70,"产业主题映射""新能源汽车""→整车"
HIST-NBS-074,601633,长城汽车,整车,0.70,"产业主题映射""新能源汽车""→整车"
HIST-NBS-074,601127,赛力斯,整车,0.70,"产业主题映射""新能源汽车""→整车"
HIST-NBS-074,000625,长安汽车,整车,0.70,"产业主题映射""新能源汽车""→整车"
HIST-NBS-075,002594,比亚迪,整车,0.70,"产业主题映射""新能源汽车""→整车"
HIST-NBS-075,600104,上汽集团,整车,0.70,"产业主题映射""新能源汽车""→整车"
HIST-NBS-075,601633,长城汽车,整车,0.70,"产业主题映射""新能源汽车""→整车"
HIST-NBS-075,601127,赛力斯,整车,0.70,"产业主题映射""新能源汽车""→整车"
HIST-NBS-075,000625,长安汽车,整车,0.70,"产业主题映射""新能源汽车""→整车"
HIST-NBS-076,002594,比亚迪,整车,0.70,"产业主题映射""新能源汽车""→整车"
HIST-NBS-076,600104,上汽集团,整车,0.70,"产业主题映射""新能源汽车""→整车"
HIST-NBS-076,601633,长城汽车,整车,0.70,"产业主题映射""新能源汽车""→整车"
HIST-NBS-076,601127,赛力斯,整车,0.70,"产业主题映射""新能源汽车""→整车"
HIST-NBS-076,000625,长安汽车,整车,0.70,"产业主题映射""新能源汽车""→整车"
HIST-NBS-077,002594,比亚迪,整车,0.70,"产业主题映射""新能源汽车""→整车"
HIST-NBS-077,600104,上汽集团,整车,0.70,"产业主题映射""新能源汽车""→整车"
HIST-NBS-077,601633,长城汽车,整车,0.70,"产业主题映射""新能源汽车""→整车"
HIST-NBS-077,601127,赛力斯,整车,0.70,"产业主题映射""新能源汽车""→整车"
HIST-NBS-077,000625,长安汽车,整车,0.70,"产业主题映射""新能源汽车""→整车"
HIST-NBS-078,002594,比亚迪,整车,0.70,"产业主题映射""新能源汽车""→整车"
HIST-NBS-078,600104,上汽集团,整车,0.70,"产业主题映射""新能源汽车""→整车"
HIST-NBS-078,601633,长城汽车,整车,0.70,"产业主题映射""新能源汽车""→整车"
HIST-NBS-078,601127,赛力斯,整车,0.70,"产业主题映射""新能源汽车""→整车"
HIST-NBS-078,000625,长安汽车,整车,0.70,"产业主题映射""新能源汽车""→整车"
HIST-NBS-079,002594,比亚迪,整车,0.70,"产业主题映射""新能源汽车""→整车"
HIST-NBS-079,600104,上汽集团,整车,0.70,"产业主题映射""新能源汽车""→整车"
HIST-NBS-079,601633,长城汽车,整车,0.70,"产业主题映射""新能源汽车""→整车"
HIST-NBS-079,601127,赛力斯,整车,0.70,"产业主题映射""新能源汽车""→整车"
HIST-NBS-079,000625,长安汽车,整车,0.70,"产业主题映射""新能源汽车""→整车"
HIST-NBS-080,601012,隆基绿能,光伏,0.70,"产业主题映射""光伏""→光伏"
HIST-NBS-080,300274,阳光电源,光伏,0.70,"产业主题映射""光伏""→光伏"
HIST-NBS-080,600438,通威股份,光伏,0.70,"产业主题映射""光伏""→光伏"
HIST-NBS-080,688599,天合光能,光伏,0.70,"产业主题映射""光伏""→光伏"
HIST-NBS-080,002459,晶澳科技,光伏,0.70,"产业主题映射""光伏""→光伏"
HIST-NBS-080,002129,TCL中环,光伏,0.70,"产业主题映射""光伏""→光伏"
HIST-NBS-080,002594,比亚迪,整车,0.70,"产业主题映射""新能源汽车""→整车"
HIST-NBS-080,600104,上汽集团,整车,0.70,"产业主题映射""新能源汽车""→整车"
HIST-NBS-080,601633,长城汽车,整车,0.70,"产业主题映射""新能源汽车""→整车"
HIST-NBS-080,601127,赛力斯,整车,0.70,"产业主题映射""新能源汽车""→整车"
HIST-NBS-080,000625,长安汽车,整车,0.70,"产业主题映射""新能源汽车""→整车"
HIST-NBS-081,601012,隆基绿能,光伏,0.70,"产业主题映射""光伏""→光伏"
HIST-NBS-081,300274,阳光电源,光伏,0.70,"产业主题映射""光伏""→光伏"
HIST-NBS-081,600438,通威股份,光伏,0.70,"产业主题映射""光伏""→光伏"
HIST-NBS-081,688599,天合光能,光伏,0.70,"产业主题映射""光伏""→光伏"
HIST-NBS-081,002459,晶澳科技,光伏,0.70,"产业主题映射""光伏""→光伏"
HIST-NBS-081,002129,TCL中环,光伏,0.70,"产业主题映射""光伏""→光伏"
HIST-NBS-081,002594,比亚迪,整车,0.70,"产业主题映射""新能源汽车""→整车"
HIST-NBS-081,600104,上汽集团,整车,0.70,"产业主题映射""新能源汽车""→整车"
HIST-NBS-081,601633,长城汽车,整车,0.70,"产业主题映射""新能源汽车""→整车"
HIST-NBS-081,601127,赛力斯,整车,0.70,"产业主题映射""新能源汽车""→整车"
HIST-NBS-081,000625,长安汽车,整车,0.70,"产业主题映射""新能源汽车""→整车"
HIST-NBS-082,601012,隆基绿能,光伏,0.70,"产业主题映射""光伏""→光伏"
HIST-NBS-082,300274,阳光电源,光伏,0.70,"产业主题映射""光伏""→光伏"
HIST-NBS-082,600438,通威股份,光伏,0.70,"产业主题映射""光伏""→光伏"
HIST-NBS-082,688599,天合光能,光伏,0.70,"产业主题映射""光伏""→光伏"
HIST-NBS-082,002459,晶澳科技,光伏,0.70,"产业主题映射""光伏""→光伏"
HIST-NBS-082,002129,TCL中环,光伏,0.70,"产业主题映射""光伏""→光伏"
HIST-NBS-082,002594,比亚迪,整车,0.70,"产业主题映射""新能源汽车""→整车"
HIST-NBS-082,600104,上汽集团,整车,0.70,"产业主题映射""新能源汽车""→整车"
HIST-NBS-082,601633,长城汽车,整车,0.70,"产业主题映射""新能源汽车""→整车"
HIST-NBS-082,601127,赛力斯,整车,0.70,"产业主题映射""新能源汽车""→整车"
HIST-NBS-082,000625,长安汽车,整车,0.70,"产业主题映射""新能源汽车""→整车"
HIST-POLICY-2023-01,605117,德业股份,储能,0.78,"产业主题映射""新型储能""→储能"
HIST-POLICY-2023-01,300763,锦浪科技,储能,0.78,"产业主题映射""新型储能""→储能"
HIST-POLICY-2023-01,688390,固德威,储能,0.78,"产业主题映射""新型储能""→储能"
HIST-POLICY-2023-01,002335,科华数据,储能,0.78,"产业主题映射""新型储能""→储能"
HIST-POLICY-2023-01,688063,派能科技,储能,0.78,"产业主题映射""新型储能""→储能"
HIST-NBS-083,601012,隆基绿能,光伏,0.70,"产业主题映射""光伏""→光伏"
HIST-NBS-083,300274,阳光电源,光伏,0.70,"产业主题映射""光伏""→光伏"
HIST-NBS-083,600438,通威股份,光伏,0.70,"产业主题映射""光伏""→光伏"
HIST-NBS-083,688599,天合光能,光伏,0.70,"产业主题映射""光伏""→光伏"
HIST-NBS-083,002459,晶澳科技,光伏,0.70,"产业主题映射""光伏""→光伏"
HIST-NBS-083,002129,TCL中环,光伏,0.70,"产业主题映射""光伏""→光伏"
HIST-NBS-083,002594,比亚迪,整车,0.70,"产业主题映射""新能源汽车""→整车"
HIST-NBS-083,600104,上汽集团,整车,0.70,"产业主题映射""新能源汽车""→整车"
HIST-NBS-083,601633,长城汽车,整车,0.70,"产业主题映射""新能源汽车""→整车"
HIST-NBS-083,601127,赛力斯,整车,0.70,"产业主题映射""新能源汽车""→整车"
HIST-NBS-083,000625,长安汽车,整车,0.70,"产业主题映射""新能源汽车""→整车"
HIST-POLICY-2023-02,601012,隆基绿能,光伏,0.78,"产业主题映射""光伏""→光伏"
HIST-POLICY-2023-02,300274,阳光电源,光伏,0.78,"产业主题映射""光伏""→光伏"
HIST-POLICY-2023-02,600438,通威股份,光伏,0.78,"产业主题映射""光伏""→光伏"
HIST-POLICY-2023-02,688599,天合光能,光伏,0.78,"产业主题映射""光伏""→光伏"
HIST-POLICY-2023-02,002459,晶澳科技,光伏,0.78,"产业主题映射""光伏""→光伏"
HIST-POLICY-2023-02,002129,TCL中环,光伏,0.78,"产业主题映射""光伏""→光伏"
HIST-POLICY-2023-02,002202,金风科技,风电,0.78,"产业主题映射""海上风电""→风电"
HIST-POLICY-2023-02,601615,明阳智能,风电,0.78,"产业主题映射""海上风电""→风电"
HIST-POLICY-2023-02,688349,三一重能,风电,0.78,"产业主题映射""海上风电""→风电"
HIST-POLICY-2023-02,002080,中材科技,风电,0.78,"产业主题映射""海上风电""→风电"
HIST-POLICY-2023-02,300772,运达股份,风电,0.78,"产业主题映射""海上风电""→风电"
HIST-NBS-084,601012,隆基绿能,光伏,0.70,"产业主题映射""光伏""→光伏"
HIST-NBS-084,300274,阳光电源,光伏,0.70,"产业主题映射""光伏""→光伏"
HIST-NBS-084,600438,通威股份,光伏,0.70,"产业主题映射""光伏""→光伏"
HIST-NBS-084,688599,天合光能,光伏,0.70,"产业主题映射""光伏""→光伏"
HIST-NBS-084,002459,晶澳科技,光伏,0.70,"产业主题映射""光伏""→光伏"
HIST-NBS-084,002129,TCL中环,光伏,0.70,"产业主题映射""光伏""→光伏"
HIST-NBS-084,002594,比亚迪,整车,0.70,"产业主题映射""新能源汽车""→整车"
HIST-NBS-084,600104,上汽集团,整车,0.70,"产业主题映射""新能源汽车""→整车"
HIST-NBS-084,601633,长城汽车,整车,0.70,"产业主题映射""新能源汽车""→整车"
HIST-NBS-084,601127,赛力斯,整车,0.70,"产业主题映射""新能源汽车""→整车"
HIST-NBS-084,000625,长安汽车,整车,0.70,"产业主题映射""新能源汽车""→整车"
HIST-NBS-085,601012,隆基绿能,光伏,0.70,"产业主题映射""光伏""→光伏"
HIST-NBS-085,300274,阳光电源,光伏,0.70,"产业主题映射""光伏""→光伏"
HIST-NBS-085,600438,通威股份,光伏,0.70,"产业主题映射""光伏""→光伏"
HIST-NBS-085,688599,天合光能,光伏,0.70,"产业主题映射""光伏""→光伏"
HIST-NBS-085,002459,晶澳科技,光伏,0.70,"产业主题映射""光伏""→光伏"
HIST-NBS-085,002129,TCL中环,光伏,0.70,"产业主题映射""光伏""→光伏"
HIST-NBS-085,002594,比亚迪,整车,0.70,"产业主题映射""新能源汽车""→整车"
HIST-NBS-085,600104,上汽集团,整车,0.70,"产业主题映射""新能源汽车""→整车"
HIST-NBS-085,601633,长城汽车,整车,0.70,"产业主题映射""新能源汽车""→整车"
HIST-NBS-085,601127,赛力斯,整车,0.70,"产业主题映射""新能源汽车""→整车"
HIST-NBS-085,000625,长安汽车,整车,0.70,"产业主题映射""新能源汽车""→整车"
HIST-NBS-086,601012,隆基绿能,光伏,0.70,"产业主题映射""光伏""→光伏"
HIST-NBS-086,300274,阳光电源,光伏,0.70,"产业主题映射""光伏""→光伏"
HIST-NBS-086,600438,通威股份,光伏,0.70,"产业主题映射""光伏""→光伏"
HIST-NBS-086,688599,天合光能,光伏,0.70,"产业主题映射""光伏""→光伏"
HIST-NBS-086,002459,晶澳科技,光伏,0.70,"产业主题映射""光伏""→光伏"
HIST-NBS-086,002129,TCL中环,光伏,0.70,"产业主题映射""光伏""→光伏"
HIST-NBS-086,002594,比亚迪,整车,0.70,"产业主题映射""新能源汽车""→整车"
HIST-NBS-086,600104,上汽集团,整车,0.70,"产业主题映射""新能源汽车""→整车"
HIST-NBS-086,601633,长城汽车,整车,0.70,"产业主题映射""新能源汽车""→整车"
HIST-NBS-086,601127,赛力斯,整车,0.70,"产业主题映射""新能源汽车""→整车"
HIST-NBS-086,000625,长安汽车,整车,0.70,"产业主题映射""新能源汽车""→整车"
HIST-NBS-087,601012,隆基绿能,光伏,0.70,"产业主题映射""光伏""→光伏"
HIST-NBS-087,300274,阳光电源,光伏,0.70,"产业主题映射""光伏""→光伏"
HIST-NBS-087,600438,通威股份,光伏,0.70,"产业主题映射""光伏""→光伏"
HIST-NBS-087,688599,天合光能,光伏,0.70,"产业主题映射""光伏""→光伏"
HIST-NBS-087,002459,晶澳科技,光伏,0.70,"产业主题映射""光伏""→光伏"
HIST-NBS-087,002129,TCL中环,光伏,0.70,"产业主题映射""光伏""→光伏"
HIST-NBS-087,002594,比亚迪,整车,0.70,"产业主题映射""新能源汽车""→整车"
HIST-NBS-087,600104,上汽集团,整车,0.70,"产业主题映射""新能源汽车""→整车"
HIST-NBS-087,601633,长城汽车,整车,0.70,"产业主题映射""新能源汽车""→整车"
HIST-NBS-087,601127,赛力斯,整车,0.70,"产业主题映射""新能源汽车""→整车"
HIST-NBS-087,000625,长安汽车,整车,0.70,"产业主题映射""新能源汽车""→整车"
HIST-NBS-088,601012,隆基绿能,光伏,0.70,"产业主题映射""光伏""→光伏"
HIST-NBS-088,300274,阳光电源,光伏,0.70,"产业主题映射""光伏""→光伏"
HIST-NBS-088,600438,通威股份,光伏,0.70,"产业主题映射""光伏""→光伏"
HIST-NBS-088,688599,天合光能,光伏,0.70,"产业主题映射""光伏""→光伏"
HIST-NBS-088,002459,晶澳科技,光伏,0.70,"产业主题映射""光伏""→光伏"
HIST-NBS-088,002129,TCL中环,光伏,0.70,"产业主题映射""光伏""→光伏"
HIST-NBS-088,002594,比亚迪,整车,0.70,"产业主题映射""新能源汽车""→整车"
HIST-NBS-088,600104,上汽集团,整车,0.70,"产业主题映射""新能源汽车""→整车"
HIST-NBS-088,601633,长城汽车,整车,0.70,"产业主题映射""新能源汽车""→整车"
HIST-NBS-088,601127,赛力斯,整车,0.70,"产业主题映射""新能源汽车""→整车"
HIST-NBS-088,000625,长安汽车,整车,0.70,"产业主题映射""新能源汽车""→整车"
