strategy,cost_bps,annual_return,annual_volatility,sharpe,calmar,max_drawdown,monthly_win_rate,annual_turnover,sample_months,tradable
no_yoy_balanced,5,-0.047948,0.173624,-0.276163,-0.142223,-0.337136,0.395833,0.125000,48,true
no_text_yoy,5,-0.066997,0.261728,-0.255978,-0.201039,-0.333251,0.395833,2.125688,48,true
alphalens_monthly_nowcast,5,-0.158183,0.212189,-0.745483,-0.296986,-0.532629,0.291667,2.841908,48,true
no_yoy_balanced,10,-0.048012,0.173647,-0.276494,-0.142412,-0.337136,0.395833,0.125000,48,true
no_text_yoy,10,-0.067995,0.261715,-0.259804,-0.203609,-0.333946,0.395833,2.125688,48,true
alphalens_monthly_nowcast,10,-0.159396,0.212165,-0.751285,-0.298056,-0.534786,0.291667,2.841908,48,true
no_yoy_balanced,20,-0.048140,0.173693,-0.277155,-0.142791,-0.337136,0.395833,0.125000,48,true
no_text_yoy,20,-0.069988,0.261691,-0.267445,-0.208711,-0.335335,0.395833,2.125688,48,true
alphalens_monthly_nowcast,20,-0.161818,0.212119,-0.762863,-0.300178,-0.539073,0.291667,2.841908,48,true
