event_id,predicate_name,value,confidence,rationale
E006,has_policy_support,true,0.96,事件类型为 policy_support
E006,policy_directly_related_to_business,false,0.78,政策原文证据未明确涉及整车主营业务或核心产品
E006,event_mentions_core_product,false,0.74,文本未显式提及核心产品关键词
E006,evidence_from_authoritative_source,true,0.94,来源为中国政府网
E006,social_attention_spikes,false,0.68,单条来源不足以证明关注度显著上升
E006,institutional_attention_increases,false,0.70,文本未出现机构调研或研报线索
E006,investor_questions_increase,false,0.82,未发现时间窗内提问数量增加的聚合证据
E006,management_response_vague,false,0.76,未发现明显模糊回复
E006,announcement_contains_uncertainty,false,0.78,未发现公告不确定性提示
E006,event_evidence_strength,0.94,0.92,沿用事件抽取阶段的证据强度评分
E006,event_has_short_term_price_impact,0.78,0.70,基于事件类型的先验市场反应强度，用于规则归纳初始特征
E007,has_policy_support,true,0.96,事件类型为 policy_support
E007,policy_directly_related_to_business,false,0.78,政策原文证据未明确涉及整车主营业务或核心产品
E007,event_mentions_core_product,false,0.74,文本未显式提及核心产品关键词
E007,evidence_from_authoritative_source,true,0.94,来源为中国政府网
E007,social_attention_spikes,false,0.68,单条来源不足以证明关注度显著上升
E007,institutional_attention_increases,false,0.70,文本未出现机构调研或研报线索
E007,investor_questions_increase,false,0.82,未发现时间窗内提问数量增加的聚合证据
E007,management_response_vague,false,0.76,未发现明显模糊回复
E007,announcement_contains_uncertainty,false,0.78,未发现公告不确定性提示
E007,event_evidence_strength,0.94,0.92,沿用事件抽取阶段的证据强度评分
E007,event_has_short_term_price_impact,0.78,0.70,基于事件类型的先验市场反应强度，用于规则归纳初始特征
E008,has_policy_support,true,0.96,事件类型为 policy_support
E008,policy_directly_related_to_business,false,0.78,政策原文证据未明确涉及整车主营业务或核心产品
E008,event_mentions_core_product,false,0.74,文本未显式提及核心产品关键词
E008,evidence_from_authoritative_source,true,0.94,来源为中国政府网
E008,social_attention_spikes,false,0.68,单条来源不足以证明关注度显著上升
E008,institutional_attention_increases,false,0.70,文本未出现机构调研或研报线索
E008,investor_questions_increase,false,0.82,未发现时间窗内提问数量增加的聚合证据
E008,management_response_vague,false,0.76,未发现明显模糊回复
E008,announcement_contains_uncertainty,false,0.78,未发现公告不确定性提示
E008,event_evidence_strength,0.94,0.92,沿用事件抽取阶段的证据强度评分
E008,event_has_short_term_price_impact,0.78,0.70,基于事件类型的先验市场反应强度，用于规则归纳初始特征
E009,has_policy_support,true,0.96,事件类型为 policy_support
E009,policy_directly_related_to_business,false,0.78,政策原文证据未明确涉及整车主营业务或核心产品
E009,event_mentions_core_product,false,0.74,文本未显式提及核心产品关键词
E009,evidence_from_authoritative_source,true,0.94,来源为中国政府网
E009,social_attention_spikes,false,0.68,单条来源不足以证明关注度显著上升
E009,institutional_attention_increases,false,0.70,文本未出现机构调研或研报线索
E009,investor_questions_increase,false,0.82,未发现时间窗内提问数量增加的聚合证据
E009,management_response_vague,false,0.76,未发现明显模糊回复
E009,announcement_contains_uncertainty,false,0.78,未发现公告不确定性提示
E009,event_evidence_strength,0.94,0.92,沿用事件抽取阶段的证据强度评分
E009,event_has_short_term_price_impact,0.78,0.70,基于事件类型的先验市场反应强度，用于规则归纳初始特征
E010,has_policy_support,true,0.96,事件类型为 policy_support
E010,policy_directly_related_to_business,false,0.78,政策原文证据未明确涉及整车主营业务或核心产品
E010,event_mentions_core_product,false,0.74,文本未显式提及核心产品关键词
E010,evidence_from_authoritative_source,true,0.94,来源为中国政府网
E010,social_attention_spikes,false,0.68,单条来源不足以证明关注度显著上升
E010,institutional_attention_increases,false,0.70,文本未出现机构调研或研报线索
E010,investor_questions_increase,false,0.82,未发现时间窗内提问数量增加的聚合证据
E010,management_response_vague,false,0.76,未发现明显模糊回复
E010,announcement_contains_uncertainty,false,0.78,未发现公告不确定性提示
E010,event_evidence_strength,0.94,0.92,沿用事件抽取阶段的证据强度评分
E010,event_has_short_term_price_impact,0.78,0.70,基于事件类型的先验市场反应强度，用于规则归纳初始特征
E011,has_policy_support,false,0.88,事件不是政策利好类型
E011,policy_directly_related_to_business,false,0.78,政策原文证据未明确涉及光伏主营业务或核心产品
E011,event_mentions_core_product,false,0.74,文本未显式提及核心产品关键词
E011,evidence_from_authoritative_source,true,0.94,来源为巨潮资讯网
E011,social_attention_spikes,false,0.68,单条来源不足以证明关注度显著上升
E011,institutional_attention_increases,false,0.70,文本未出现机构调研或研报线索
E011,investor_questions_increase,false,0.82,未发现时间窗内提问数量增加的聚合证据
E011,management_response_vague,false,0.76,未发现明显模糊回复
E011,announcement_contains_uncertainty,false,0.78,未发现公告不确定性提示
E011,event_evidence_strength,0.88,0.92,沿用事件抽取阶段的证据强度评分
E011,event_has_short_term_price_impact,0.64,0.70,基于事件类型的先验市场反应强度，用于规则归纳初始特征
E012,has_policy_support,false,0.88,事件不是政策利好类型
E012,policy_directly_related_to_business,false,0.78,政策原文证据未明确涉及光伏主营业务或核心产品
E012,event_mentions_core_product,false,0.74,文本未显式提及核心产品关键词
E012,evidence_from_authoritative_source,true,0.94,来源为巨潮资讯网
E012,social_attention_spikes,false,0.68,单条来源不足以证明关注度显著上升
E012,institutional_attention_increases,false,0.70,文本未出现机构调研或研报线索
E012,investor_questions_increase,false,0.82,未发现时间窗内提问数量增加的聚合证据
E012,management_response_vague,false,0.76,未发现明显模糊回复
E012,announcement_contains_uncertainty,false,0.78,未发现公告不确定性提示
E012,event_evidence_strength,0.88,0.92,沿用事件抽取阶段的证据强度评分
E012,event_has_short_term_price_impact,0.64,0.70,基于事件类型的先验市场反应强度，用于规则归纳初始特征
E014,has_policy_support,false,0.88,事件不是政策利好类型
E014,policy_directly_related_to_business,false,0.78,政策原文证据未明确涉及光伏主营业务或核心产品
E014,event_mentions_core_product,false,0.74,文本未显式提及核心产品关键词
E014,evidence_from_authoritative_source,true,0.94,来源为巨潮资讯网
E014,social_attention_spikes,false,0.68,单条来源不足以证明关注度显著上升
E014,institutional_attention_increases,false,0.70,文本未出现机构调研或研报线索
E014,investor_questions_increase,false,0.82,未发现时间窗内提问数量增加的聚合证据
E014,management_response_vague,false,0.76,未发现明显模糊回复
E014,announcement_contains_uncertainty,false,0.78,未发现公告不确定性提示
E014,event_evidence_strength,0.88,0.92,沿用事件抽取阶段的证据强度评分
E014,event_has_short_term_price_impact,0.64,0.70,基于事件类型的先验市场反应强度，用于规则归纳初始特征
E015,has_policy_support,false,0.88,事件不是政策利好类型
E015,policy_directly_related_to_business,false,0.78,政策原文证据未明确涉及光伏主营业务或核心产品
E015,event_mentions_core_product,false,0.74,文本未显式提及核心产品关键词
E015,evidence_from_authoritative_source,true,0.94,来源为巨潮资讯网
E015,social_attention_spikes,false,0.68,单条来源不足以证明关注度显著上升
E015,institutional_attention_increases,false,0.70,文本未出现机构调研或研报线索
E015,investor_questions_increase,false,0.82,未发现时间窗内提问数量增加的聚合证据
E015,management_response_vague,false,0.76,未发现明显模糊回复
E015,announcement_contains_uncertainty,false,0.78,未发现公告不确定性提示
E015,event_evidence_strength,0.88,0.92,沿用事件抽取阶段的证据强度评分
E015,event_has_short_term_price_impact,0.64,0.70,基于事件类型的先验市场反应强度，用于规则归纳初始特征
E016,has_policy_support,false,0.88,事件不是政策利好类型
E016,policy_directly_related_to_business,false,0.78,政策原文证据未明确涉及光伏主营业务或核心产品
E016,event_mentions_core_product,true,0.88,文本提及核心产品/业务关键词
E016,evidence_from_authoritative_source,true,0.94,来源为证券时报
E016,social_attention_spikes,false,0.68,单条来源不足以证明关注度显著上升
E016,institutional_attention_increases,false,0.70,文本未出现机构调研或研报线索
E016,investor_questions_increase,false,0.82,未发现时间窗内提问数量增加的聚合证据
E016,management_response_vague,false,0.76,未发现明显模糊回复
E016,announcement_contains_uncertainty,false,0.78,未发现公告不确定性提示
E016,event_evidence_strength,0.76,0.92,沿用事件抽取阶段的证据强度评分
E016,event_has_short_term_price_impact,0.68,0.70,基于事件类型的先验市场反应强度，用于规则归纳初始特征
E017,has_policy_support,false,0.88,事件不是政策利好类型
E017,policy_directly_related_to_business,false,0.78,政策原文证据未明确涉及光伏主营业务或核心产品
E017,event_mentions_core_product,true,0.88,文本提及核心产品/业务关键词
E017,evidence_from_authoritative_source,true,0.94,来源为证券时报
E017,social_attention_spikes,false,0.68,单条来源不足以证明关注度显著上升
E017,institutional_attention_increases,false,0.70,文本未出现机构调研或研报线索
E017,investor_questions_increase,false,0.82,未发现时间窗内提问数量增加的聚合证据
E017,management_response_vague,false,0.76,未发现明显模糊回复
E017,announcement_contains_uncertainty,false,0.78,未发现公告不确定性提示
E017,event_evidence_strength,0.76,0.92,沿用事件抽取阶段的证据强度评分
E017,event_has_short_term_price_impact,0.68,0.70,基于事件类型的先验市场反应强度，用于规则归纳初始特征
E018,has_policy_support,false,0.88,事件不是政策利好类型
E018,policy_directly_related_to_business,false,0.78,政策原文证据未明确涉及光伏主营业务或核心产品
E018,event_mentions_core_product,true,0.88,文本提及核心产品/业务关键词
E018,evidence_from_authoritative_source,true,0.94,来源为证券时报
E018,social_attention_spikes,false,0.68,单条来源不足以证明关注度显著上升
E018,institutional_attention_increases,false,0.70,文本未出现机构调研或研报线索
E018,investor_questions_increase,false,0.82,未发现时间窗内提问数量增加的聚合证据
E018,management_response_vague,false,0.76,未发现明显模糊回复
E018,announcement_contains_uncertainty,false,0.78,未发现公告不确定性提示
E018,event_evidence_strength,0.76,0.92,沿用事件抽取阶段的证据强度评分
E018,event_has_short_term_price_impact,0.68,0.70,基于事件类型的先验市场反应强度，用于规则归纳初始特征
E019,has_policy_support,false,0.88,事件不是政策利好类型
E019,policy_directly_related_to_business,false,0.78,政策原文证据未明确涉及光伏主营业务或核心产品
E019,event_mentions_core_product,true,0.88,文本提及核心产品/业务关键词
E019,evidence_from_authoritative_source,true,0.94,来源为证券时报
E019,social_attention_spikes,false,0.68,单条来源不足以证明关注度显著上升
E019,institutional_attention_increases,false,0.70,文本未出现机构调研或研报线索
E019,investor_questions_increase,false,0.82,未发现时间窗内提问数量增加的聚合证据
E019,management_response_vague,false,0.76,未发现明显模糊回复
E019,announcement_contains_uncertainty,false,0.78,未发现公告不确定性提示
E019,event_evidence_strength,0.76,0.92,沿用事件抽取阶段的证据强度评分
E019,event_has_short_term_price_impact,0.68,0.70,基于事件类型的先验市场反应强度，用于规则归纳初始特征
E020,has_policy_support,false,0.88,事件不是政策利好类型
E020,policy_directly_related_to_business,false,0.78,政策原文证据未明确涉及光伏主营业务或核心产品
E020,event_mentions_core_product,true,0.88,文本提及核心产品/业务关键词
E020,evidence_from_authoritative_source,true,0.94,来源为证券时报
E020,social_attention_spikes,false,0.68,单条来源不足以证明关注度显著上升
E020,institutional_attention_increases,false,0.70,文本未出现机构调研或研报线索
E020,investor_questions_increase,false,0.82,未发现时间窗内提问数量增加的聚合证据
E020,management_response_vague,false,0.76,未发现明显模糊回复
E020,announcement_contains_uncertainty,false,0.78,未发现公告不确定性提示
E020,event_evidence_strength,0.76,0.92,沿用事件抽取阶段的证据强度评分
E020,event_has_short_term_price_impact,0.68,0.70,基于事件类型的先验市场反应强度，用于规则归纳初始特征
E021,has_policy_support,false,0.88,事件不是政策利好类型
E021,policy_directly_related_to_business,false,0.78,政策原文证据未明确涉及光伏主营业务或核心产品
E021,event_mentions_core_product,true,0.88,文本提及核心产品/业务关键词
E021,evidence_from_authoritative_source,true,0.94,来源为证券时报
E021,social_attention_spikes,false,0.68,单条来源不足以证明关注度显著上升
E021,institutional_attention_increases,false,0.70,文本未出现机构调研或研报线索
E021,investor_questions_increase,false,0.82,未发现时间窗内提问数量增加的聚合证据
E021,management_response_vague,false,0.76,未发现明显模糊回复
E021,announcement_contains_uncertainty,false,0.78,未发现公告不确定性提示
E021,event_evidence_strength,0.76,0.92,沿用事件抽取阶段的证据强度评分
E021,event_has_short_term_price_impact,0.68,0.70,基于事件类型的先验市场反应强度，用于规则归纳初始特征
E022,has_policy_support,false,0.88,事件不是政策利好类型
E022,policy_directly_related_to_business,false,0.78,政策原文证据未明确涉及锂电主营业务或核心产品
E022,event_mentions_core_product,true,0.88,文本提及核心产品/业务关键词
E022,evidence_from_authoritative_source,false,0.72,来源为新浪财经
E022,social_attention_spikes,true,0.82,新闻原文包含可量化或多源关注扩散线索
E022,institutional_attention_increases,false,0.70,文本未出现机构调研或研报线索
E022,investor_questions_increase,false,0.82,未发现时间窗内提问数量增加的聚合证据
E022,management_response_vague,false,0.76,未发现明显模糊回复
E022,announcement_contains_uncertainty,false,0.78,未发现公告不确定性提示
E022,event_evidence_strength,0.76,0.92,沿用事件抽取阶段的证据强度评分
E022,event_has_short_term_price_impact,0.68,0.70,基于事件类型的先验市场反应强度，用于规则归纳初始特征
E023,has_policy_support,false,0.88,事件不是政策利好类型
E023,policy_directly_related_to_business,false,0.78,政策原文证据未明确涉及锂电主营业务或核心产品
E023,event_mentions_core_product,true,0.88,文本提及核心产品/业务关键词
E023,evidence_from_authoritative_source,false,0.72,来源为新浪财经
E023,social_attention_spikes,true,0.82,新闻原文包含可量化或多源关注扩散线索
E023,institutional_attention_increases,false,0.70,文本未出现机构调研或研报线索
E023,investor_questions_increase,false,0.82,未发现时间窗内提问数量增加的聚合证据
E023,management_response_vague,false,0.76,未发现明显模糊回复
E023,announcement_contains_uncertainty,false,0.78,未发现公告不确定性提示
E023,event_evidence_strength,0.76,0.92,沿用事件抽取阶段的证据强度评分
E023,event_has_short_term_price_impact,0.68,0.70,基于事件类型的先验市场反应强度，用于规则归纳初始特征
E024,has_policy_support,false,0.88,事件不是政策利好类型
E024,policy_directly_related_to_business,false,0.78,政策原文证据未明确涉及锂电主营业务或核心产品
E024,event_mentions_core_product,true,0.88,文本提及核心产品/业务关键词
E024,evidence_from_authoritative_source,false,0.72,来源为新浪财经
E024,social_attention_spikes,true,0.82,新闻原文包含可量化或多源关注扩散线索
E024,institutional_attention_increases,false,0.70,文本未出现机构调研或研报线索
E024,investor_questions_increase,false,0.82,未发现时间窗内提问数量增加的聚合证据
E024,management_response_vague,false,0.76,未发现明显模糊回复
E024,announcement_contains_uncertainty,false,0.78,未发现公告不确定性提示
E024,event_evidence_strength,0.76,0.92,沿用事件抽取阶段的证据强度评分
E024,event_has_short_term_price_impact,0.68,0.70,基于事件类型的先验市场反应强度，用于规则归纳初始特征
E025,has_policy_support,false,0.88,事件不是政策利好类型
E025,policy_directly_related_to_business,false,0.78,政策原文证据未明确涉及锂电主营业务或核心产品
E025,event_mentions_core_product,true,0.88,文本提及核心产品/业务关键词
E025,evidence_from_authoritative_source,false,0.72,来源为新浪财经
E025,social_attention_spikes,true,0.82,新闻原文包含可量化或多源关注扩散线索
E025,institutional_attention_increases,false,0.70,文本未出现机构调研或研报线索
E025,investor_questions_increase,false,0.82,未发现时间窗内提问数量增加的聚合证据
E025,management_response_vague,false,0.76,未发现明显模糊回复
E025,announcement_contains_uncertainty,false,0.78,未发现公告不确定性提示
E025,event_evidence_strength,0.76,0.92,沿用事件抽取阶段的证据强度评分
E025,event_has_short_term_price_impact,0.68,0.70,基于事件类型的先验市场反应强度，用于规则归纳初始特征
E026,has_policy_support,false,0.88,事件不是政策利好类型
E026,policy_directly_related_to_business,false,0.78,政策原文证据未明确涉及锂电主营业务或核心产品
E026,event_mentions_core_product,true,0.88,文本提及核心产品/业务关键词
E026,evidence_from_authoritative_source,false,0.72,来源为新浪财经
E026,social_attention_spikes,true,0.82,新闻原文包含可量化或多源关注扩散线索
E026,institutional_attention_increases,false,0.70,文本未出现机构调研或研报线索
E026,investor_questions_increase,false,0.82,未发现时间窗内提问数量增加的聚合证据
E026,management_response_vague,false,0.76,未发现明显模糊回复
E026,announcement_contains_uncertainty,false,0.78,未发现公告不确定性提示
E026,event_evidence_strength,0.76,0.92,沿用事件抽取阶段的证据强度评分
E026,event_has_short_term_price_impact,0.68,0.70,基于事件类型的先验市场反应强度，用于规则归纳初始特征
E027,has_policy_support,false,0.88,事件不是政策利好类型
E027,policy_directly_related_to_business,false,0.78,政策原文证据未明确涉及锂电主营业务或核心产品
E027,event_mentions_core_product,true,0.88,文本提及核心产品/业务关键词
E027,evidence_from_authoritative_source,false,0.72,来源为新浪财经
E027,social_attention_spikes,true,0.82,新闻原文包含可量化或多源关注扩散线索
E027,institutional_attention_increases,false,0.70,文本未出现机构调研或研报线索
E027,investor_questions_increase,false,0.82,未发现时间窗内提问数量增加的聚合证据
E027,management_response_vague,false,0.76,未发现明显模糊回复
E027,announcement_contains_uncertainty,false,0.78,未发现公告不确定性提示
E027,event_evidence_strength,0.76,0.92,沿用事件抽取阶段的证据强度评分
E027,event_has_short_term_price_impact,0.68,0.70,基于事件类型的先验市场反应强度，用于规则归纳初始特征
E028,has_policy_support,false,0.88,事件不是政策利好类型
E028,policy_directly_related_to_business,false,0.78,政策原文证据未明确涉及锂电主营业务或核心产品
E028,event_mentions_core_product,true,0.88,文本提及核心产品/业务关键词
E028,evidence_from_authoritative_source,false,0.72,来源为新浪财经
E028,social_attention_spikes,true,0.82,新闻原文包含可量化或多源关注扩散线索
E028,institutional_attention_increases,false,0.70,文本未出现机构调研或研报线索
E028,investor_questions_increase,false,0.82,未发现时间窗内提问数量增加的聚合证据
E028,management_response_vague,false,0.76,未发现明显模糊回复
E028,announcement_contains_uncertainty,false,0.78,未发现公告不确定性提示
E028,event_evidence_strength,0.76,0.92,沿用事件抽取阶段的证据强度评分
E028,event_has_short_term_price_impact,0.68,0.70,基于事件类型的先验市场反应强度，用于规则归纳初始特征
E029,has_policy_support,false,0.88,事件不是政策利好类型
E029,policy_directly_related_to_business,false,0.78,政策原文证据未明确涉及锂电主营业务或核心产品
E029,event_mentions_core_product,true,0.88,文本提及核心产品/业务关键词
E029,evidence_from_authoritative_source,false,0.72,来源为新浪财经
E029,social_attention_spikes,true,0.82,新闻原文包含可量化或多源关注扩散线索
E029,institutional_attention_increases,false,0.70,文本未出现机构调研或研报线索
E029,investor_questions_increase,false,0.82,未发现时间窗内提问数量增加的聚合证据
E029,management_response_vague,false,0.76,未发现明显模糊回复
E029,announcement_contains_uncertainty,false,0.78,未发现公告不确定性提示
E029,event_evidence_strength,0.76,0.92,沿用事件抽取阶段的证据强度评分
E029,event_has_short_term_price_impact,0.68,0.70,基于事件类型的先验市场反应强度，用于规则归纳初始特征
E030,has_policy_support,false,0.88,事件不是政策利好类型
E030,policy_directly_related_to_business,false,0.78,政策原文证据未明确涉及锂电主营业务或核心产品
E030,event_mentions_core_product,true,0.88,文本提及核心产品/业务关键词
E030,evidence_from_authoritative_source,false,0.72,来源为新浪财经
E030,social_attention_spikes,true,0.82,新闻原文包含可量化或多源关注扩散线索
E030,institutional_attention_increases,false,0.70,文本未出现机构调研或研报线索
E030,investor_questions_increase,false,0.82,未发现时间窗内提问数量增加的聚合证据
E030,management_response_vague,false,0.76,未发现明显模糊回复
E030,announcement_contains_uncertainty,false,0.78,未发现公告不确定性提示
E030,event_evidence_strength,0.76,0.92,沿用事件抽取阶段的证据强度评分
E030,event_has_short_term_price_impact,0.68,0.70,基于事件类型的先验市场反应强度，用于规则归纳初始特征
E031,has_policy_support,false,0.88,事件不是政策利好类型
E031,policy_directly_related_to_business,false,0.78,政策原文证据未明确涉及整车主营业务或核心产品
E031,event_mentions_core_product,true,0.88,文本提及核心产品/业务关键词
E031,evidence_from_authoritative_source,true,0.94,来源为上海证券报
E031,social_attention_spikes,true,0.82,新闻原文包含可量化或多源关注扩散线索
E031,institutional_attention_increases,false,0.70,文本未出现机构调研或研报线索
E031,investor_questions_increase,false,0.82,未发现时间窗内提问数量增加的聚合证据
E031,management_response_vague,false,0.76,未发现明显模糊回复
E031,announcement_contains_uncertainty,false,0.78,未发现公告不确定性提示
E031,event_evidence_strength,0.76,0.92,沿用事件抽取阶段的证据强度评分
E031,event_has_short_term_price_impact,0.68,0.70,基于事件类型的先验市场反应强度，用于规则归纳初始特征
E032,has_policy_support,false,0.88,事件不是政策利好类型
E032,policy_directly_related_to_business,false,0.78,政策原文证据未明确涉及整车主营业务或核心产品
E032,event_mentions_core_product,true,0.88,文本提及核心产品/业务关键词
E032,evidence_from_authoritative_source,true,0.94,来源为上海证券报
E032,social_attention_spikes,true,0.82,新闻原文包含可量化或多源关注扩散线索
E032,institutional_attention_increases,false,0.70,文本未出现机构调研或研报线索
E032,investor_questions_increase,false,0.82,未发现时间窗内提问数量增加的聚合证据
E032,management_response_vague,false,0.76,未发现明显模糊回复
E032,announcement_contains_uncertainty,false,0.78,未发现公告不确定性提示
E032,event_evidence_strength,0.76,0.92,沿用事件抽取阶段的证据强度评分
E032,event_has_short_term_price_impact,0.68,0.70,基于事件类型的先验市场反应强度，用于规则归纳初始特征
E033,has_policy_support,false,0.88,事件不是政策利好类型
E033,policy_directly_related_to_business,false,0.78,政策原文证据未明确涉及整车主营业务或核心产品
E033,event_mentions_core_product,true,0.88,文本提及核心产品/业务关键词
E033,evidence_from_authoritative_source,true,0.94,来源为上海证券报
E033,social_attention_spikes,true,0.82,新闻原文包含可量化或多源关注扩散线索
E033,institutional_attention_increases,false,0.70,文本未出现机构调研或研报线索
E033,investor_questions_increase,false,0.82,未发现时间窗内提问数量增加的聚合证据
E033,management_response_vague,false,0.76,未发现明显模糊回复
E033,announcement_contains_uncertainty,false,0.78,未发现公告不确定性提示
E033,event_evidence_strength,0.76,0.92,沿用事件抽取阶段的证据强度评分
E033,event_has_short_term_price_impact,0.68,0.70,基于事件类型的先验市场反应强度，用于规则归纳初始特征
E034,has_policy_support,false,0.88,事件不是政策利好类型
E034,policy_directly_related_to_business,false,0.78,政策原文证据未明确涉及整车主营业务或核心产品
E034,event_mentions_core_product,true,0.88,文本提及核心产品/业务关键词
E034,evidence_from_authoritative_source,true,0.94,来源为上海证券报
E034,social_attention_spikes,true,0.82,新闻原文包含可量化或多源关注扩散线索
E034,institutional_attention_increases,false,0.70,文本未出现机构调研或研报线索
E034,investor_questions_increase,false,0.82,未发现时间窗内提问数量增加的聚合证据
E034,management_response_vague,false,0.76,未发现明显模糊回复
E034,announcement_contains_uncertainty,false,0.78,未发现公告不确定性提示
E034,event_evidence_strength,0.76,0.92,沿用事件抽取阶段的证据强度评分
E034,event_has_short_term_price_impact,0.68,0.70,基于事件类型的先验市场反应强度，用于规则归纳初始特征
E035,has_policy_support,false,0.88,事件不是政策利好类型
E035,policy_directly_related_to_business,false,0.78,政策原文证据未明确涉及整车主营业务或核心产品
E035,event_mentions_core_product,true,0.88,文本提及核心产品/业务关键词
E035,evidence_from_authoritative_source,true,0.94,来源为上海证券报
E035,social_attention_spikes,true,0.82,新闻原文包含可量化或多源关注扩散线索
E035,institutional_attention_increases,false,0.70,文本未出现机构调研或研报线索
E035,investor_questions_increase,false,0.82,未发现时间窗内提问数量增加的聚合证据
E035,management_response_vague,false,0.76,未发现明显模糊回复
E035,announcement_contains_uncertainty,false,0.78,未发现公告不确定性提示
E035,event_evidence_strength,0.76,0.92,沿用事件抽取阶段的证据强度评分
E035,event_has_short_term_price_impact,0.68,0.70,基于事件类型的先验市场反应强度，用于规则归纳初始特征
E053,has_policy_support,true,0.96,事件类型为 policy_support
E053,policy_directly_related_to_business,true,0.90,政策原文证据明确涉及储能主营业务或核心产品
E053,event_mentions_core_product,true,0.88,文本提及核心产品/业务关键词
E053,evidence_from_authoritative_source,true,0.94,来源为国家能源局
E053,social_attention_spikes,false,0.68,单条来源不足以证明关注度显著上升
E053,institutional_attention_increases,false,0.70,文本未出现机构调研或研报线索
E053,investor_questions_increase,false,0.82,未发现时间窗内提问数量增加的聚合证据
E053,management_response_vague,false,0.76,未发现明显模糊回复
E053,announcement_contains_uncertainty,false,0.78,未发现公告不确定性提示
E053,event_evidence_strength,0.94,0.92,沿用事件抽取阶段的证据强度评分
E053,event_has_short_term_price_impact,0.78,0.70,基于事件类型的先验市场反应强度，用于规则归纳初始特征
E054,has_policy_support,true,0.96,事件类型为 policy_support
E054,policy_directly_related_to_business,true,0.90,政策原文证据明确涉及储能主营业务或核心产品
E054,event_mentions_core_product,true,0.88,文本提及核心产品/业务关键词
E054,evidence_from_authoritative_source,true,0.94,来源为国家能源局
E054,social_attention_spikes,false,0.68,单条来源不足以证明关注度显著上升
E054,institutional_attention_increases,false,0.70,文本未出现机构调研或研报线索
E054,investor_questions_increase,false,0.82,未发现时间窗内提问数量增加的聚合证据
E054,management_response_vague,false,0.76,未发现明显模糊回复
E054,announcement_contains_uncertainty,false,0.78,未发现公告不确定性提示
E054,event_evidence_strength,0.94,0.92,沿用事件抽取阶段的证据强度评分
E054,event_has_short_term_price_impact,0.78,0.70,基于事件类型的先验市场反应强度，用于规则归纳初始特征
E055,has_policy_support,true,0.96,事件类型为 policy_support
E055,policy_directly_related_to_business,true,0.90,政策原文证据明确涉及储能主营业务或核心产品
E055,event_mentions_core_product,true,0.88,文本提及核心产品/业务关键词
E055,evidence_from_authoritative_source,true,0.94,来源为国家能源局
E055,social_attention_spikes,false,0.68,单条来源不足以证明关注度显著上升
E055,institutional_attention_increases,false,0.70,文本未出现机构调研或研报线索
E055,investor_questions_increase,false,0.82,未发现时间窗内提问数量增加的聚合证据
E055,management_response_vague,false,0.76,未发现明显模糊回复
E055,announcement_contains_uncertainty,false,0.78,未发现公告不确定性提示
E055,event_evidence_strength,0.94,0.92,沿用事件抽取阶段的证据强度评分
E055,event_has_short_term_price_impact,0.78,0.70,基于事件类型的先验市场反应强度，用于规则归纳初始特征
E056,has_policy_support,true,0.96,事件类型为 policy_support
E056,policy_directly_related_to_business,true,0.90,政策原文证据明确涉及储能主营业务或核心产品
E056,event_mentions_core_product,true,0.88,文本提及核心产品/业务关键词
E056,evidence_from_authoritative_source,true,0.94,来源为国家能源局
E056,social_attention_spikes,false,0.68,单条来源不足以证明关注度显著上升
E056,institutional_attention_increases,false,0.70,文本未出现机构调研或研报线索
E056,investor_questions_increase,false,0.82,未发现时间窗内提问数量增加的聚合证据
E056,management_response_vague,false,0.76,未发现明显模糊回复
E056,announcement_contains_uncertainty,false,0.78,未发现公告不确定性提示
E056,event_evidence_strength,0.94,0.92,沿用事件抽取阶段的证据强度评分
E056,event_has_short_term_price_impact,0.78,0.70,基于事件类型的先验市场反应强度，用于规则归纳初始特征
E057,has_policy_support,true,0.96,事件类型为 policy_support
E057,policy_directly_related_to_business,true,0.90,政策原文证据明确涉及储能主营业务或核心产品
E057,event_mentions_core_product,true,0.88,文本提及核心产品/业务关键词
E057,evidence_from_authoritative_source,true,0.94,来源为国家能源局
E057,social_attention_spikes,false,0.68,单条来源不足以证明关注度显著上升
E057,institutional_attention_increases,false,0.70,文本未出现机构调研或研报线索
E057,investor_questions_increase,false,0.82,未发现时间窗内提问数量增加的聚合证据
E057,management_response_vague,false,0.76,未发现明显模糊回复
E057,announcement_contains_uncertainty,false,0.78,未发现公告不确定性提示
E057,event_evidence_strength,0.94,0.92,沿用事件抽取阶段的证据强度评分
E057,event_has_short_term_price_impact,0.78,0.70,基于事件类型的先验市场反应强度，用于规则归纳初始特征
E058,has_policy_support,false,0.88,事件不是政策利好类型
E058,policy_directly_related_to_business,false,0.78,政策原文证据未明确涉及光伏主营业务或核心产品
E058,event_mentions_core_product,false,0.74,文本未显式提及核心产品关键词
E058,evidence_from_authoritative_source,true,0.94,来源为巨潮资讯网
E058,social_attention_spikes,false,0.68,单条来源不足以证明关注度显著上升
E058,institutional_attention_increases,false,0.70,文本未出现机构调研或研报线索
E058,investor_questions_increase,false,0.82,未发现时间窗内提问数量增加的聚合证据
E058,management_response_vague,false,0.76,未发现明显模糊回复
E058,announcement_contains_uncertainty,false,0.78,未发现公告不确定性提示
E058,event_evidence_strength,0.88,0.92,沿用事件抽取阶段的证据强度评分
E058,event_has_short_term_price_impact,0.64,0.70,基于事件类型的先验市场反应强度，用于规则归纳初始特征
E059,has_policy_support,false,0.88,事件不是政策利好类型
E059,policy_directly_related_to_business,false,0.78,政策原文证据未明确涉及锂电主营业务或核心产品
E059,event_mentions_core_product,true,0.88,文本提及核心产品/业务关键词
E059,evidence_from_authoritative_source,false,0.72,来源为腾讯新闻
E059,social_attention_spikes,true,0.82,新闻原文包含可量化或多源关注扩散线索
E059,institutional_attention_increases,false,0.70,文本未出现机构调研或研报线索
E059,investor_questions_increase,false,0.82,未发现时间窗内提问数量增加的聚合证据
E059,management_response_vague,false,0.76,未发现明显模糊回复
E059,announcement_contains_uncertainty,false,0.78,未发现公告不确定性提示
E059,event_evidence_strength,0.76,0.92,沿用事件抽取阶段的证据强度评分
E059,event_has_short_term_price_impact,0.68,0.70,基于事件类型的先验市场反应强度，用于规则归纳初始特征
E060,has_policy_support,false,0.88,事件不是政策利好类型
E060,policy_directly_related_to_business,false,0.78,政策原文证据未明确涉及锂电主营业务或核心产品
E060,event_mentions_core_product,true,0.88,文本提及核心产品/业务关键词
E060,evidence_from_authoritative_source,false,0.72,来源为腾讯新闻
E060,social_attention_spikes,true,0.82,新闻原文包含可量化或多源关注扩散线索
E060,institutional_attention_increases,false,0.70,文本未出现机构调研或研报线索
E060,investor_questions_increase,false,0.82,未发现时间窗内提问数量增加的聚合证据
E060,management_response_vague,false,0.76,未发现明显模糊回复
E060,announcement_contains_uncertainty,false,0.78,未发现公告不确定性提示
E060,event_evidence_strength,0.76,0.92,沿用事件抽取阶段的证据强度评分
E060,event_has_short_term_price_impact,0.68,0.70,基于事件类型的先验市场反应强度，用于规则归纳初始特征
E061,has_policy_support,false,0.88,事件不是政策利好类型
E061,policy_directly_related_to_business,false,0.78,政策原文证据未明确涉及锂电主营业务或核心产品
E061,event_mentions_core_product,true,0.88,文本提及核心产品/业务关键词
E061,evidence_from_authoritative_source,false,0.72,来源为腾讯新闻
E061,social_attention_spikes,true,0.82,新闻原文包含可量化或多源关注扩散线索
E061,institutional_attention_increases,false,0.70,文本未出现机构调研或研报线索
E061,investor_questions_increase,false,0.82,未发现时间窗内提问数量增加的聚合证据
E061,management_response_vague,false,0.76,未发现明显模糊回复
E061,announcement_contains_uncertainty,false,0.78,未发现公告不确定性提示
E061,event_evidence_strength,0.76,0.92,沿用事件抽取阶段的证据强度评分
E061,event_has_short_term_price_impact,0.68,0.70,基于事件类型的先验市场反应强度，用于规则归纳初始特征
E062,has_policy_support,false,0.88,事件不是政策利好类型
E062,policy_directly_related_to_business,false,0.78,政策原文证据未明确涉及锂电主营业务或核心产品
E062,event_mentions_core_product,true,0.88,文本提及核心产品/业务关键词
E062,evidence_from_authoritative_source,false,0.72,来源为腾讯新闻
E062,social_attention_spikes,true,0.82,新闻原文包含可量化或多源关注扩散线索
E062,institutional_attention_increases,false,0.70,文本未出现机构调研或研报线索
E062,investor_questions_increase,false,0.82,未发现时间窗内提问数量增加的聚合证据
E062,management_response_vague,false,0.76,未发现明显模糊回复
E062,announcement_contains_uncertainty,false,0.78,未发现公告不确定性提示
E062,event_evidence_strength,0.76,0.92,沿用事件抽取阶段的证据强度评分
E062,event_has_short_term_price_impact,0.68,0.70,基于事件类型的先验市场反应强度，用于规则归纳初始特征
E063,has_policy_support,false,0.88,事件不是政策利好类型
E063,policy_directly_related_to_business,false,0.78,政策原文证据未明确涉及锂电主营业务或核心产品
E063,event_mentions_core_product,true,0.88,文本提及核心产品/业务关键词
E063,evidence_from_authoritative_source,false,0.72,来源为腾讯新闻
E063,social_attention_spikes,true,0.82,新闻原文包含可量化或多源关注扩散线索
E063,institutional_attention_increases,false,0.70,文本未出现机构调研或研报线索
E063,investor_questions_increase,false,0.82,未发现时间窗内提问数量增加的聚合证据
E063,management_response_vague,false,0.76,未发现明显模糊回复
E063,announcement_contains_uncertainty,false,0.78,未发现公告不确定性提示
E063,event_evidence_strength,0.76,0.92,沿用事件抽取阶段的证据强度评分
E063,event_has_short_term_price_impact,0.68,0.70,基于事件类型的先验市场反应强度，用于规则归纳初始特征
E064,has_policy_support,false,0.88,事件不是政策利好类型
E064,policy_directly_related_to_business,false,0.78,政策原文证据未明确涉及锂电主营业务或核心产品
E064,event_mentions_core_product,true,0.88,文本提及核心产品/业务关键词
E064,evidence_from_authoritative_source,false,0.72,来源为腾讯新闻
E064,social_attention_spikes,true,0.82,新闻原文包含可量化或多源关注扩散线索
E064,institutional_attention_increases,false,0.70,文本未出现机构调研或研报线索
E064,investor_questions_increase,false,0.82,未发现时间窗内提问数量增加的聚合证据
E064,management_response_vague,false,0.76,未发现明显模糊回复
E064,announcement_contains_uncertainty,false,0.78,未发现公告不确定性提示
E064,event_evidence_strength,0.76,0.92,沿用事件抽取阶段的证据强度评分
E064,event_has_short_term_price_impact,0.68,0.70,基于事件类型的先验市场反应强度，用于规则归纳初始特征
E065,has_policy_support,false,0.88,事件不是政策利好类型
E065,policy_directly_related_to_business,false,0.78,政策原文证据未明确涉及锂电主营业务或核心产品
E065,event_mentions_core_product,true,0.88,文本提及核心产品/业务关键词
E065,evidence_from_authoritative_source,false,0.72,来源为腾讯新闻
E065,social_attention_spikes,true,0.82,新闻原文包含可量化或多源关注扩散线索
E065,institutional_attention_increases,false,0.70,文本未出现机构调研或研报线索
E065,investor_questions_increase,false,0.82,未发现时间窗内提问数量增加的聚合证据
E065,management_response_vague,false,0.76,未发现明显模糊回复
E065,announcement_contains_uncertainty,false,0.78,未发现公告不确定性提示
E065,event_evidence_strength,0.76,0.92,沿用事件抽取阶段的证据强度评分
E065,event_has_short_term_price_impact,0.68,0.70,基于事件类型的先验市场反应强度，用于规则归纳初始特征
E066,has_policy_support,false,0.88,事件不是政策利好类型
E066,policy_directly_related_to_business,false,0.78,政策原文证据未明确涉及锂电主营业务或核心产品
E066,event_mentions_core_product,true,0.88,文本提及核心产品/业务关键词
E066,evidence_from_authoritative_source,false,0.72,来源为腾讯新闻
E066,social_attention_spikes,true,0.82,新闻原文包含可量化或多源关注扩散线索
E066,institutional_attention_increases,false,0.70,文本未出现机构调研或研报线索
E066,investor_questions_increase,false,0.82,未发现时间窗内提问数量增加的聚合证据
E066,management_response_vague,false,0.76,未发现明显模糊回复
E066,announcement_contains_uncertainty,false,0.78,未发现公告不确定性提示
E066,event_evidence_strength,0.76,0.92,沿用事件抽取阶段的证据强度评分
E066,event_has_short_term_price_impact,0.68,0.70,基于事件类型的先验市场反应强度，用于规则归纳初始特征
E067,has_policy_support,false,0.88,事件不是政策利好类型
E067,policy_directly_related_to_business,false,0.78,政策原文证据未明确涉及锂电主营业务或核心产品
E067,event_mentions_core_product,true,0.88,文本提及核心产品/业务关键词
E067,evidence_from_authoritative_source,false,0.72,来源为腾讯新闻
E067,social_attention_spikes,true,0.82,新闻原文包含可量化或多源关注扩散线索
E067,institutional_attention_increases,false,0.70,文本未出现机构调研或研报线索
E067,investor_questions_increase,false,0.82,未发现时间窗内提问数量增加的聚合证据
E067,management_response_vague,false,0.76,未发现明显模糊回复
E067,announcement_contains_uncertainty,false,0.78,未发现公告不确定性提示
E067,event_evidence_strength,0.76,0.92,沿用事件抽取阶段的证据强度评分
E067,event_has_short_term_price_impact,0.68,0.70,基于事件类型的先验市场反应强度，用于规则归纳初始特征
E076,has_policy_support,false,0.88,事件不是政策利好类型
E076,policy_directly_related_to_business,false,0.78,政策原文证据未明确涉及锂电主营业务或核心产品
E076,event_mentions_core_product,false,0.74,文本未显式提及核心产品关键词
E076,evidence_from_authoritative_source,true,0.94,来源为巨潮资讯网
E076,social_attention_spikes,false,0.68,单条来源不足以证明关注度显著上升
E076,institutional_attention_increases,false,0.70,文本未出现机构调研或研报线索
E076,investor_questions_increase,false,0.82,未发现时间窗内提问数量增加的聚合证据
E076,management_response_vague,false,0.76,未发现明显模糊回复
E076,announcement_contains_uncertainty,false,0.78,未发现公告不确定性提示
E076,event_evidence_strength,0.88,0.92,沿用事件抽取阶段的证据强度评分
E076,event_has_short_term_price_impact,0.64,0.70,基于事件类型的先验市场反应强度，用于规则归纳初始特征
E083,has_policy_support,true,0.96,事件类型为 policy_support
E083,policy_directly_related_to_business,true,0.90,政策原文证据明确涉及光伏主营业务或核心产品
E083,event_mentions_core_product,true,0.88,文本提及核心产品/业务关键词
E083,evidence_from_authoritative_source,true,0.94,来源为工业和信息化部
E083,social_attention_spikes,false,0.68,单条来源不足以证明关注度显著上升
E083,institutional_attention_increases,false,0.70,文本未出现机构调研或研报线索
E083,investor_questions_increase,false,0.82,未发现时间窗内提问数量增加的聚合证据
E083,management_response_vague,false,0.76,未发现明显模糊回复
E083,announcement_contains_uncertainty,false,0.78,未发现公告不确定性提示
E083,event_evidence_strength,0.94,0.92,沿用事件抽取阶段的证据强度评分
E083,event_has_short_term_price_impact,0.78,0.70,基于事件类型的先验市场反应强度，用于规则归纳初始特征
E084,has_policy_support,true,0.96,事件类型为 policy_support
E084,policy_directly_related_to_business,true,0.90,政策原文证据明确涉及光伏主营业务或核心产品
E084,event_mentions_core_product,true,0.88,文本提及核心产品/业务关键词
E084,evidence_from_authoritative_source,true,0.94,来源为工业和信息化部
E084,social_attention_spikes,false,0.68,单条来源不足以证明关注度显著上升
E084,institutional_attention_increases,false,0.70,文本未出现机构调研或研报线索
E084,investor_questions_increase,false,0.82,未发现时间窗内提问数量增加的聚合证据
E084,management_response_vague,false,0.76,未发现明显模糊回复
E084,announcement_contains_uncertainty,false,0.78,未发现公告不确定性提示
E084,event_evidence_strength,0.94,0.92,沿用事件抽取阶段的证据强度评分
E084,event_has_short_term_price_impact,0.78,0.70,基于事件类型的先验市场反应强度，用于规则归纳初始特征
E085,has_policy_support,true,0.96,事件类型为 policy_support
E085,policy_directly_related_to_business,true,0.90,政策原文证据明确涉及光伏主营业务或核心产品
E085,event_mentions_core_product,true,0.88,文本提及核心产品/业务关键词
E085,evidence_from_authoritative_source,true,0.94,来源为工业和信息化部
E085,social_attention_spikes,false,0.68,单条来源不足以证明关注度显著上升
E085,institutional_attention_increases,false,0.70,文本未出现机构调研或研报线索
E085,investor_questions_increase,false,0.82,未发现时间窗内提问数量增加的聚合证据
E085,management_response_vague,false,0.76,未发现明显模糊回复
E085,announcement_contains_uncertainty,false,0.78,未发现公告不确定性提示
E085,event_evidence_strength,0.94,0.92,沿用事件抽取阶段的证据强度评分
E085,event_has_short_term_price_impact,0.78,0.70,基于事件类型的先验市场反应强度，用于规则归纳初始特征
E086,has_policy_support,true,0.96,事件类型为 policy_support
E086,policy_directly_related_to_business,true,0.90,政策原文证据明确涉及光伏主营业务或核心产品
E086,event_mentions_core_product,true,0.88,文本提及核心产品/业务关键词
E086,evidence_from_authoritative_source,true,0.94,来源为工业和信息化部
E086,social_attention_spikes,false,0.68,单条来源不足以证明关注度显著上升
E086,institutional_attention_increases,false,0.70,文本未出现机构调研或研报线索
E086,investor_questions_increase,false,0.82,未发现时间窗内提问数量增加的聚合证据
E086,management_response_vague,false,0.76,未发现明显模糊回复
E086,announcement_contains_uncertainty,false,0.78,未发现公告不确定性提示
E086,event_evidence_strength,0.94,0.92,沿用事件抽取阶段的证据强度评分
E086,event_has_short_term_price_impact,0.78,0.70,基于事件类型的先验市场反应强度，用于规则归纳初始特征
E087,has_policy_support,true,0.96,事件类型为 policy_support
E087,policy_directly_related_to_business,true,0.90,政策原文证据明确涉及光伏主营业务或核心产品
E087,event_mentions_core_product,true,0.88,文本提及核心产品/业务关键词
E087,evidence_from_authoritative_source,true,0.94,来源为工业和信息化部
E087,social_attention_spikes,false,0.68,单条来源不足以证明关注度显著上升
E087,institutional_attention_increases,false,0.70,文本未出现机构调研或研报线索
E087,investor_questions_increase,false,0.82,未发现时间窗内提问数量增加的聚合证据
E087,management_response_vague,false,0.76,未发现明显模糊回复
E087,announcement_contains_uncertainty,false,0.78,未发现公告不确定性提示
E087,event_evidence_strength,0.94,0.92,沿用事件抽取阶段的证据强度评分
E087,event_has_short_term_price_impact,0.78,0.70,基于事件类型的先验市场反应强度，用于规则归纳初始特征
E088,has_policy_support,true,0.96,事件类型为 policy_support
E088,policy_directly_related_to_business,true,0.90,政策原文证据明确涉及光伏主营业务或核心产品
E088,event_mentions_core_product,true,0.88,文本提及核心产品/业务关键词
E088,evidence_from_authoritative_source,true,0.94,来源为工业和信息化部
E088,social_attention_spikes,false,0.68,单条来源不足以证明关注度显著上升
E088,institutional_attention_increases,false,0.70,文本未出现机构调研或研报线索
E088,investor_questions_increase,false,0.82,未发现时间窗内提问数量增加的聚合证据
E088,management_response_vague,false,0.76,未发现明显模糊回复
E088,announcement_contains_uncertainty,false,0.78,未发现公告不确定性提示
E088,event_evidence_strength,0.94,0.92,沿用事件抽取阶段的证据强度评分
E088,event_has_short_term_price_impact,0.78,0.70,基于事件类型的先验市场反应强度，用于规则归纳初始特征
E089,has_policy_support,false,0.88,事件不是政策利好类型
E089,policy_directly_related_to_business,false,0.78,政策原文证据未明确涉及锂电主营业务或核心产品
E089,event_mentions_core_product,false,0.74,文本未显式提及核心产品关键词
E089,evidence_from_authoritative_source,true,0.94,来源为巨潮资讯网
E089,social_attention_spikes,false,0.68,单条来源不足以证明关注度显著上升
E089,institutional_attention_increases,true,0.76,文本出现机构关注线索
E089,investor_questions_increase,false,0.82,未发现时间窗内提问数量增加的聚合证据
E089,management_response_vague,false,0.76,未发现明显模糊回复
E089,announcement_contains_uncertainty,false,0.78,未发现公告不确定性提示
E089,event_evidence_strength,0.90,0.92,沿用事件抽取阶段的证据强度评分
E089,event_has_short_term_price_impact,0.63,0.70,基于事件类型的先验市场反应强度，用于规则归纳初始特征
E090,has_policy_support,false,0.88,事件不是政策利好类型
E090,policy_directly_related_to_business,false,0.78,政策原文证据未明确涉及风电主营业务或核心产品
E090,event_mentions_core_product,true,0.88,文本提及核心产品/业务关键词
E090,evidence_from_authoritative_source,true,0.94,来源为上海证券报
E090,social_attention_spikes,false,0.68,单条来源不足以证明关注度显著上升
E090,institutional_attention_increases,true,0.76,文本出现机构关注线索
E090,investor_questions_increase,false,0.82,未发现时间窗内提问数量增加的聚合证据
E090,management_response_vague,false,0.76,未发现明显模糊回复
E090,announcement_contains_uncertainty,false,0.78,未发现公告不确定性提示
E090,event_evidence_strength,0.76,0.92,沿用事件抽取阶段的证据强度评分
E090,event_has_short_term_price_impact,0.68,0.70,基于事件类型的先验市场反应强度，用于规则归纳初始特征
E091,has_policy_support,false,0.88,事件不是政策利好类型
E091,policy_directly_related_to_business,false,0.78,政策原文证据未明确涉及风电主营业务或核心产品
E091,event_mentions_core_product,true,0.88,文本提及核心产品/业务关键词
E091,evidence_from_authoritative_source,true,0.94,来源为上海证券报
E091,social_attention_spikes,false,0.68,单条来源不足以证明关注度显著上升
E091,institutional_attention_increases,true,0.76,文本出现机构关注线索
E091,investor_questions_increase,false,0.82,未发现时间窗内提问数量增加的聚合证据
E091,management_response_vague,false,0.76,未发现明显模糊回复
E091,announcement_contains_uncertainty,false,0.78,未发现公告不确定性提示
E091,event_evidence_strength,0.76,0.92,沿用事件抽取阶段的证据强度评分
E091,event_has_short_term_price_impact,0.68,0.70,基于事件类型的先验市场反应强度，用于规则归纳初始特征
E092,has_policy_support,false,0.88,事件不是政策利好类型
E092,policy_directly_related_to_business,false,0.78,政策原文证据未明确涉及风电主营业务或核心产品
E092,event_mentions_core_product,true,0.88,文本提及核心产品/业务关键词
E092,evidence_from_authoritative_source,true,0.94,来源为上海证券报
E092,social_attention_spikes,false,0.68,单条来源不足以证明关注度显著上升
E092,institutional_attention_increases,true,0.76,文本出现机构关注线索
E092,investor_questions_increase,false,0.82,未发现时间窗内提问数量增加的聚合证据
E092,management_response_vague,false,0.76,未发现明显模糊回复
E092,announcement_contains_uncertainty,false,0.78,未发现公告不确定性提示
E092,event_evidence_strength,0.76,0.92,沿用事件抽取阶段的证据强度评分
E092,event_has_short_term_price_impact,0.68,0.70,基于事件类型的先验市场反应强度，用于规则归纳初始特征
E093,has_policy_support,false,0.88,事件不是政策利好类型
E093,policy_directly_related_to_business,false,0.78,政策原文证据未明确涉及风电主营业务或核心产品
E093,event_mentions_core_product,true,0.88,文本提及核心产品/业务关键词
E093,evidence_from_authoritative_source,true,0.94,来源为上海证券报
E093,social_attention_spikes,false,0.68,单条来源不足以证明关注度显著上升
E093,institutional_attention_increases,true,0.76,文本出现机构关注线索
E093,investor_questions_increase,false,0.82,未发现时间窗内提问数量增加的聚合证据
E093,management_response_vague,false,0.76,未发现明显模糊回复
E093,announcement_contains_uncertainty,false,0.78,未发现公告不确定性提示
E093,event_evidence_strength,0.76,0.92,沿用事件抽取阶段的证据强度评分
E093,event_has_short_term_price_impact,0.68,0.70,基于事件类型的先验市场反应强度，用于规则归纳初始特征
E094,has_policy_support,false,0.88,事件不是政策利好类型
E094,policy_directly_related_to_business,false,0.78,政策原文证据未明确涉及风电主营业务或核心产品
E094,event_mentions_core_product,true,0.88,文本提及核心产品/业务关键词
E094,evidence_from_authoritative_source,true,0.94,来源为上海证券报
E094,social_attention_spikes,false,0.68,单条来源不足以证明关注度显著上升
E094,institutional_attention_increases,true,0.76,文本出现机构关注线索
E094,investor_questions_increase,false,0.82,未发现时间窗内提问数量增加的聚合证据
E094,management_response_vague,false,0.76,未发现明显模糊回复
E094,announcement_contains_uncertainty,false,0.78,未发现公告不确定性提示
E094,event_evidence_strength,0.76,0.92,沿用事件抽取阶段的证据强度评分
E094,event_has_short_term_price_impact,0.68,0.70,基于事件类型的先验市场反应强度，用于规则归纳初始特征
E110,has_policy_support,false,0.88,事件不是政策利好类型
E110,policy_directly_related_to_business,false,0.78,政策原文证据未明确涉及锂电主营业务或核心产品
E110,event_mentions_core_product,false,0.74,文本未显式提及核心产品关键词
E110,evidence_from_authoritative_source,true,0.94,来源为巨潮资讯网
E110,social_attention_spikes,false,0.68,单条来源不足以证明关注度显著上升
E110,institutional_attention_increases,false,0.70,文本未出现机构调研或研报线索
E110,investor_questions_increase,false,0.82,未发现时间窗内提问数量增加的聚合证据
E110,management_response_vague,false,0.76,未发现明显模糊回复
E110,announcement_contains_uncertainty,false,0.78,未发现公告不确定性提示
E110,event_evidence_strength,0.88,0.92,沿用事件抽取阶段的证据强度评分
E110,event_has_short_term_price_impact,0.64,0.70,基于事件类型的先验市场反应强度，用于规则归纳初始特征
E111,has_policy_support,false,0.88,事件不是政策利好类型
E111,policy_directly_related_to_business,false,0.78,政策原文证据未明确涉及光伏主营业务或核心产品
E111,event_mentions_core_product,true,0.88,文本提及核心产品/业务关键词
E111,evidence_from_authoritative_source,true,0.94,来源为证券时报
E111,social_attention_spikes,false,0.68,单条来源不足以证明关注度显著上升
E111,institutional_attention_increases,false,0.70,文本未出现机构调研或研报线索
E111,investor_questions_increase,false,0.82,未发现时间窗内提问数量增加的聚合证据
E111,management_response_vague,false,0.76,未发现明显模糊回复
E111,announcement_contains_uncertainty,false,0.78,未发现公告不确定性提示
E111,event_evidence_strength,0.76,0.92,沿用事件抽取阶段的证据强度评分
E111,event_has_short_term_price_impact,0.68,0.70,基于事件类型的先验市场反应强度，用于规则归纳初始特征
E112,has_policy_support,false,0.88,事件不是政策利好类型
E112,policy_directly_related_to_business,false,0.78,政策原文证据未明确涉及光伏主营业务或核心产品
E112,event_mentions_core_product,true,0.88,文本提及核心产品/业务关键词
E112,evidence_from_authoritative_source,true,0.94,来源为证券时报
E112,social_attention_spikes,false,0.68,单条来源不足以证明关注度显著上升
E112,institutional_attention_increases,false,0.70,文本未出现机构调研或研报线索
E112,investor_questions_increase,false,0.82,未发现时间窗内提问数量增加的聚合证据
E112,management_response_vague,false,0.76,未发现明显模糊回复
E112,announcement_contains_uncertainty,false,0.78,未发现公告不确定性提示
E112,event_evidence_strength,0.76,0.92,沿用事件抽取阶段的证据强度评分
E112,event_has_short_term_price_impact,0.68,0.70,基于事件类型的先验市场反应强度，用于规则归纳初始特征
E113,has_policy_support,false,0.88,事件不是政策利好类型
E113,policy_directly_related_to_business,false,0.78,政策原文证据未明确涉及光伏主营业务或核心产品
E113,event_mentions_core_product,true,0.88,文本提及核心产品/业务关键词
E113,evidence_from_authoritative_source,true,0.94,来源为证券时报
E113,social_attention_spikes,false,0.68,单条来源不足以证明关注度显著上升
E113,institutional_attention_increases,false,0.70,文本未出现机构调研或研报线索
E113,investor_questions_increase,false,0.82,未发现时间窗内提问数量增加的聚合证据
E113,management_response_vague,false,0.76,未发现明显模糊回复
E113,announcement_contains_uncertainty,false,0.78,未发现公告不确定性提示
E113,event_evidence_strength,0.76,0.92,沿用事件抽取阶段的证据强度评分
E113,event_has_short_term_price_impact,0.68,0.70,基于事件类型的先验市场反应强度，用于规则归纳初始特征
E114,has_policy_support,false,0.88,事件不是政策利好类型
E114,policy_directly_related_to_business,false,0.78,政策原文证据未明确涉及光伏主营业务或核心产品
E114,event_mentions_core_product,true,0.88,文本提及核心产品/业务关键词
E114,evidence_from_authoritative_source,true,0.94,来源为证券时报
E114,social_attention_spikes,false,0.68,单条来源不足以证明关注度显著上升
E114,institutional_attention_increases,false,0.70,文本未出现机构调研或研报线索
E114,investor_questions_increase,false,0.82,未发现时间窗内提问数量增加的聚合证据
E114,management_response_vague,false,0.76,未发现明显模糊回复
E114,announcement_contains_uncertainty,false,0.78,未发现公告不确定性提示
E114,event_evidence_strength,0.76,0.92,沿用事件抽取阶段的证据强度评分
E114,event_has_short_term_price_impact,0.68,0.70,基于事件类型的先验市场反应强度，用于规则归纳初始特征
E115,has_policy_support,false,0.88,事件不是政策利好类型
E115,policy_directly_related_to_business,false,0.78,政策原文证据未明确涉及光伏主营业务或核心产品
E115,event_mentions_core_product,true,0.88,文本提及核心产品/业务关键词
E115,evidence_from_authoritative_source,true,0.94,来源为证券时报
E115,social_attention_spikes,false,0.68,单条来源不足以证明关注度显著上升
E115,institutional_attention_increases,false,0.70,文本未出现机构调研或研报线索
E115,investor_questions_increase,false,0.82,未发现时间窗内提问数量增加的聚合证据
E115,management_response_vague,false,0.76,未发现明显模糊回复
E115,announcement_contains_uncertainty,false,0.78,未发现公告不确定性提示
E115,event_evidence_strength,0.76,0.92,沿用事件抽取阶段的证据强度评分
E115,event_has_short_term_price_impact,0.68,0.70,基于事件类型的先验市场反应强度，用于规则归纳初始特征
E116,has_policy_support,false,0.88,事件不是政策利好类型
E116,policy_directly_related_to_business,false,0.78,政策原文证据未明确涉及光伏主营业务或核心产品
E116,event_mentions_core_product,true,0.88,文本提及核心产品/业务关键词
E116,evidence_from_authoritative_source,true,0.94,来源为证券时报
E116,social_attention_spikes,false,0.68,单条来源不足以证明关注度显著上升
E116,institutional_attention_increases,false,0.70,文本未出现机构调研或研报线索
E116,investor_questions_increase,false,0.82,未发现时间窗内提问数量增加的聚合证据
E116,management_response_vague,false,0.76,未发现明显模糊回复
E116,announcement_contains_uncertainty,false,0.78,未发现公告不确定性提示
E116,event_evidence_strength,0.76,0.92,沿用事件抽取阶段的证据强度评分
E116,event_has_short_term_price_impact,0.68,0.70,基于事件类型的先验市场反应强度，用于规则归纳初始特征
E118,has_policy_support,true,0.96,事件类型为 policy_support
E118,policy_directly_related_to_business,false,0.78,政策原文证据未明确涉及整车主营业务或核心产品
E118,event_mentions_core_product,false,0.74,文本未显式提及核心产品关键词
E118,evidence_from_authoritative_source,true,0.94,来源为中国政府网
E118,social_attention_spikes,false,0.68,单条来源不足以证明关注度显著上升
E118,institutional_attention_increases,false,0.70,文本未出现机构调研或研报线索
E118,investor_questions_increase,false,0.82,未发现时间窗内提问数量增加的聚合证据
E118,management_response_vague,false,0.76,未发现明显模糊回复
E118,announcement_contains_uncertainty,false,0.78,未发现公告不确定性提示
E118,event_evidence_strength,0.94,0.92,沿用事件抽取阶段的证据强度评分
E118,event_has_short_term_price_impact,0.78,0.70,基于事件类型的先验市场反应强度，用于规则归纳初始特征
E119,has_policy_support,true,0.96,事件类型为 policy_support
E119,policy_directly_related_to_business,false,0.78,政策原文证据未明确涉及整车主营业务或核心产品
E119,event_mentions_core_product,false,0.74,文本未显式提及核心产品关键词
E119,evidence_from_authoritative_source,true,0.94,来源为中国政府网
E119,social_attention_spikes,false,0.68,单条来源不足以证明关注度显著上升
E119,institutional_attention_increases,false,0.70,文本未出现机构调研或研报线索
E119,investor_questions_increase,false,0.82,未发现时间窗内提问数量增加的聚合证据
E119,management_response_vague,false,0.76,未发现明显模糊回复
E119,announcement_contains_uncertainty,false,0.78,未发现公告不确定性提示
E119,event_evidence_strength,0.94,0.92,沿用事件抽取阶段的证据强度评分
E119,event_has_short_term_price_impact,0.78,0.70,基于事件类型的先验市场反应强度，用于规则归纳初始特征
E120,has_policy_support,true,0.96,事件类型为 policy_support
E120,policy_directly_related_to_business,false,0.78,政策原文证据未明确涉及整车主营业务或核心产品
E120,event_mentions_core_product,false,0.74,文本未显式提及核心产品关键词
E120,evidence_from_authoritative_source,true,0.94,来源为中国政府网
E120,social_attention_spikes,false,0.68,单条来源不足以证明关注度显著上升
E120,institutional_attention_increases,false,0.70,文本未出现机构调研或研报线索
E120,investor_questions_increase,false,0.82,未发现时间窗内提问数量增加的聚合证据
E120,management_response_vague,false,0.76,未发现明显模糊回复
E120,announcement_contains_uncertainty,false,0.78,未发现公告不确定性提示
E120,event_evidence_strength,0.94,0.92,沿用事件抽取阶段的证据强度评分
E120,event_has_short_term_price_impact,0.78,0.70,基于事件类型的先验市场反应强度，用于规则归纳初始特征
E121,has_policy_support,true,0.96,事件类型为 policy_support
E121,policy_directly_related_to_business,false,0.78,政策原文证据未明确涉及整车主营业务或核心产品
E121,event_mentions_core_product,false,0.74,文本未显式提及核心产品关键词
E121,evidence_from_authoritative_source,true,0.94,来源为中国政府网
E121,social_attention_spikes,false,0.68,单条来源不足以证明关注度显著上升
E121,institutional_attention_increases,false,0.70,文本未出现机构调研或研报线索
E121,investor_questions_increase,false,0.82,未发现时间窗内提问数量增加的聚合证据
E121,management_response_vague,false,0.76,未发现明显模糊回复
E121,announcement_contains_uncertainty,false,0.78,未发现公告不确定性提示
E121,event_evidence_strength,0.94,0.92,沿用事件抽取阶段的证据强度评分
E121,event_has_short_term_price_impact,0.78,0.70,基于事件类型的先验市场反应强度，用于规则归纳初始特征
E122,has_policy_support,true,0.96,事件类型为 policy_support
E122,policy_directly_related_to_business,false,0.78,政策原文证据未明确涉及整车主营业务或核心产品
E122,event_mentions_core_product,false,0.74,文本未显式提及核心产品关键词
E122,evidence_from_authoritative_source,true,0.94,来源为中国政府网
E122,social_attention_spikes,false,0.68,单条来源不足以证明关注度显著上升
E122,institutional_attention_increases,false,0.70,文本未出现机构调研或研报线索
E122,investor_questions_increase,false,0.82,未发现时间窗内提问数量增加的聚合证据
E122,management_response_vague,false,0.76,未发现明显模糊回复
E122,announcement_contains_uncertainty,false,0.78,未发现公告不确定性提示
E122,event_evidence_strength,0.94,0.92,沿用事件抽取阶段的证据强度评分
E122,event_has_short_term_price_impact,0.78,0.70,基于事件类型的先验市场反应强度，用于规则归纳初始特征
E123,has_policy_support,false,0.88,事件不是政策利好类型
E123,policy_directly_related_to_business,false,0.78,政策原文证据未明确涉及锂电主营业务或核心产品
E123,event_mentions_core_product,false,0.74,文本未显式提及核心产品关键词
E123,evidence_from_authoritative_source,true,0.94,来源为巨潮资讯网
E123,social_attention_spikes,false,0.68,单条来源不足以证明关注度显著上升
E123,institutional_attention_increases,false,0.70,文本未出现机构调研或研报线索
E123,investor_questions_increase,false,0.82,未发现时间窗内提问数量增加的聚合证据
E123,management_response_vague,false,0.76,未发现明显模糊回复
E123,announcement_contains_uncertainty,false,0.78,未发现公告不确定性提示
E123,event_evidence_strength,0.88,0.92,沿用事件抽取阶段的证据强度评分
E123,event_has_short_term_price_impact,0.64,0.70,基于事件类型的先验市场反应强度，用于规则归纳初始特征
E130,has_policy_support,true,0.96,事件类型为 policy_support
E130,policy_directly_related_to_business,true,0.90,政策原文证据明确涉及储能主营业务或核心产品
E130,event_mentions_core_product,true,0.88,文本提及核心产品/业务关键词
E130,evidence_from_authoritative_source,true,0.94,来源为国家能源局
E130,social_attention_spikes,false,0.68,单条来源不足以证明关注度显著上升
E130,institutional_attention_increases,false,0.70,文本未出现机构调研或研报线索
E130,investor_questions_increase,false,0.82,未发现时间窗内提问数量增加的聚合证据
E130,management_response_vague,false,0.76,未发现明显模糊回复
E130,announcement_contains_uncertainty,false,0.78,未发现公告不确定性提示
E130,event_evidence_strength,0.94,0.92,沿用事件抽取阶段的证据强度评分
E130,event_has_short_term_price_impact,0.78,0.70,基于事件类型的先验市场反应强度，用于规则归纳初始特征
E131,has_policy_support,true,0.96,事件类型为 policy_support
E131,policy_directly_related_to_business,true,0.90,政策原文证据明确涉及储能主营业务或核心产品
E131,event_mentions_core_product,true,0.88,文本提及核心产品/业务关键词
E131,evidence_from_authoritative_source,true,0.94,来源为国家能源局
E131,social_attention_spikes,false,0.68,单条来源不足以证明关注度显著上升
E131,institutional_attention_increases,false,0.70,文本未出现机构调研或研报线索
E131,investor_questions_increase,false,0.82,未发现时间窗内提问数量增加的聚合证据
E131,management_response_vague,false,0.76,未发现明显模糊回复
E131,announcement_contains_uncertainty,false,0.78,未发现公告不确定性提示
E131,event_evidence_strength,0.94,0.92,沿用事件抽取阶段的证据强度评分
E131,event_has_short_term_price_impact,0.78,0.70,基于事件类型的先验市场反应强度，用于规则归纳初始特征
E132,has_policy_support,true,0.96,事件类型为 policy_support
E132,policy_directly_related_to_business,true,0.90,政策原文证据明确涉及储能主营业务或核心产品
E132,event_mentions_core_product,true,0.88,文本提及核心产品/业务关键词
E132,evidence_from_authoritative_source,true,0.94,来源为国家能源局
E132,social_attention_spikes,false,0.68,单条来源不足以证明关注度显著上升
E132,institutional_attention_increases,false,0.70,文本未出现机构调研或研报线索
E132,investor_questions_increase,false,0.82,未发现时间窗内提问数量增加的聚合证据
E132,management_response_vague,false,0.76,未发现明显模糊回复
E132,announcement_contains_uncertainty,false,0.78,未发现公告不确定性提示
E132,event_evidence_strength,0.94,0.92,沿用事件抽取阶段的证据强度评分
E132,event_has_short_term_price_impact,0.78,0.70,基于事件类型的先验市场反应强度，用于规则归纳初始特征
E133,has_policy_support,true,0.96,事件类型为 policy_support
E133,policy_directly_related_to_business,true,0.90,政策原文证据明确涉及储能主营业务或核心产品
E133,event_mentions_core_product,true,0.88,文本提及核心产品/业务关键词
E133,evidence_from_authoritative_source,true,0.94,来源为国家能源局
E133,social_attention_spikes,false,0.68,单条来源不足以证明关注度显著上升
E133,institutional_attention_increases,false,0.70,文本未出现机构调研或研报线索
E133,investor_questions_increase,false,0.82,未发现时间窗内提问数量增加的聚合证据
E133,management_response_vague,false,0.76,未发现明显模糊回复
E133,announcement_contains_uncertainty,false,0.78,未发现公告不确定性提示
E133,event_evidence_strength,0.94,0.92,沿用事件抽取阶段的证据强度评分
E133,event_has_short_term_price_impact,0.78,0.70,基于事件类型的先验市场反应强度，用于规则归纳初始特征
E134,has_policy_support,true,0.96,事件类型为 policy_support
E134,policy_directly_related_to_business,true,0.90,政策原文证据明确涉及储能主营业务或核心产品
E134,event_mentions_core_product,true,0.88,文本提及核心产品/业务关键词
E134,evidence_from_authoritative_source,true,0.94,来源为国家能源局
E134,social_attention_spikes,false,0.68,单条来源不足以证明关注度显著上升
E134,institutional_attention_increases,false,0.70,文本未出现机构调研或研报线索
E134,investor_questions_increase,false,0.82,未发现时间窗内提问数量增加的聚合证据
E134,management_response_vague,false,0.76,未发现明显模糊回复
E134,announcement_contains_uncertainty,false,0.78,未发现公告不确定性提示
E134,event_evidence_strength,0.94,0.92,沿用事件抽取阶段的证据强度评分
E134,event_has_short_term_price_impact,0.78,0.70,基于事件类型的先验市场反应强度，用于规则归纳初始特征
E135,has_policy_support,false,0.88,事件不是政策利好类型
E135,policy_directly_related_to_business,false,0.78,政策原文证据未明确涉及锂电主营业务或核心产品
E135,event_mentions_core_product,true,0.88,文本提及核心产品/业务关键词
E135,evidence_from_authoritative_source,true,0.94,来源为巨潮资讯网
E135,social_attention_spikes,false,0.68,单条来源不足以证明关注度显著上升
E135,institutional_attention_increases,false,0.70,文本未出现机构调研或研报线索
E135,investor_questions_increase,false,0.82,未发现时间窗内提问数量增加的聚合证据
E135,management_response_vague,false,0.76,未发现明显模糊回复
E135,announcement_contains_uncertainty,true,0.84,公告摘要包含风险或不确定性提示
E135,event_evidence_strength,0.90,0.92,沿用事件抽取阶段的证据强度评分
E135,event_has_short_term_price_impact,0.63,0.70,基于事件类型的先验市场反应强度，用于规则归纳初始特征
E148,has_policy_support,false,0.88,事件不是政策利好类型
E148,policy_directly_related_to_business,false,0.78,政策原文证据未明确涉及锂电主营业务或核心产品
E148,event_mentions_core_product,true,0.88,文本提及核心产品/业务关键词
E148,evidence_from_authoritative_source,true,0.94,来源为巨潮资讯网
E148,social_attention_spikes,false,0.68,单条来源不足以证明关注度显著上升
E148,institutional_attention_increases,false,0.70,文本未出现机构调研或研报线索
E148,investor_questions_increase,false,0.82,未发现时间窗内提问数量增加的聚合证据
E148,management_response_vague,false,0.76,未发现明显模糊回复
E148,announcement_contains_uncertainty,false,0.78,未发现公告不确定性提示
E148,event_evidence_strength,0.90,0.92,沿用事件抽取阶段的证据强度评分
E148,event_has_short_term_price_impact,0.63,0.70,基于事件类型的先验市场反应强度，用于规则归纳初始特征
E156,has_policy_support,false,0.88,事件不是政策利好类型
E156,policy_directly_related_to_business,false,0.78,政策原文证据未明确涉及锂电主营业务或核心产品
E156,event_mentions_core_product,true,0.88,文本提及核心产品/业务关键词
E156,evidence_from_authoritative_source,true,0.94,来源为巨潮资讯网
E156,social_attention_spikes,false,0.68,单条来源不足以证明关注度显著上升
E156,institutional_attention_increases,false,0.70,文本未出现机构调研或研报线索
E156,investor_questions_increase,false,0.82,未发现时间窗内提问数量增加的聚合证据
E156,management_response_vague,false,0.76,未发现明显模糊回复
E156,announcement_contains_uncertainty,false,0.78,未发现公告不确定性提示
E156,event_evidence_strength,0.90,0.92,沿用事件抽取阶段的证据强度评分
E156,event_has_short_term_price_impact,0.63,0.70,基于事件类型的先验市场反应强度，用于规则归纳初始特征
E163,has_policy_support,false,0.88,事件不是政策利好类型
E163,policy_directly_related_to_business,false,0.78,政策原文证据未明确涉及锂电主营业务或核心产品
E163,event_mentions_core_product,false,0.74,文本未显式提及核心产品关键词
E163,evidence_from_authoritative_source,true,0.94,来源为巨潮资讯网
E163,social_attention_spikes,false,0.68,单条来源不足以证明关注度显著上升
E163,institutional_attention_increases,false,0.70,文本未出现机构调研或研报线索
E163,investor_questions_increase,false,0.82,未发现时间窗内提问数量增加的聚合证据
E163,management_response_vague,false,0.76,未发现明显模糊回复
E163,announcement_contains_uncertainty,false,0.78,未发现公告不确定性提示
E163,event_evidence_strength,0.88,0.92,沿用事件抽取阶段的证据强度评分
E163,event_has_short_term_price_impact,0.64,0.70,基于事件类型的先验市场反应强度，用于规则归纳初始特征
E164,has_policy_support,false,0.88,事件不是政策利好类型
E164,policy_directly_related_to_business,false,0.78,政策原文证据未明确涉及风电主营业务或核心产品
E164,event_mentions_core_product,true,0.88,文本提及核心产品/业务关键词
E164,evidence_from_authoritative_source,false,0.72,来源为证券日报
E164,social_attention_spikes,false,0.68,单条来源不足以证明关注度显著上升
E164,institutional_attention_increases,false,0.70,文本未出现机构调研或研报线索
E164,investor_questions_increase,false,0.82,未发现时间窗内提问数量增加的聚合证据
E164,management_response_vague,false,0.76,未发现明显模糊回复
E164,announcement_contains_uncertainty,false,0.78,未发现公告不确定性提示
E164,event_evidence_strength,0.78,0.92,沿用事件抽取阶段的证据强度评分
E164,event_has_short_term_price_impact,0.63,0.70,基于事件类型的先验市场反应强度，用于规则归纳初始特征
E165,has_policy_support,false,0.88,事件不是政策利好类型
E165,policy_directly_related_to_business,false,0.78,政策原文证据未明确涉及风电主营业务或核心产品
E165,event_mentions_core_product,true,0.88,文本提及核心产品/业务关键词
E165,evidence_from_authoritative_source,false,0.72,来源为证券日报
E165,social_attention_spikes,false,0.68,单条来源不足以证明关注度显著上升
E165,institutional_attention_increases,false,0.70,文本未出现机构调研或研报线索
E165,investor_questions_increase,false,0.82,未发现时间窗内提问数量增加的聚合证据
E165,management_response_vague,false,0.76,未发现明显模糊回复
E165,announcement_contains_uncertainty,false,0.78,未发现公告不确定性提示
E165,event_evidence_strength,0.78,0.92,沿用事件抽取阶段的证据强度评分
E165,event_has_short_term_price_impact,0.63,0.70,基于事件类型的先验市场反应强度，用于规则归纳初始特征
E166,has_policy_support,false,0.88,事件不是政策利好类型
E166,policy_directly_related_to_business,false,0.78,政策原文证据未明确涉及风电主营业务或核心产品
E166,event_mentions_core_product,true,0.88,文本提及核心产品/业务关键词
E166,evidence_from_authoritative_source,false,0.72,来源为证券日报
E166,social_attention_spikes,false,0.68,单条来源不足以证明关注度显著上升
E166,institutional_attention_increases,false,0.70,文本未出现机构调研或研报线索
E166,investor_questions_increase,false,0.82,未发现时间窗内提问数量增加的聚合证据
E166,management_response_vague,false,0.76,未发现明显模糊回复
E166,announcement_contains_uncertainty,false,0.78,未发现公告不确定性提示
E166,event_evidence_strength,0.78,0.92,沿用事件抽取阶段的证据强度评分
E166,event_has_short_term_price_impact,0.63,0.70,基于事件类型的先验市场反应强度，用于规则归纳初始特征
E167,has_policy_support,false,0.88,事件不是政策利好类型
E167,policy_directly_related_to_business,false,0.78,政策原文证据未明确涉及风电主营业务或核心产品
E167,event_mentions_core_product,true,0.88,文本提及核心产品/业务关键词
E167,evidence_from_authoritative_source,false,0.72,来源为证券日报
E167,social_attention_spikes,false,0.68,单条来源不足以证明关注度显著上升
E167,institutional_attention_increases,false,0.70,文本未出现机构调研或研报线索
E167,investor_questions_increase,false,0.82,未发现时间窗内提问数量增加的聚合证据
E167,management_response_vague,false,0.76,未发现明显模糊回复
E167,announcement_contains_uncertainty,false,0.78,未发现公告不确定性提示
E167,event_evidence_strength,0.78,0.92,沿用事件抽取阶段的证据强度评分
E167,event_has_short_term_price_impact,0.63,0.70,基于事件类型的先验市场反应强度，用于规则归纳初始特征
E168,has_policy_support,false,0.88,事件不是政策利好类型
E168,policy_directly_related_to_business,false,0.78,政策原文证据未明确涉及风电主营业务或核心产品
E168,event_mentions_core_product,true,0.88,文本提及核心产品/业务关键词
E168,evidence_from_authoritative_source,false,0.72,来源为证券日报
E168,social_attention_spikes,false,0.68,单条来源不足以证明关注度显著上升
E168,institutional_attention_increases,false,0.70,文本未出现机构调研或研报线索
E168,investor_questions_increase,false,0.82,未发现时间窗内提问数量增加的聚合证据
E168,management_response_vague,false,0.76,未发现明显模糊回复
E168,announcement_contains_uncertainty,false,0.78,未发现公告不确定性提示
E168,event_evidence_strength,0.78,0.92,沿用事件抽取阶段的证据强度评分
E168,event_has_short_term_price_impact,0.63,0.70,基于事件类型的先验市场反应强度，用于规则归纳初始特征
E170,has_policy_support,false,0.88,事件不是政策利好类型
E170,policy_directly_related_to_business,false,0.78,政策原文证据未明确涉及风电主营业务或核心产品
E170,event_mentions_core_product,false,0.74,文本未显式提及核心产品关键词
E170,evidence_from_authoritative_source,true,0.94,来源为巨潮资讯网
E170,social_attention_spikes,false,0.68,单条来源不足以证明关注度显著上升
E170,institutional_attention_increases,false,0.70,文本未出现机构调研或研报线索
E170,investor_questions_increase,false,0.82,未发现时间窗内提问数量增加的聚合证据
E170,management_response_vague,false,0.76,未发现明显模糊回复
E170,announcement_contains_uncertainty,false,0.78,未发现公告不确定性提示
E170,event_evidence_strength,0.88,0.92,沿用事件抽取阶段的证据强度评分
E170,event_has_short_term_price_impact,0.64,0.70,基于事件类型的先验市场反应强度，用于规则归纳初始特征
E171,has_policy_support,false,0.88,事件不是政策利好类型
E171,policy_directly_related_to_business,false,0.78,政策原文证据未明确涉及锂电主营业务或核心产品
E171,event_mentions_core_product,true,0.88,文本提及核心产品/业务关键词
E171,evidence_from_authoritative_source,false,0.72,来源为腾讯新闻
E171,social_attention_spikes,true,0.82,新闻原文包含可量化或多源关注扩散线索
E171,institutional_attention_increases,false,0.70,文本未出现机构调研或研报线索
E171,investor_questions_increase,false,0.82,未发现时间窗内提问数量增加的聚合证据
E171,management_response_vague,false,0.76,未发现明显模糊回复
E171,announcement_contains_uncertainty,false,0.78,未发现公告不确定性提示
E171,event_evidence_strength,0.76,0.92,沿用事件抽取阶段的证据强度评分
E171,event_has_short_term_price_impact,0.68,0.70,基于事件类型的先验市场反应强度，用于规则归纳初始特征
E172,has_policy_support,false,0.88,事件不是政策利好类型
E172,policy_directly_related_to_business,false,0.78,政策原文证据未明确涉及锂电主营业务或核心产品
E172,event_mentions_core_product,true,0.88,文本提及核心产品/业务关键词
E172,evidence_from_authoritative_source,false,0.72,来源为腾讯新闻
E172,social_attention_spikes,true,0.82,新闻原文包含可量化或多源关注扩散线索
E172,institutional_attention_increases,false,0.70,文本未出现机构调研或研报线索
E172,investor_questions_increase,false,0.82,未发现时间窗内提问数量增加的聚合证据
E172,management_response_vague,false,0.76,未发现明显模糊回复
E172,announcement_contains_uncertainty,false,0.78,未发现公告不确定性提示
E172,event_evidence_strength,0.76,0.92,沿用事件抽取阶段的证据强度评分
E172,event_has_short_term_price_impact,0.68,0.70,基于事件类型的先验市场反应强度，用于规则归纳初始特征
E173,has_policy_support,false,0.88,事件不是政策利好类型
E173,policy_directly_related_to_business,false,0.78,政策原文证据未明确涉及锂电主营业务或核心产品
E173,event_mentions_core_product,true,0.88,文本提及核心产品/业务关键词
E173,evidence_from_authoritative_source,false,0.72,来源为腾讯新闻
E173,social_attention_spikes,true,0.82,新闻原文包含可量化或多源关注扩散线索
E173,institutional_attention_increases,false,0.70,文本未出现机构调研或研报线索
E173,investor_questions_increase,false,0.82,未发现时间窗内提问数量增加的聚合证据
E173,management_response_vague,false,0.76,未发现明显模糊回复
E173,announcement_contains_uncertainty,false,0.78,未发现公告不确定性提示
E173,event_evidence_strength,0.76,0.92,沿用事件抽取阶段的证据强度评分
E173,event_has_short_term_price_impact,0.68,0.70,基于事件类型的先验市场反应强度，用于规则归纳初始特征
E174,has_policy_support,false,0.88,事件不是政策利好类型
E174,policy_directly_related_to_business,false,0.78,政策原文证据未明确涉及锂电主营业务或核心产品
E174,event_mentions_core_product,true,0.88,文本提及核心产品/业务关键词
E174,evidence_from_authoritative_source,false,0.72,来源为腾讯新闻
E174,social_attention_spikes,true,0.82,新闻原文包含可量化或多源关注扩散线索
E174,institutional_attention_increases,false,0.70,文本未出现机构调研或研报线索
E174,investor_questions_increase,false,0.82,未发现时间窗内提问数量增加的聚合证据
E174,management_response_vague,false,0.76,未发现明显模糊回复
E174,announcement_contains_uncertainty,false,0.78,未发现公告不确定性提示
E174,event_evidence_strength,0.76,0.92,沿用事件抽取阶段的证据强度评分
E174,event_has_short_term_price_impact,0.68,0.70,基于事件类型的先验市场反应强度，用于规则归纳初始特征
E175,has_policy_support,false,0.88,事件不是政策利好类型
E175,policy_directly_related_to_business,false,0.78,政策原文证据未明确涉及锂电主营业务或核心产品
E175,event_mentions_core_product,true,0.88,文本提及核心产品/业务关键词
E175,evidence_from_authoritative_source,false,0.72,来源为腾讯新闻
E175,social_attention_spikes,true,0.82,新闻原文包含可量化或多源关注扩散线索
E175,institutional_attention_increases,false,0.70,文本未出现机构调研或研报线索
E175,investor_questions_increase,false,0.82,未发现时间窗内提问数量增加的聚合证据
E175,management_response_vague,false,0.76,未发现明显模糊回复
E175,announcement_contains_uncertainty,false,0.78,未发现公告不确定性提示
E175,event_evidence_strength,0.76,0.92,沿用事件抽取阶段的证据强度评分
E175,event_has_short_term_price_impact,0.68,0.70,基于事件类型的先验市场反应强度，用于规则归纳初始特征
E176,has_policy_support,false,0.88,事件不是政策利好类型
E176,policy_directly_related_to_business,false,0.78,政策原文证据未明确涉及锂电主营业务或核心产品
E176,event_mentions_core_product,true,0.88,文本提及核心产品/业务关键词
E176,evidence_from_authoritative_source,false,0.72,来源为腾讯新闻
E176,social_attention_spikes,true,0.82,新闻原文包含可量化或多源关注扩散线索
E176,institutional_attention_increases,false,0.70,文本未出现机构调研或研报线索
E176,investor_questions_increase,false,0.82,未发现时间窗内提问数量增加的聚合证据
E176,management_response_vague,false,0.76,未发现明显模糊回复
E176,announcement_contains_uncertainty,false,0.78,未发现公告不确定性提示
E176,event_evidence_strength,0.76,0.92,沿用事件抽取阶段的证据强度评分
E176,event_has_short_term_price_impact,0.68,0.70,基于事件类型的先验市场反应强度，用于规则归纳初始特征
E177,has_policy_support,false,0.88,事件不是政策利好类型
E177,policy_directly_related_to_business,false,0.78,政策原文证据未明确涉及锂电主营业务或核心产品
E177,event_mentions_core_product,true,0.88,文本提及核心产品/业务关键词
E177,evidence_from_authoritative_source,false,0.72,来源为腾讯新闻
E177,social_attention_spikes,true,0.82,新闻原文包含可量化或多源关注扩散线索
E177,institutional_attention_increases,false,0.70,文本未出现机构调研或研报线索
E177,investor_questions_increase,false,0.82,未发现时间窗内提问数量增加的聚合证据
E177,management_response_vague,false,0.76,未发现明显模糊回复
E177,announcement_contains_uncertainty,false,0.78,未发现公告不确定性提示
E177,event_evidence_strength,0.76,0.92,沿用事件抽取阶段的证据强度评分
E177,event_has_short_term_price_impact,0.68,0.70,基于事件类型的先验市场反应强度，用于规则归纳初始特征
E178,has_policy_support,false,0.88,事件不是政策利好类型
E178,policy_directly_related_to_business,false,0.78,政策原文证据未明确涉及锂电主营业务或核心产品
E178,event_mentions_core_product,true,0.88,文本提及核心产品/业务关键词
E178,evidence_from_authoritative_source,false,0.72,来源为腾讯新闻
E178,social_attention_spikes,true,0.82,新闻原文包含可量化或多源关注扩散线索
E178,institutional_attention_increases,false,0.70,文本未出现机构调研或研报线索
E178,investor_questions_increase,false,0.82,未发现时间窗内提问数量增加的聚合证据
E178,management_response_vague,false,0.76,未发现明显模糊回复
E178,announcement_contains_uncertainty,false,0.78,未发现公告不确定性提示
E178,event_evidence_strength,0.76,0.92,沿用事件抽取阶段的证据强度评分
E178,event_has_short_term_price_impact,0.68,0.70,基于事件类型的先验市场反应强度，用于规则归纳初始特征
E179,has_policy_support,false,0.88,事件不是政策利好类型
E179,policy_directly_related_to_business,false,0.78,政策原文证据未明确涉及锂电主营业务或核心产品
E179,event_mentions_core_product,true,0.88,文本提及核心产品/业务关键词
E179,evidence_from_authoritative_source,false,0.72,来源为腾讯新闻
E179,social_attention_spikes,true,0.82,新闻原文包含可量化或多源关注扩散线索
E179,institutional_attention_increases,false,0.70,文本未出现机构调研或研报线索
E179,investor_questions_increase,false,0.82,未发现时间窗内提问数量增加的聚合证据
E179,management_response_vague,false,0.76,未发现明显模糊回复
E179,announcement_contains_uncertainty,false,0.78,未发现公告不确定性提示
E179,event_evidence_strength,0.76,0.92,沿用事件抽取阶段的证据强度评分
E179,event_has_short_term_price_impact,0.68,0.70,基于事件类型的先验市场反应强度，用于规则归纳初始特征
E180,has_policy_support,false,0.88,事件不是政策利好类型
E180,policy_directly_related_to_business,false,0.78,政策原文证据未明确涉及整车主营业务或核心产品
E180,event_mentions_core_product,true,0.88,文本提及核心产品/业务关键词
E180,evidence_from_authoritative_source,false,0.72,来源为腾讯新闻
E180,social_attention_spikes,true,0.82,新闻原文包含可量化或多源关注扩散线索
E180,institutional_attention_increases,false,0.70,文本未出现机构调研或研报线索
E180,investor_questions_increase,false,0.82,未发现时间窗内提问数量增加的聚合证据
E180,management_response_vague,false,0.76,未发现明显模糊回复
E180,announcement_contains_uncertainty,false,0.78,未发现公告不确定性提示
E180,event_evidence_strength,0.76,0.92,沿用事件抽取阶段的证据强度评分
E180,event_has_short_term_price_impact,0.68,0.70,基于事件类型的先验市场反应强度，用于规则归纳初始特征
E181,has_policy_support,false,0.88,事件不是政策利好类型
E181,policy_directly_related_to_business,false,0.78,政策原文证据未明确涉及整车主营业务或核心产品
E181,event_mentions_core_product,true,0.88,文本提及核心产品/业务关键词
E181,evidence_from_authoritative_source,false,0.72,来源为腾讯新闻
E181,social_attention_spikes,true,0.82,新闻原文包含可量化或多源关注扩散线索
E181,institutional_attention_increases,false,0.70,文本未出现机构调研或研报线索
E181,investor_questions_increase,false,0.82,未发现时间窗内提问数量增加的聚合证据
E181,management_response_vague,false,0.76,未发现明显模糊回复
E181,announcement_contains_uncertainty,false,0.78,未发现公告不确定性提示
E181,event_evidence_strength,0.76,0.92,沿用事件抽取阶段的证据强度评分
E181,event_has_short_term_price_impact,0.68,0.70,基于事件类型的先验市场反应强度，用于规则归纳初始特征
E182,has_policy_support,false,0.88,事件不是政策利好类型
E182,policy_directly_related_to_business,false,0.78,政策原文证据未明确涉及整车主营业务或核心产品
E182,event_mentions_core_product,true,0.88,文本提及核心产品/业务关键词
E182,evidence_from_authoritative_source,false,0.72,来源为腾讯新闻
E182,social_attention_spikes,true,0.82,新闻原文包含可量化或多源关注扩散线索
E182,institutional_attention_increases,false,0.70,文本未出现机构调研或研报线索
E182,investor_questions_increase,false,0.82,未发现时间窗内提问数量增加的聚合证据
E182,management_response_vague,false,0.76,未发现明显模糊回复
E182,announcement_contains_uncertainty,false,0.78,未发现公告不确定性提示
E182,event_evidence_strength,0.76,0.92,沿用事件抽取阶段的证据强度评分
E182,event_has_short_term_price_impact,0.68,0.70,基于事件类型的先验市场反应强度，用于规则归纳初始特征
E183,has_policy_support,false,0.88,事件不是政策利好类型
E183,policy_directly_related_to_business,false,0.78,政策原文证据未明确涉及整车主营业务或核心产品
E183,event_mentions_core_product,true,0.88,文本提及核心产品/业务关键词
E183,evidence_from_authoritative_source,false,0.72,来源为腾讯新闻
E183,social_attention_spikes,true,0.82,新闻原文包含可量化或多源关注扩散线索
E183,institutional_attention_increases,false,0.70,文本未出现机构调研或研报线索
E183,investor_questions_increase,false,0.82,未发现时间窗内提问数量增加的聚合证据
E183,management_response_vague,false,0.76,未发现明显模糊回复
E183,announcement_contains_uncertainty,false,0.78,未发现公告不确定性提示
E183,event_evidence_strength,0.76,0.92,沿用事件抽取阶段的证据强度评分
E183,event_has_short_term_price_impact,0.68,0.70,基于事件类型的先验市场反应强度，用于规则归纳初始特征
E184,has_policy_support,false,0.88,事件不是政策利好类型
E184,policy_directly_related_to_business,false,0.78,政策原文证据未明确涉及整车主营业务或核心产品
E184,event_mentions_core_product,true,0.88,文本提及核心产品/业务关键词
E184,evidence_from_authoritative_source,false,0.72,来源为腾讯新闻
E184,social_attention_spikes,true,0.82,新闻原文包含可量化或多源关注扩散线索
E184,institutional_attention_increases,false,0.70,文本未出现机构调研或研报线索
E184,investor_questions_increase,false,0.82,未发现时间窗内提问数量增加的聚合证据
E184,management_response_vague,false,0.76,未发现明显模糊回复
E184,announcement_contains_uncertainty,false,0.78,未发现公告不确定性提示
E184,event_evidence_strength,0.76,0.92,沿用事件抽取阶段的证据强度评分
E184,event_has_short_term_price_impact,0.68,0.70,基于事件类型的先验市场反应强度，用于规则归纳初始特征
E186,has_policy_support,false,0.88,事件不是政策利好类型
E186,policy_directly_related_to_business,false,0.78,政策原文证据未明确涉及风电主营业务或核心产品
E186,event_mentions_core_product,false,0.74,文本未显式提及核心产品关键词
E186,evidence_from_authoritative_source,true,0.94,来源为巨潮资讯网
E186,social_attention_spikes,false,0.68,单条来源不足以证明关注度显著上升
E186,institutional_attention_increases,false,0.70,文本未出现机构调研或研报线索
E186,investor_questions_increase,false,0.82,未发现时间窗内提问数量增加的聚合证据
E186,management_response_vague,false,0.76,未发现明显模糊回复
E186,announcement_contains_uncertainty,false,0.78,未发现公告不确定性提示
E186,event_evidence_strength,0.88,0.92,沿用事件抽取阶段的证据强度评分
E186,event_has_short_term_price_impact,0.64,0.70,基于事件类型的先验市场反应强度，用于规则归纳初始特征
E199,has_policy_support,false,0.88,事件不是政策利好类型
E199,policy_directly_related_to_business,false,0.78,政策原文证据未明确涉及风电主营业务或核心产品
E199,event_mentions_core_product,false,0.74,文本未显式提及核心产品关键词
E199,evidence_from_authoritative_source,true,0.94,来源为巨潮资讯网
E199,social_attention_spikes,false,0.68,单条来源不足以证明关注度显著上升
E199,institutional_attention_increases,false,0.70,文本未出现机构调研或研报线索
E199,investor_questions_increase,false,0.82,未发现时间窗内提问数量增加的聚合证据
E199,management_response_vague,false,0.76,未发现明显模糊回复
E199,announcement_contains_uncertainty,false,0.78,未发现公告不确定性提示
E199,event_evidence_strength,0.88,0.92,沿用事件抽取阶段的证据强度评分
E199,event_has_short_term_price_impact,0.64,0.70,基于事件类型的先验市场反应强度，用于规则归纳初始特征
E200,has_policy_support,false,0.88,事件不是政策利好类型
E200,policy_directly_related_to_business,false,0.78,政策原文证据未明确涉及锂电主营业务或核心产品
E200,event_mentions_core_product,true,0.88,文本提及核心产品/业务关键词
E200,evidence_from_authoritative_source,false,0.72,来源为腾讯新闻
E200,social_attention_spikes,true,0.82,新闻原文包含可量化或多源关注扩散线索
E200,institutional_attention_increases,false,0.70,文本未出现机构调研或研报线索
E200,investor_questions_increase,false,0.82,未发现时间窗内提问数量增加的聚合证据
E200,management_response_vague,false,0.76,未发现明显模糊回复
E200,announcement_contains_uncertainty,false,0.78,未发现公告不确定性提示
E200,event_evidence_strength,0.76,0.92,沿用事件抽取阶段的证据强度评分
E200,event_has_short_term_price_impact,0.68,0.70,基于事件类型的先验市场反应强度，用于规则归纳初始特征
E201,has_policy_support,false,0.88,事件不是政策利好类型
E201,policy_directly_related_to_business,false,0.78,政策原文证据未明确涉及整车主营业务或核心产品
E201,event_mentions_core_product,true,0.88,文本提及核心产品/业务关键词
E201,evidence_from_authoritative_source,false,0.72,来源为腾讯新闻
E201,social_attention_spikes,true,0.82,新闻原文包含可量化或多源关注扩散线索
E201,institutional_attention_increases,false,0.70,文本未出现机构调研或研报线索
E201,investor_questions_increase,false,0.82,未发现时间窗内提问数量增加的聚合证据
E201,management_response_vague,false,0.76,未发现明显模糊回复
E201,announcement_contains_uncertainty,false,0.78,未发现公告不确定性提示
E201,event_evidence_strength,0.76,0.92,沿用事件抽取阶段的证据强度评分
E201,event_has_short_term_price_impact,0.68,0.70,基于事件类型的先验市场反应强度，用于规则归纳初始特征
E203,has_policy_support,false,0.88,事件不是政策利好类型
E203,policy_directly_related_to_business,false,0.78,政策原文证据未明确涉及风电主营业务或核心产品
E203,event_mentions_core_product,false,0.74,文本未显式提及核心产品关键词
E203,evidence_from_authoritative_source,true,0.94,来源为巨潮资讯网
E203,social_attention_spikes,false,0.68,单条来源不足以证明关注度显著上升
E203,institutional_attention_increases,false,0.70,文本未出现机构调研或研报线索
E203,investor_questions_increase,false,0.82,未发现时间窗内提问数量增加的聚合证据
E203,management_response_vague,false,0.76,未发现明显模糊回复
E203,announcement_contains_uncertainty,false,0.78,未发现公告不确定性提示
E203,event_evidence_strength,0.88,0.92,沿用事件抽取阶段的证据强度评分
E203,event_has_short_term_price_impact,0.64,0.70,基于事件类型的先验市场反应强度，用于规则归纳初始特征
E215,has_policy_support,false,0.88,事件不是政策利好类型
E215,policy_directly_related_to_business,false,0.78,政策原文证据未明确涉及风电主营业务或核心产品
E215,event_mentions_core_product,false,0.74,文本未显式提及核心产品关键词
E215,evidence_from_authoritative_source,true,0.94,来源为巨潮资讯网
E215,social_attention_spikes,false,0.68,单条来源不足以证明关注度显著上升
E215,institutional_attention_increases,true,0.76,文本出现机构关注线索
E215,investor_questions_increase,false,0.82,未发现时间窗内提问数量增加的聚合证据
E215,management_response_vague,false,0.76,未发现明显模糊回复
E215,announcement_contains_uncertainty,true,0.84,公告摘要包含风险或不确定性提示
E215,event_evidence_strength,0.88,0.92,沿用事件抽取阶段的证据强度评分
E215,event_has_short_term_price_impact,0.58,0.70,基于事件类型的先验市场反应强度，用于规则归纳初始特征
E222,has_policy_support,false,0.88,事件不是政策利好类型
E222,policy_directly_related_to_business,false,0.78,政策原文证据未明确涉及储能主营业务或核心产品
E222,event_mentions_core_product,false,0.74,文本未显式提及核心产品关键词
E222,evidence_from_authoritative_source,true,0.94,来源为巨潮资讯网
E222,social_attention_spikes,false,0.68,单条来源不足以证明关注度显著上升
E222,institutional_attention_increases,false,0.70,文本未出现机构调研或研报线索
E222,investor_questions_increase,false,0.82,未发现时间窗内提问数量增加的聚合证据
E222,management_response_vague,false,0.76,未发现明显模糊回复
E222,announcement_contains_uncertainty,false,0.78,未发现公告不确定性提示
E222,event_evidence_strength,0.88,0.92,沿用事件抽取阶段的证据强度评分
E222,event_has_short_term_price_impact,0.64,0.70,基于事件类型的先验市场反应强度，用于规则归纳初始特征
E236,has_policy_support,false,0.88,事件不是政策利好类型
E236,policy_directly_related_to_business,false,0.78,政策原文证据未明确涉及储能主营业务或核心产品
E236,event_mentions_core_product,false,0.74,文本未显式提及核心产品关键词
E236,evidence_from_authoritative_source,true,0.94,来源为巨潮资讯网
E236,social_attention_spikes,false,0.68,单条来源不足以证明关注度显著上升
E236,institutional_attention_increases,false,0.70,文本未出现机构调研或研报线索
E236,investor_questions_increase,false,0.82,未发现时间窗内提问数量增加的聚合证据
E236,management_response_vague,false,0.76,未发现明显模糊回复
E236,announcement_contains_uncertainty,false,0.78,未发现公告不确定性提示
E236,event_evidence_strength,0.90,0.92,沿用事件抽取阶段的证据强度评分
E236,event_has_short_term_price_impact,0.63,0.70,基于事件类型的先验市场反应强度，用于规则归纳初始特征
E273,has_policy_support,false,0.88,事件不是政策利好类型
E273,policy_directly_related_to_business,false,0.78,政策原文证据未明确涉及储能主营业务或核心产品
E273,event_mentions_core_product,false,0.74,文本未显式提及核心产品关键词
E273,evidence_from_authoritative_source,true,0.94,来源为巨潮资讯网
E273,social_attention_spikes,false,0.68,单条来源不足以证明关注度显著上升
E273,institutional_attention_increases,false,0.70,文本未出现机构调研或研报线索
E273,investor_questions_increase,false,0.82,未发现时间窗内提问数量增加的聚合证据
E273,management_response_vague,false,0.76,未发现明显模糊回复
E273,announcement_contains_uncertainty,false,0.78,未发现公告不确定性提示
E273,event_evidence_strength,0.88,0.92,沿用事件抽取阶段的证据强度评分
E273,event_has_short_term_price_impact,0.64,0.70,基于事件类型的先验市场反应强度，用于规则归纳初始特征
E276,has_policy_support,false,0.88,事件不是政策利好类型
E276,policy_directly_related_to_business,false,0.78,政策原文证据未明确涉及整车主营业务或核心产品
E276,event_mentions_core_product,true,0.88,文本提及核心产品/业务关键词
E276,evidence_from_authoritative_source,false,0.72,来源为新浪财经
E276,social_attention_spikes,true,0.82,新闻原文包含可量化或多源关注扩散线索
E276,institutional_attention_increases,false,0.70,文本未出现机构调研或研报线索
E276,investor_questions_increase,false,0.82,未发现时间窗内提问数量增加的聚合证据
E276,management_response_vague,false,0.76,未发现明显模糊回复
E276,announcement_contains_uncertainty,false,0.78,未发现公告不确定性提示
E276,event_evidence_strength,0.76,0.92,沿用事件抽取阶段的证据强度评分
E276,event_has_short_term_price_impact,0.68,0.70,基于事件类型的先验市场反应强度，用于规则归纳初始特征
E277,has_policy_support,false,0.88,事件不是政策利好类型
E277,policy_directly_related_to_business,false,0.78,政策原文证据未明确涉及整车主营业务或核心产品
E277,event_mentions_core_product,true,0.88,文本提及核心产品/业务关键词
E277,evidence_from_authoritative_source,false,0.72,来源为新浪财经
E277,social_attention_spikes,true,0.82,新闻原文包含可量化或多源关注扩散线索
E277,institutional_attention_increases,false,0.70,文本未出现机构调研或研报线索
E277,investor_questions_increase,false,0.82,未发现时间窗内提问数量增加的聚合证据
E277,management_response_vague,false,0.76,未发现明显模糊回复
E277,announcement_contains_uncertainty,false,0.78,未发现公告不确定性提示
E277,event_evidence_strength,0.76,0.92,沿用事件抽取阶段的证据强度评分
E277,event_has_short_term_price_impact,0.68,0.70,基于事件类型的先验市场反应强度，用于规则归纳初始特征
E278,has_policy_support,false,0.88,事件不是政策利好类型
E278,policy_directly_related_to_business,false,0.78,政策原文证据未明确涉及整车主营业务或核心产品
E278,event_mentions_core_product,true,0.88,文本提及核心产品/业务关键词
E278,evidence_from_authoritative_source,false,0.72,来源为新浪财经
E278,social_attention_spikes,true,0.82,新闻原文包含可量化或多源关注扩散线索
E278,institutional_attention_increases,false,0.70,文本未出现机构调研或研报线索
E278,investor_questions_increase,false,0.82,未发现时间窗内提问数量增加的聚合证据
E278,management_response_vague,false,0.76,未发现明显模糊回复
E278,announcement_contains_uncertainty,false,0.78,未发现公告不确定性提示
E278,event_evidence_strength,0.76,0.92,沿用事件抽取阶段的证据强度评分
E278,event_has_short_term_price_impact,0.68,0.70,基于事件类型的先验市场反应强度，用于规则归纳初始特征
E279,has_policy_support,false,0.88,事件不是政策利好类型
E279,policy_directly_related_to_business,false,0.78,政策原文证据未明确涉及整车主营业务或核心产品
E279,event_mentions_core_product,true,0.88,文本提及核心产品/业务关键词
E279,evidence_from_authoritative_source,false,0.72,来源为新浪财经
E279,social_attention_spikes,true,0.82,新闻原文包含可量化或多源关注扩散线索
E279,institutional_attention_increases,false,0.70,文本未出现机构调研或研报线索
E279,investor_questions_increase,false,0.82,未发现时间窗内提问数量增加的聚合证据
E279,management_response_vague,false,0.76,未发现明显模糊回复
E279,announcement_contains_uncertainty,false,0.78,未发现公告不确定性提示
E279,event_evidence_strength,0.76,0.92,沿用事件抽取阶段的证据强度评分
E279,event_has_short_term_price_impact,0.68,0.70,基于事件类型的先验市场反应强度，用于规则归纳初始特征
E280,has_policy_support,false,0.88,事件不是政策利好类型
E280,policy_directly_related_to_business,false,0.78,政策原文证据未明确涉及整车主营业务或核心产品
E280,event_mentions_core_product,true,0.88,文本提及核心产品/业务关键词
E280,evidence_from_authoritative_source,false,0.72,来源为新浪财经
E280,social_attention_spikes,true,0.82,新闻原文包含可量化或多源关注扩散线索
E280,institutional_attention_increases,false,0.70,文本未出现机构调研或研报线索
E280,investor_questions_increase,false,0.82,未发现时间窗内提问数量增加的聚合证据
E280,management_response_vague,false,0.76,未发现明显模糊回复
E280,announcement_contains_uncertainty,false,0.78,未发现公告不确定性提示
E280,event_evidence_strength,0.76,0.92,沿用事件抽取阶段的证据强度评分
E280,event_has_short_term_price_impact,0.68,0.70,基于事件类型的先验市场反应强度，用于规则归纳初始特征
E282,has_policy_support,false,0.88,事件不是政策利好类型
E282,policy_directly_related_to_business,false,0.78,政策原文证据未明确涉及整车主营业务或核心产品
E282,event_mentions_core_product,false,0.74,文本未显式提及核心产品关键词
E282,evidence_from_authoritative_source,true,0.94,来源为巨潮资讯网
E282,social_attention_spikes,false,0.68,单条来源不足以证明关注度显著上升
E282,institutional_attention_increases,false,0.70,文本未出现机构调研或研报线索
E282,investor_questions_increase,false,0.82,未发现时间窗内提问数量增加的聚合证据
E282,management_response_vague,false,0.76,未发现明显模糊回复
E282,announcement_contains_uncertainty,false,0.78,未发现公告不确定性提示
E282,event_evidence_strength,0.88,0.92,沿用事件抽取阶段的证据强度评分
E282,event_has_short_term_price_impact,0.64,0.70,基于事件类型的先验市场反应强度，用于规则归纳初始特征
E284,has_policy_support,false,0.88,事件不是政策利好类型
E284,policy_directly_related_to_business,false,0.78,政策原文证据未明确涉及整车主营业务或核心产品
E284,event_mentions_core_product,false,0.74,文本未显式提及核心产品关键词
E284,evidence_from_authoritative_source,true,0.94,来源为巨潮资讯网
E284,social_attention_spikes,false,0.68,单条来源不足以证明关注度显著上升
E284,institutional_attention_increases,false,0.70,文本未出现机构调研或研报线索
E284,investor_questions_increase,false,0.82,未发现时间窗内提问数量增加的聚合证据
E284,management_response_vague,false,0.76,未发现明显模糊回复
E284,announcement_contains_uncertainty,true,0.84,公告摘要包含风险或不确定性提示
E284,event_evidence_strength,0.88,0.92,沿用事件抽取阶段的证据强度评分
E284,event_has_short_term_price_impact,0.58,0.70,基于事件类型的先验市场反应强度，用于规则归纳初始特征
E286,has_policy_support,false,0.88,事件不是政策利好类型
E286,policy_directly_related_to_business,false,0.78,政策原文证据未明确涉及整车主营业务或核心产品
E286,event_mentions_core_product,false,0.74,文本未显式提及核心产品关键词
E286,evidence_from_authoritative_source,true,0.94,来源为巨潮资讯网
E286,social_attention_spikes,false,0.68,单条来源不足以证明关注度显著上升
E286,institutional_attention_increases,false,0.70,文本未出现机构调研或研报线索
E286,investor_questions_increase,false,0.82,未发现时间窗内提问数量增加的聚合证据
E286,management_response_vague,false,0.76,未发现明显模糊回复
E286,announcement_contains_uncertainty,false,0.78,未发现公告不确定性提示
E286,event_evidence_strength,0.90,0.92,沿用事件抽取阶段的证据强度评分
E286,event_has_short_term_price_impact,0.63,0.70,基于事件类型的先验市场反应强度，用于规则归纳初始特征
E287,has_policy_support,false,0.88,事件不是政策利好类型
E287,policy_directly_related_to_business,false,0.78,政策原文证据未明确涉及整车主营业务或核心产品
E287,event_mentions_core_product,true,0.88,文本提及核心产品/业务关键词
E287,evidence_from_authoritative_source,false,0.72,来源为腾讯新闻
E287,social_attention_spikes,true,0.82,新闻原文包含可量化或多源关注扩散线索
E287,institutional_attention_increases,false,0.70,文本未出现机构调研或研报线索
E287,investor_questions_increase,false,0.82,未发现时间窗内提问数量增加的聚合证据
E287,management_response_vague,false,0.76,未发现明显模糊回复
E287,announcement_contains_uncertainty,false,0.78,未发现公告不确定性提示
E287,event_evidence_strength,0.76,0.92,沿用事件抽取阶段的证据强度评分
E287,event_has_short_term_price_impact,0.68,0.70,基于事件类型的先验市场反应强度，用于规则归纳初始特征
E288,has_policy_support,false,0.88,事件不是政策利好类型
E288,policy_directly_related_to_business,false,0.78,政策原文证据未明确涉及整车主营业务或核心产品
E288,event_mentions_core_product,true,0.88,文本提及核心产品/业务关键词
E288,evidence_from_authoritative_source,false,0.72,来源为腾讯新闻
E288,social_attention_spikes,true,0.82,新闻原文包含可量化或多源关注扩散线索
E288,institutional_attention_increases,false,0.70,文本未出现机构调研或研报线索
E288,investor_questions_increase,false,0.82,未发现时间窗内提问数量增加的聚合证据
E288,management_response_vague,false,0.76,未发现明显模糊回复
E288,announcement_contains_uncertainty,false,0.78,未发现公告不确定性提示
E288,event_evidence_strength,0.76,0.92,沿用事件抽取阶段的证据强度评分
E288,event_has_short_term_price_impact,0.68,0.70,基于事件类型的先验市场反应强度，用于规则归纳初始特征
E289,has_policy_support,false,0.88,事件不是政策利好类型
E289,policy_directly_related_to_business,false,0.78,政策原文证据未明确涉及整车主营业务或核心产品
E289,event_mentions_core_product,true,0.88,文本提及核心产品/业务关键词
E289,evidence_from_authoritative_source,false,0.72,来源为腾讯新闻
E289,social_attention_spikes,true,0.82,新闻原文包含可量化或多源关注扩散线索
E289,institutional_attention_increases,false,0.70,文本未出现机构调研或研报线索
E289,investor_questions_increase,false,0.82,未发现时间窗内提问数量增加的聚合证据
E289,management_response_vague,false,0.76,未发现明显模糊回复
E289,announcement_contains_uncertainty,false,0.78,未发现公告不确定性提示
E289,event_evidence_strength,0.76,0.92,沿用事件抽取阶段的证据强度评分
E289,event_has_short_term_price_impact,0.68,0.70,基于事件类型的先验市场反应强度，用于规则归纳初始特征
E290,has_policy_support,false,0.88,事件不是政策利好类型
E290,policy_directly_related_to_business,false,0.78,政策原文证据未明确涉及整车主营业务或核心产品
E290,event_mentions_core_product,true,0.88,文本提及核心产品/业务关键词
E290,evidence_from_authoritative_source,false,0.72,来源为腾讯新闻
E290,social_attention_spikes,true,0.82,新闻原文包含可量化或多源关注扩散线索
E290,institutional_attention_increases,false,0.70,文本未出现机构调研或研报线索
E290,investor_questions_increase,false,0.82,未发现时间窗内提问数量增加的聚合证据
E290,management_response_vague,false,0.76,未发现明显模糊回复
E290,announcement_contains_uncertainty,false,0.78,未发现公告不确定性提示
E290,event_evidence_strength,0.76,0.92,沿用事件抽取阶段的证据强度评分
E290,event_has_short_term_price_impact,0.68,0.70,基于事件类型的先验市场反应强度，用于规则归纳初始特征
E291,has_policy_support,false,0.88,事件不是政策利好类型
E291,policy_directly_related_to_business,false,0.78,政策原文证据未明确涉及整车主营业务或核心产品
E291,event_mentions_core_product,true,0.88,文本提及核心产品/业务关键词
E291,evidence_from_authoritative_source,false,0.72,来源为腾讯新闻
E291,social_attention_spikes,true,0.82,新闻原文包含可量化或多源关注扩散线索
E291,institutional_attention_increases,false,0.70,文本未出现机构调研或研报线索
E291,investor_questions_increase,false,0.82,未发现时间窗内提问数量增加的聚合证据
E291,management_response_vague,false,0.76,未发现明显模糊回复
E291,announcement_contains_uncertainty,false,0.78,未发现公告不确定性提示
E291,event_evidence_strength,0.76,0.92,沿用事件抽取阶段的证据强度评分
E291,event_has_short_term_price_impact,0.68,0.70,基于事件类型的先验市场反应强度，用于规则归纳初始特征
E298,has_policy_support,false,0.88,事件不是政策利好类型
E298,policy_directly_related_to_business,false,0.78,政策原文证据未明确涉及整车主营业务或核心产品
E298,event_mentions_core_product,false,0.74,文本未显式提及核心产品关键词
E298,evidence_from_authoritative_source,true,0.94,来源为巨潮资讯网
E298,social_attention_spikes,false,0.68,单条来源不足以证明关注度显著上升
E298,institutional_attention_increases,false,0.70,文本未出现机构调研或研报线索
E298,investor_questions_increase,false,0.82,未发现时间窗内提问数量增加的聚合证据
E298,management_response_vague,false,0.76,未发现明显模糊回复
E298,announcement_contains_uncertainty,false,0.78,未发现公告不确定性提示
E298,event_evidence_strength,0.88,0.92,沿用事件抽取阶段的证据强度评分
E298,event_has_short_term_price_impact,0.64,0.70,基于事件类型的先验市场反应强度，用于规则归纳初始特征
E299,has_policy_support,false,0.88,事件不是政策利好类型
E299,policy_directly_related_to_business,false,0.78,政策原文证据未明确涉及锂电主营业务或核心产品
E299,event_mentions_core_product,true,0.88,文本提及核心产品/业务关键词
E299,evidence_from_authoritative_source,false,0.72,来源为工业和信息化部
E299,social_attention_spikes,true,0.82,新闻原文包含可量化或多源关注扩散线索
E299,institutional_attention_increases,false,0.70,文本未出现机构调研或研报线索
E299,investor_questions_increase,false,0.82,未发现时间窗内提问数量增加的聚合证据
E299,management_response_vague,false,0.76,未发现明显模糊回复
E299,announcement_contains_uncertainty,false,0.78,未发现公告不确定性提示
E299,event_evidence_strength,0.76,0.92,沿用事件抽取阶段的证据强度评分
E299,event_has_short_term_price_impact,0.68,0.70,基于事件类型的先验市场反应强度，用于规则归纳初始特征
E300,has_policy_support,false,0.88,事件不是政策利好类型
E300,policy_directly_related_to_business,false,0.78,政策原文证据未明确涉及锂电主营业务或核心产品
E300,event_mentions_core_product,true,0.88,文本提及核心产品/业务关键词
E300,evidence_from_authoritative_source,false,0.72,来源为工业和信息化部
E300,social_attention_spikes,true,0.82,新闻原文包含可量化或多源关注扩散线索
E300,institutional_attention_increases,false,0.70,文本未出现机构调研或研报线索
E300,investor_questions_increase,false,0.82,未发现时间窗内提问数量增加的聚合证据
E300,management_response_vague,false,0.76,未发现明显模糊回复
E300,announcement_contains_uncertainty,false,0.78,未发现公告不确定性提示
E300,event_evidence_strength,0.76,0.92,沿用事件抽取阶段的证据强度评分
E300,event_has_short_term_price_impact,0.68,0.70,基于事件类型的先验市场反应强度，用于规则归纳初始特征
E301,has_policy_support,false,0.88,事件不是政策利好类型
E301,policy_directly_related_to_business,false,0.78,政策原文证据未明确涉及锂电主营业务或核心产品
E301,event_mentions_core_product,true,0.88,文本提及核心产品/业务关键词
E301,evidence_from_authoritative_source,false,0.72,来源为工业和信息化部
E301,social_attention_spikes,true,0.82,新闻原文包含可量化或多源关注扩散线索
E301,institutional_attention_increases,false,0.70,文本未出现机构调研或研报线索
E301,investor_questions_increase,false,0.82,未发现时间窗内提问数量增加的聚合证据
E301,management_response_vague,false,0.76,未发现明显模糊回复
E301,announcement_contains_uncertainty,false,0.78,未发现公告不确定性提示
E301,event_evidence_strength,0.76,0.92,沿用事件抽取阶段的证据强度评分
E301,event_has_short_term_price_impact,0.68,0.70,基于事件类型的先验市场反应强度，用于规则归纳初始特征
E302,has_policy_support,false,0.88,事件不是政策利好类型
E302,policy_directly_related_to_business,false,0.78,政策原文证据未明确涉及锂电主营业务或核心产品
E302,event_mentions_core_product,true,0.88,文本提及核心产品/业务关键词
E302,evidence_from_authoritative_source,false,0.72,来源为工业和信息化部
E302,social_attention_spikes,true,0.82,新闻原文包含可量化或多源关注扩散线索
E302,institutional_attention_increases,false,0.70,文本未出现机构调研或研报线索
E302,investor_questions_increase,false,0.82,未发现时间窗内提问数量增加的聚合证据
E302,management_response_vague,false,0.76,未发现明显模糊回复
E302,announcement_contains_uncertainty,false,0.78,未发现公告不确定性提示
E302,event_evidence_strength,0.76,0.92,沿用事件抽取阶段的证据强度评分
E302,event_has_short_term_price_impact,0.68,0.70,基于事件类型的先验市场反应强度，用于规则归纳初始特征
E303,has_policy_support,false,0.88,事件不是政策利好类型
E303,policy_directly_related_to_business,false,0.78,政策原文证据未明确涉及锂电主营业务或核心产品
E303,event_mentions_core_product,true,0.88,文本提及核心产品/业务关键词
E303,evidence_from_authoritative_source,false,0.72,来源为工业和信息化部
E303,social_attention_spikes,true,0.82,新闻原文包含可量化或多源关注扩散线索
E303,institutional_attention_increases,false,0.70,文本未出现机构调研或研报线索
E303,investor_questions_increase,false,0.82,未发现时间窗内提问数量增加的聚合证据
E303,management_response_vague,false,0.76,未发现明显模糊回复
E303,announcement_contains_uncertainty,false,0.78,未发现公告不确定性提示
E303,event_evidence_strength,0.76,0.92,沿用事件抽取阶段的证据强度评分
E303,event_has_short_term_price_impact,0.68,0.70,基于事件类型的先验市场反应强度，用于规则归纳初始特征
E304,has_policy_support,false,0.88,事件不是政策利好类型
E304,policy_directly_related_to_business,false,0.78,政策原文证据未明确涉及锂电主营业务或核心产品
E304,event_mentions_core_product,true,0.88,文本提及核心产品/业务关键词
E304,evidence_from_authoritative_source,false,0.72,来源为工业和信息化部
E304,social_attention_spikes,true,0.82,新闻原文包含可量化或多源关注扩散线索
E304,institutional_attention_increases,false,0.70,文本未出现机构调研或研报线索
E304,investor_questions_increase,false,0.82,未发现时间窗内提问数量增加的聚合证据
E304,management_response_vague,false,0.76,未发现明显模糊回复
E304,announcement_contains_uncertainty,false,0.78,未发现公告不确定性提示
E304,event_evidence_strength,0.76,0.92,沿用事件抽取阶段的证据强度评分
E304,event_has_short_term_price_impact,0.68,0.70,基于事件类型的先验市场反应强度，用于规则归纳初始特征
E305,has_policy_support,false,0.88,事件不是政策利好类型
E305,policy_directly_related_to_business,false,0.78,政策原文证据未明确涉及锂电主营业务或核心产品
E305,event_mentions_core_product,true,0.88,文本提及核心产品/业务关键词
E305,evidence_from_authoritative_source,false,0.72,来源为工业和信息化部
E305,social_attention_spikes,true,0.82,新闻原文包含可量化或多源关注扩散线索
E305,institutional_attention_increases,false,0.70,文本未出现机构调研或研报线索
E305,investor_questions_increase,false,0.82,未发现时间窗内提问数量增加的聚合证据
E305,management_response_vague,false,0.76,未发现明显模糊回复
E305,announcement_contains_uncertainty,false,0.78,未发现公告不确定性提示
E305,event_evidence_strength,0.76,0.92,沿用事件抽取阶段的证据强度评分
E305,event_has_short_term_price_impact,0.68,0.70,基于事件类型的先验市场反应强度，用于规则归纳初始特征
E306,has_policy_support,false,0.88,事件不是政策利好类型
E306,policy_directly_related_to_business,false,0.78,政策原文证据未明确涉及锂电主营业务或核心产品
E306,event_mentions_core_product,true,0.88,文本提及核心产品/业务关键词
E306,evidence_from_authoritative_source,false,0.72,来源为工业和信息化部
E306,social_attention_spikes,true,0.82,新闻原文包含可量化或多源关注扩散线索
E306,institutional_attention_increases,false,0.70,文本未出现机构调研或研报线索
E306,investor_questions_increase,false,0.82,未发现时间窗内提问数量增加的聚合证据
E306,management_response_vague,false,0.76,未发现明显模糊回复
E306,announcement_contains_uncertainty,false,0.78,未发现公告不确定性提示
E306,event_evidence_strength,0.76,0.92,沿用事件抽取阶段的证据强度评分
E306,event_has_short_term_price_impact,0.68,0.70,基于事件类型的先验市场反应强度，用于规则归纳初始特征
E307,has_policy_support,false,0.88,事件不是政策利好类型
E307,policy_directly_related_to_business,false,0.78,政策原文证据未明确涉及锂电主营业务或核心产品
E307,event_mentions_core_product,true,0.88,文本提及核心产品/业务关键词
E307,evidence_from_authoritative_source,false,0.72,来源为工业和信息化部
E307,social_attention_spikes,true,0.82,新闻原文包含可量化或多源关注扩散线索
E307,institutional_attention_increases,false,0.70,文本未出现机构调研或研报线索
E307,investor_questions_increase,false,0.82,未发现时间窗内提问数量增加的聚合证据
E307,management_response_vague,false,0.76,未发现明显模糊回复
E307,announcement_contains_uncertainty,false,0.78,未发现公告不确定性提示
E307,event_evidence_strength,0.76,0.92,沿用事件抽取阶段的证据强度评分
E307,event_has_short_term_price_impact,0.68,0.70,基于事件类型的先验市场反应强度，用于规则归纳初始特征
E308,has_policy_support,false,0.88,事件不是政策利好类型
E308,policy_directly_related_to_business,false,0.78,政策原文证据未明确涉及整车主营业务或核心产品
E308,event_mentions_core_product,true,0.88,文本提及核心产品/业务关键词
E308,evidence_from_authoritative_source,false,0.72,来源为工业和信息化部
E308,social_attention_spikes,true,0.82,新闻原文包含可量化或多源关注扩散线索
E308,institutional_attention_increases,false,0.70,文本未出现机构调研或研报线索
E308,investor_questions_increase,false,0.82,未发现时间窗内提问数量增加的聚合证据
E308,management_response_vague,false,0.76,未发现明显模糊回复
E308,announcement_contains_uncertainty,false,0.78,未发现公告不确定性提示
E308,event_evidence_strength,0.76,0.92,沿用事件抽取阶段的证据强度评分
E308,event_has_short_term_price_impact,0.68,0.70,基于事件类型的先验市场反应强度，用于规则归纳初始特征
E309,has_policy_support,false,0.88,事件不是政策利好类型
E309,policy_directly_related_to_business,false,0.78,政策原文证据未明确涉及整车主营业务或核心产品
E309,event_mentions_core_product,true,0.88,文本提及核心产品/业务关键词
E309,evidence_from_authoritative_source,false,0.72,来源为工业和信息化部
E309,social_attention_spikes,true,0.82,新闻原文包含可量化或多源关注扩散线索
E309,institutional_attention_increases,false,0.70,文本未出现机构调研或研报线索
E309,investor_questions_increase,false,0.82,未发现时间窗内提问数量增加的聚合证据
E309,management_response_vague,false,0.76,未发现明显模糊回复
E309,announcement_contains_uncertainty,false,0.78,未发现公告不确定性提示
E309,event_evidence_strength,0.76,0.92,沿用事件抽取阶段的证据强度评分
E309,event_has_short_term_price_impact,0.68,0.70,基于事件类型的先验市场反应强度，用于规则归纳初始特征
E310,has_policy_support,false,0.88,事件不是政策利好类型
E310,policy_directly_related_to_business,false,0.78,政策原文证据未明确涉及整车主营业务或核心产品
E310,event_mentions_core_product,true,0.88,文本提及核心产品/业务关键词
E310,evidence_from_authoritative_source,false,0.72,来源为工业和信息化部
E310,social_attention_spikes,true,0.82,新闻原文包含可量化或多源关注扩散线索
E310,institutional_attention_increases,false,0.70,文本未出现机构调研或研报线索
E310,investor_questions_increase,false,0.82,未发现时间窗内提问数量增加的聚合证据
E310,management_response_vague,false,0.76,未发现明显模糊回复
E310,announcement_contains_uncertainty,false,0.78,未发现公告不确定性提示
E310,event_evidence_strength,0.76,0.92,沿用事件抽取阶段的证据强度评分
E310,event_has_short_term_price_impact,0.68,0.70,基于事件类型的先验市场反应强度，用于规则归纳初始特征
E311,has_policy_support,false,0.88,事件不是政策利好类型
E311,policy_directly_related_to_business,false,0.78,政策原文证据未明确涉及整车主营业务或核心产品
E311,event_mentions_core_product,true,0.88,文本提及核心产品/业务关键词
E311,evidence_from_authoritative_source,false,0.72,来源为工业和信息化部
E311,social_attention_spikes,true,0.82,新闻原文包含可量化或多源关注扩散线索
E311,institutional_attention_increases,false,0.70,文本未出现机构调研或研报线索
E311,investor_questions_increase,false,0.82,未发现时间窗内提问数量增加的聚合证据
E311,management_response_vague,false,0.76,未发现明显模糊回复
E311,announcement_contains_uncertainty,false,0.78,未发现公告不确定性提示
E311,event_evidence_strength,0.76,0.92,沿用事件抽取阶段的证据强度评分
E311,event_has_short_term_price_impact,0.68,0.70,基于事件类型的先验市场反应强度，用于规则归纳初始特征
E312,has_policy_support,false,0.88,事件不是政策利好类型
E312,policy_directly_related_to_business,false,0.78,政策原文证据未明确涉及整车主营业务或核心产品
E312,event_mentions_core_product,true,0.88,文本提及核心产品/业务关键词
E312,evidence_from_authoritative_source,false,0.72,来源为工业和信息化部
E312,social_attention_spikes,true,0.82,新闻原文包含可量化或多源关注扩散线索
E312,institutional_attention_increases,false,0.70,文本未出现机构调研或研报线索
E312,investor_questions_increase,false,0.82,未发现时间窗内提问数量增加的聚合证据
E312,management_response_vague,false,0.76,未发现明显模糊回复
E312,announcement_contains_uncertainty,false,0.78,未发现公告不确定性提示
E312,event_evidence_strength,0.76,0.92,沿用事件抽取阶段的证据强度评分
E312,event_has_short_term_price_impact,0.68,0.70,基于事件类型的先验市场反应强度，用于规则归纳初始特征
